Symbol,Direction,PValue,Dataset
CDT1,-1,2.67E-06,Discovery
GRHL1,1,1.11E-08,Discovery
CUL5,-1,0.003587182748,Discovery
SELM,1,1.28E-06,Discovery
KDELC2,-1,4.91E-11,Discovery
CTNNB1,-1,4.98E-14,Discovery
BASP1,1,1.33E-06,Discovery
RND1,1,3.06E-09,Discovery
C15orf23,-1,1.31E-06,Discovery
FBXO32,1,3.10E-06,Discovery
CALML4,-1,1.87E-10,Discovery
SPATA7,1,2.20E-07,Discovery
DKFZp434K191,-1,1.42E-10,Discovery
DTNA,1,1.50E-08,Discovery
POLD1,-1,2.54E-08,Discovery
THEX1,-1,1.95E-10,Discovery
CDC42EP2,-1,8.05E-07,Discovery
LOC400451,1,1.74E-08,Discovery
NUP160,-1,1.36E-08,Discovery
TPM4,1,2.91E-10,Discovery
MC1R,1,3.35E-08,Discovery
RAXL1,-1,7.50E-10,Discovery
SPANXA2,1,0.02128694005,Discovery
SEMA3B,1,7.50E-10,Discovery
RBBP4,-1,2.27E-08,Discovery
C14orf80,-1,9.91E-10,Discovery
SMC6,-1,2.48E-05,Discovery
DHCR7,-1,1.31E-07,Discovery
CX3CL1,1,3.12E-06,Discovery
ZMAT3,1,4.62E-09,Discovery
HMGB2,-1,3.02E-06,Discovery
LGALS3BP,1,1.08E-08,Discovery
ITGB2,1,3.37E-06,Discovery
C12orf48,-1,2.09E-09,Discovery
KHDRBS1,-1,6.56E-12,Discovery
CHD1,-1,0.002568140062,Discovery
TIGA1,1,6.60E-11,Discovery
LSM14A,-1,3.00E-05,Discovery
HERC6,1,3.05E-09,Discovery
TMCO3,1,6.98E-09,Discovery
UNC93B1,1,1.12E-08,Discovery
RNF138,-1,6.94E-05,Discovery
RET,1,3.18E-07,Discovery
KIAA1794,-1,3.92E-09,Discovery
COPS2,-1,3.44E-07,Discovery
C1orf41,-1,9.73E-08,Discovery
ANP32C,-1,3.54E-06,Discovery
TMEM159,1,1.76E-05,Discovery
MYLIP,1,1.73E-06,Discovery
METTL7A,-1,7.56E-13,Discovery
RIT1,1,3.79E-07,Discovery
PPP2R3A,-1,1.41E-10,Discovery
GPR87,1,1.20E-09,Discovery
ARSA,1,2.51E-07,Discovery
DNAJC10,-1,1.65E-07,Discovery
MR1,1,3.77E-09,Discovery
ACTR3,-1,1.37E-14,Discovery
CCL20,1,5.86E-05,Discovery
IGSF1,1,3.44E-05,Discovery
SRPK2,1,7.98E-07,Discovery
LDHD,1,1.42E-08,Discovery
SFRS11,-1,1.43E-13,Discovery
STMN1,-1,2.05E-10,Discovery
MBNL2,-1,6.73E-05,Discovery
RAD54L,-1,1.64E-09,Discovery
EBP,-1,7.28E-07,Discovery
CFP,1,4.58E-08,Discovery
RFC3,-1,1.80E-06,Discovery
TP53AP1,1,1.07E-07,Discovery
LOC283537,1,2.29E-08,Discovery
C3orf57,1,7.37E-07,Discovery
NUF2,-1,1.65E-07,Discovery
HIST2H2AA3,1,8.46E-08,Discovery
ROCK2,-1,0.001110002337,Discovery
PHLDA3,1,7.07E-09,Discovery
KLF10,1,1.45E-08,Discovery
FZD6,-1,1.56E-06,Discovery
RFC5,-1,4.11E-08,Discovery
STX3,1,2.76E-09,Discovery
BAG3,1,5.69E-09,Discovery
RAD51,-1,8.43E-07,Discovery
ISG20,1,1.18E-06,Discovery
PPP1R15A,1,1.08E-08,Discovery
C7orf28B,-1,5.70E-13,Discovery
ARRDC4,1,7.00E-07,Discovery
WWOX,-1,1.10E-05,Discovery
RAB31,1,5.61E-06,Discovery
CSRP2,-1,9.36E-10,Discovery
MGC14376,1,9.47E-07,Discovery
GAD1,1,2.40E-07,Discovery
C17orf81,-1,1.43E-08,Discovery
RBM34,-1,6.71E-07,Discovery
IFI27,1,5.29E-11,Discovery
CD151,1,4.45E-06,Discovery
DDIT4,1,0.0004729079557,Discovery
TFDP1,-1,1.09E-08,Discovery
CENPJ,-1,2.02E-07,Discovery
LARGE,1,1.69E-08,Discovery
IL28A,1,8.87E-06,Discovery
MX1,1,4.56E-11,Discovery
TFPI,1,1.22E-09,Discovery
DEK,-1,0.0006386052303,Discovery
LFNG,1,6.17E-07,Discovery
CITED2,1,1.03E-07,Discovery
MCM7,-1,7.48E-08,Discovery
KIAA0101,-1,8.55E-08,Discovery
CDC20,-1,1.53E-08,Discovery
PKP1,-1,9.10E-11,Discovery
STEAP1,-1,2.06E-08,Discovery
TGFBI,1,3.92E-11,Discovery
PARP10,1,4.71E-11,Discovery
AGL,-1,0.0001921097142,Discovery
FAM29A,-1,6.43E-09,Discovery
DHTKD1,-1,1.68E-10,Discovery
TCF3,-1,1.15E-05,Discovery
NDC80,-1,2.04E-06,Discovery
CENPF,-1,1.18E-06,Discovery
DCUN1D4,-1,6.67E-08,Discovery
CHEK1,-1,2.18E-07,Discovery
CYP51A1,-1,1.41E-13,Discovery
ELK4,-1,6.21E-10,Discovery
APOBEC3H,1,3.40E-09,Discovery
RPSA,-1,3.31E-10,Discovery
C4orf14,1,3.76E-08,Discovery
CRTAP,1,4.08E-08,Discovery
RPRM,-1,5.59E-08,Discovery
ERRFI1,1,0.001318161449,Discovery
SKP2,-1,3.76E-08,Discovery
CDK2,-1,2.47E-09,Discovery
IGFBP4,1,4.30E-09,Discovery
MB,1,4.02E-08,Discovery
C14orf106,-1,0.001135743533,Discovery
AMFR,1,1.10E-06,Discovery
CDKN3,-1,4.89E-08,Discovery
NDUFB9,-1,3.42E-09,Discovery
LOC730107,-1,4.46E-13,Discovery
ZNF679,-1,4.09E-10,Discovery
IL8,1,3.40E-09,Discovery
C7orf38,-1,1.17E-06,Discovery
KRT17,1,4.46E-06,Discovery
PLD3,1,4.05E-05,Discovery
IFRD1,-1,5.97E-05,Discovery
HRASLS3,1,2.06E-08,Discovery
ANKRD33,1,7.69E-06,Discovery
HBA1,-1,3.49E-07,Discovery
GABARAPL1,1,2.22E-07,Discovery
SPATA18,1,2.34E-08,Discovery
UBE2V1,-1,5.86E-10,Discovery
PHEX,1,1.98E-10,Discovery
PLCH1,-1,1.51E-07,Discovery
FHL2,1,1.17E-07,Discovery
DDAH1,-1,1.00E-06,Discovery
FBXW7,1,3.22E-12,Discovery
FLJ38973,-1,3.26E-06,Discovery
PAPSS2,1,3.51E-06,Discovery
LOC728069,1,8.09E-06,Discovery
CENPM,-1,9.25E-06,Discovery
LYPD1,1,2.20E-08,Discovery
SIAE,1,2.39E-10,Discovery
QPRT,1,5.39E-05,Discovery
SRPK2,-1,4.89E-12,Discovery
ZNF16,1,2.63E-08,Discovery
CHGA,1,4.66E-06,Discovery
FOS,1,1.79E-06,Discovery
PRLR,1,2.76E-07,Discovery
GUSB,1,7.03E-11,Discovery
DCP2,-1,1.45E-05,Discovery
LRP10,1,3.84E-11,Discovery
RAD51AP1,-1,2.32E-05,Discovery
PPP1R15B,-1,2.33E-11,Discovery
CENPQ,-1,0.0016156429,Discovery
OPN3,1,7.52E-10,Discovery
YTHDC1,1,1.33E-06,Discovery
HLA-A,1,0.0005466618993,Discovery
KCNF1,1,4.45E-10,Discovery
SVIL,1,6.20E-12,Discovery
CHAC2,-1,1.55E-06,Discovery
CSNK1A1L,-1,5.95E-11,Discovery
SYTL2,1,1.91E-05,Discovery
ACTA2,1,4.95E-11,Discovery
CLIC4,-1,2.51E-10,Discovery
MND1,-1,4.97E-07,Discovery
CLCC1,-1,1.86E-09,Discovery
ZC3H12A,1,5.06E-06,Discovery
MAP3K7IP2,-1,1.45E-08,Discovery
OAS1,1,2.89E-07,Discovery
SP110,1,2.45E-08,Discovery
PTPN2,-1,4.66E-09,Discovery
CAST,-1,1.88E-12,Discovery
LMNB1,-1,3.74E-11,Discovery
S100A7A,1,0.006897309106,Discovery
RHOC,1,2.77E-09,Discovery
IFITM2,1,1.36E-10,Discovery
SEPHS1,-1,9.72E-10,Discovery
IL20,1,1.00E-11,Discovery
PBK,-1,2.45E-08,Discovery
EXO1,-1,5.21E-08,Discovery
HLTF,-1,0.003481092693,Discovery
DOC2A,-1,1.72E-07,Discovery
C9orf58,-1,5.95E-08,Discovery
OAS2,1,3.25E-11,Discovery
CHAF1B,-1,9.97E-06,Discovery
UBE2H,1,4.35E-07,Discovery
C9orf95,1,5.49E-09,Discovery
CIRBP,1,1.24E-09,Discovery
C15orf42,-1,7.06E-08,Discovery
OASL,1,2.87E-10,Discovery
UBE1L2,-1,7.55E-05,Discovery
NDUFA7,1,9.14E-10,Discovery
LOC389833,1,8.16E-09,Discovery
ALDH1B1,-1,3.59E-10,Discovery
LSM6,-1,4.82E-11,Discovery
OAS1,1,2.58E-11,Discovery
IBTK,-1,0.0002191201145,Discovery
IFNGR1,1,4.82E-09,Discovery
MST4,-1,0.0005971971625,Discovery
DARS2,-1,1.16E-08,Discovery
PAK2,1,2.00E-14,Discovery
TNFRSF11B,1,2.76E-05,Discovery
CUEDC1,1,3.43E-07,Discovery
ABCE1,-1,3.76E-05,Discovery
DDIT3,1,1.45E-08,Discovery
LOC727922,-1,1.01E-05,Discovery
CYFIP2,1,5.52E-09,Discovery
CCDC14,-1,3.84E-05,Discovery
LRP8,-1,1.15E-09,Discovery
ABCC3,1,3.88E-09,Discovery
CNOT1,-1,8.92E-11,Discovery
RAB24,1,6.60E-09,Discovery
TRIM21,1,1.14E-09,Discovery
ARHGDIB,1,9.58E-09,Discovery
RRM2,-1,1.37E-05,Discovery
SIL1,1,4.49E-08,Discovery
C9orf127,1,1.34E-06,Discovery
UBD,1,1.01E-07,Discovery
SLC3A2,1,1.00E-06,Discovery
SBDS,-1,1.74E-09,Discovery
ZNF93,-1,5.87E-09,Discovery
ZNF581,1,2.98E-09,Discovery
PIP,1,3.25E-09,Discovery
IGSF1,1,9.75E-06,Discovery
HNRPL,-1,4.95E-07,Discovery
MLF1IP,-1,5.96E-06,Discovery
SIVA1,-1,7.17E-08,Discovery
PRELID1,-1,1.14E-06,Discovery
TP53I3,1,3.27E-06,Discovery
C10orf116,1,4.15E-12,Discovery
CADM1,1,2.69E-07,Discovery
USP49,-1,1.85E-08,Discovery
PDGFRL,1,1.61E-12,Discovery
ATP2B4,1,8.86E-05,Discovery
KIAA1333,-1,0.0001858549979,Discovery
CIT,-1,2.84E-08,Discovery
SELENBP1,1,8.89E-08,Discovery
NUCKS1,-1,3.56E-05,Discovery
GLRX2,-1,4.95E-07,Discovery
TUBB2B,1,0.0002842428941,Discovery
AURKA,-1,9.57E-09,Discovery
PURA,-1,1.66E-05,Discovery
AGPAT2,1,2.02E-08,Discovery
SPINK4,1,1.21E-08,Discovery
MCM2,-1,2.06E-09,Discovery
ZNF277P,1,4.32E-06,Discovery
OASL,1,1.17E-07,Discovery
GGH,-1,5.52E-07,Discovery
GAL,-1,1.82E-09,Discovery
IFNB1,1,2.44E-09,Discovery
ARL13B,-1,0.001344387324,Discovery
CXCL2,1,2.86E-05,Discovery
LOC203547,-1,0.0003109495277,Discovery
SMAD3,1,2.05E-07,Discovery
C13orf27,-1,1.57E-06,Discovery
EDN1,1,1.25E-11,Discovery
SYTL2,1,3.42E-06,Discovery
SPANXC,1,0.02377190668,Discovery
FANCC,-1,4.57E-07,Discovery
PRICKLE2,1,2.61E-10,Discovery
SLC25A32,-1,2.39E-12,Discovery
ST3GAL1,1,1.18E-08,Discovery
CDCA5,-1,1.45E-08,Discovery
CSDE1,1,3.79E-07,Discovery
DNAPTP6,1,1.08E-10,Discovery
LAP3,1,3.18E-10,Discovery
SLC7A1,-1,8.34E-08,Discovery
IFIT3,1,2.16E-08,Discovery
CDCA4,-1,4.50E-08,Discovery
NPAL3,1,7.40E-09,Discovery
AURKB,-1,4.48E-09,Discovery
COL16A1,1,4.30E-11,Discovery
LOC139886,-1,4.06E-08,Discovery
TSGA2,1,1.16E-11,Discovery
HDAC11,1,4.33E-08,Discovery
PDE6A,1,2.98E-07,Discovery
TAF5,-1,1.26E-09,Discovery
TOPBP1,-1,6.52E-08,Discovery
FLJ21127,1,9.62E-07,Discovery
PTRH1,1,4.54E-08,Discovery
PSG11,1,6.90E-07,Discovery
ZNF773,-1,1.92E-10,Discovery
UCP2,1,8.08E-10,Discovery
C15orf51,-1,3.92E-11,Discovery
TMEM125,1,5.17E-09,Discovery
INHBB,1,2.84E-08,Discovery
EIF4A2,1,2.17E-09,Discovery
KIF2C,-1,4.48E-09,Discovery
SLC25A33,-1,8.89E-10,Discovery
TOP2A,-1,5.76E-06,Discovery
ZFYVE1,1,8.11E-09,Discovery
INTS2,-1,2.05E-07,Discovery
ZNF462,1,2.37E-07,Discovery
CCDC34,-1,3.86E-08,Discovery
CCDC58,-1,2.60E-10,Discovery
MRPL47,-1,2.22E-13,Discovery
SPATA20,1,2.23E-08,Discovery
IFI6,1,1.51E-08,Discovery
HIPK2,1,1.14E-08,Discovery
TGFB3,-1,3.09E-08,Discovery
PHLDA1,1,8.79E-13,Discovery
ORC5L,-1,1.02E-06,Discovery
TBC1D4,-1,8.45E-08,Discovery
HTR3B,-1,5.31E-12,Discovery
MGC72104,1,0.0001480604694,Discovery
LCMT1,1,1.12E-07,Discovery
DNAJC12,1,2.76E-07,Discovery
ARL5A,-1,0.002532851809,Discovery
HIST1H2BH,-1,4.82E-08,Discovery
ARHGAP19,-1,8.57E-11,Discovery
TNFRSF12A,1,1.68E-10,Discovery
FLJ20273,-1,7.27E-09,Discovery
CXCL12,1,1.10E-10,Discovery
PPID,-1,3.35E-07,Discovery
SCD,-1,5.92E-08,Discovery
LOC729416,-1,2.24E-13,Discovery
TM7SF2,1,3.92E-10,Discovery
STAT1,1,1.37E-14,Discovery
PTPLAD2,-1,2.70E-13,Discovery
SYNPO2L,1,2.34E-11,Discovery
MRPL11,-1,6.66E-11,Discovery
SAMD4A,1,4.91E-11,Discovery
PEX11A,1,1.85E-07,Discovery
SVIL,1,6.85E-07,Discovery
PTPLB,-1,0.0002892801016,Discovery
MKL2,-1,8.26E-07,Discovery
APOA1,1,3.60E-08,Discovery
STAT2,1,1.17E-07,Discovery
CTBP2,1,3.96E-06,Discovery
STAT1,1,2.84E-13,Discovery
ZBTB11,-1,1.42E-07,Discovery
YES1,-1,0.001316288967,Discovery
GTF2H2,-1,1.68E-08,Discovery
TST,1,3.86E-08,Discovery
PARP14,1,1.94E-10,Discovery
SMNDC1,-1,2.19E-06,Discovery
STC2,1,2.01E-10,Discovery
POT1,-1,3.58E-11,Discovery
ZNF14,-1,3.95E-08,Discovery
LCN2,1,1.10E-06,Discovery
C10orf92,1,0.0001833630339,Discovery
RECQL,-1,1.48E-05,Discovery
ITGB3BP,-1,8.27E-05,Discovery
CROT,1,8.99E-08,Discovery
CENPH,-1,1.63E-10,Discovery
C1orf212,-1,2.93E-09,Discovery
KIAA0513,1,1.69E-10,Discovery
TMEM19,-1,1.11E-08,Discovery
CYP1B1,1,5.06E-05,Discovery
HAT1,-1,0.00139499146,Discovery
IGSF9,-1,6.54E-09,Discovery
EFCAB2,-1,2.79E-06,Discovery
GADD45A,1,3.22E-09,Discovery
SAE2,-1,2.18E-12,Discovery
PRIM2A,-1,4.13E-11,Discovery
PCNA,-1,5.54E-09,Discovery
PLEKHO1,-1,2.64E-07,Discovery
ICA1,-1,6.98E-10,Discovery
PRIM1,-1,6.93E-07,Discovery
PDZK1,1,1.94E-05,Discovery
ANXA3,1,1.54E-09,Discovery
CASP6,-1,7.68E-14,Discovery
APEG1,1,4.33E-08,Discovery
DDX20,-1,1.08E-08,Discovery
CAMK2B,1,8.75E-05,Discovery
HIST1H4H,1,3.52E-10,Discovery
PDLIM3,1,0.0002747130063,Discovery
HLA-DMA,1,1.31E-07,Discovery
CCDC99,-1,1.87E-07,Discovery
ASF1B,-1,6.08E-09,Discovery
KIF20A,-1,1.18E-08,Discovery
SMN1,-1,4.98E-05,Discovery
ZFP1,-1,3.13E-09,Discovery
C15orf21,-1,3.12E-16,Discovery
C12orf8,-1,2.18E-08,Discovery
PYGL,1,1.35E-07,Discovery
CYB5D2,1,6.29E-10,Discovery
LOC387934,-1,5.93E-13,Discovery
SFRS2,-1,1.02E-07,Discovery
STOM,1,6.57E-08,Discovery
SLC38A6,-1,1.14E-09,Discovery
TCHP,-1,5.83E-08,Discovery
TGFBRAP1,1,4.29E-06,Discovery
RBM39,-1,1.79E-10,Discovery
USP1,-1,1.37E-06,Discovery
NDRG4,1,1.83E-08,Discovery
DYNLRB2,1,1.54E-09,Discovery
C20orf27,-1,2.14E-09,Discovery
TINF2,1,7.44E-06,Discovery
TXNIP,1,4.16E-07,Discovery
HLA-DRB5,1,8.06E-09,Discovery
G6PD,1,0.000166897987,Discovery
CXorf38,1,2.04E-10,Discovery
CACNG4,1,1.41E-08,Discovery
FAM54A,-1,2.77E-09,Discovery
PHTF2,-1,0.0006308443086,Discovery
MBD3,-1,2.50E-09,Discovery
C4orf27,-1,1.03E-08,Discovery
MATN2,-1,4.19E-07,Discovery
C5orf33,-1,3.86E-09,Discovery
NAP1L1,-1,0.002675932371,Discovery
MSMB,1,2.72E-05,Discovery
TNFRSF10B,1,6.76E-11,Discovery
IFIT1,1,4.83E-08,Discovery
LIN9,-1,8.79E-05,Discovery
NRP1,1,1.26E-08,Discovery
TYRP1,1,3.09E-08,Discovery
RRAGD,1,6.26E-08,Discovery
BNIPL,1,6.09E-08,Discovery
OCIAD2,1,9.36E-09,Discovery
TROAP,-1,5.55E-09,Discovery
ZWILCH,-1,5.21E-09,Discovery
VAT1,1,7.76E-05,Discovery
KIAA1370,1,0.0001206813068,Discovery
SLK,-1,0.007707720131,Discovery
PMS1,-1,9.07E-05,Discovery
SAP30,-1,2.57E-08,Discovery
KCNK6,1,1.75E-08,Discovery
NUP35,-1,7.66E-08,Discovery
ALS2CR2,-1,2.62E-07,Discovery
RARRES3,1,5.16E-08,Discovery
ASCL1,1,4.06E-10,Discovery
IFIT3,1,2.66E-09,Discovery
ZYX,1,9.29E-08,Discovery
KARCA1,1,1.53E-07,Discovery
SYNJ1,-1,7.30E-06,Discovery
RACGAP1,-1,1.25E-08,Discovery
SPIN1,1,5.36E-07,Discovery
TRIM55,1,2.88E-05,Discovery
THUMPD1,-1,6.35E-09,Discovery
IDUA,1,2.53E-08,Discovery
UBE2L6,1,1.49E-08,Discovery
MAP1LC3B,1,2.59E-08,Discovery
CXorf57,-1,6.02E-06,Discovery
PDSS1,-1,1.23E-06,Discovery
FEM1C,-1,1.59E-05,Discovery
HLA-B,1,1.49E-07,Discovery
DYNC1LI1,-1,1.02E-10,Discovery
TBC1D9,1,5.37E-08,Discovery
DKFZp762E1312,-1,1.40E-07,Discovery
FBXO32,1,3.92E-11,Discovery
PHGDH,-1,2.97E-07,Discovery
RPS6KB1,-1,0.03708070812,Discovery
IGSF1,1,0.001356774209,Discovery
ATPBD1C,-1,1.26E-12,Discovery
ACTG1,1,4.92E-08,Discovery
TRIM5,1,4.18E-08,Discovery
TRIM58,1,4.51E-07,Discovery
FLJ10357,1,1.08E-09,Discovery
KRT80,1,3.70E-10,Discovery
NAP1L1,-1,1.42E-10,Discovery
MCM10,-1,1.75E-08,Discovery
RET,1,3.27E-07,Discovery
UGT1A6,1,0.005649042119,Discovery
EIF2AK2,1,5.32E-07,Discovery
COL5A1,1,3.53E-10,Discovery
PPHLN1,-1,3.06E-09,Discovery
KLHL5,1,1.90E-06,Discovery
LIG1,-1,7.88E-06,Discovery
TFPI,1,5.41E-08,Discovery
AGMAT,-1,9.09E-07,Discovery
BTBD15,-1,3.10E-06,Discovery
WDR51A,-1,1.51E-07,Discovery
IFIT1,1,3.34E-15,Discovery
SLC1A5,-1,2.38E-07,Discovery
ANGPTL4,-1,0.0176669117,Discovery
C20orf108,1,1.29E-08,Discovery
EZH2,-1,4.06E-07,Discovery
EHF,1,2.12E-07,Discovery
KPNA2,-1,4.67E-13,Discovery
PDZK1,1,3.14E-08,Discovery
DNTTIP2,-1,6.27E-10,Discovery
IRF1,1,3.53E-10,Discovery
ACAT2,-1,3.10E-08,Discovery
ADM,1,0.0005306819577,Discovery
NOLA1,1,7.06E-07,Discovery
FYCO1,1,1.22E-09,Discovery
GTPBP9,-1,2.33E-11,Discovery
SHCBP1,-1,1.91E-09,Discovery
RUNDC2B,-1,3.39E-10,Discovery
CDCA8,-1,4.62E-08,Discovery
BLM,-1,1.25E-08,Discovery
LOC90624,-1,0.0002108056981,Discovery
PEX11G,1,1.15E-06,Discovery
RPL41,-1,6.22E-09,Discovery
MCL1,1,0.0001044337843,Discovery
BIRC5,-1,1.38E-05,Discovery
EED,-1,4.62E-10,Discovery
CDC2,-1,1.29E-08,Discovery
ANKRA2,1,2.40E-07,Discovery
FBXO5,-1,4.95E-07,Discovery
MYEOV,1,0.001475501673,Discovery
LOC283932,1,1.66E-07,Discovery
TMEM97,-1,6.14E-08,Discovery
CDC25A,-1,6.27E-08,Discovery
YPEL5,1,3.12E-08,Discovery
CELSR2,1,8.73E-07,Discovery
UBE2T,-1,7.67E-11,Discovery
TIMP1,1,2.43E-08,Discovery
CLEC2D,-1,9.68E-12,Discovery
ANXA2,1,1.58E-06,Discovery
MXD3,-1,1.44E-07,Discovery
LCMT1,1,2.92E-09,Discovery
DCDC2,1,1.54E-09,Discovery
MPHOSPH1,-1,0.0001862323187,Discovery
AKAP1,-1,7.96E-09,Discovery
RPS27L,1,2.03E-06,Discovery
CCNB1,-1,1.50E-07,Discovery
NQO2,-1,1.32E-07,Discovery
PSTPIP2,1,3.06E-10,Discovery
AKR1C3,1,0.01180377589,Discovery
FLJ34969,-1,5.20E-07,Discovery
MGC20983,1,1.70E-05,Discovery
PBLD,-1,1.72E-09,Discovery
RPL13A,1,1.64E-07,Discovery
PIAS2,-1,1.24E-08,Discovery
MREG,1,1.34E-08,Discovery
C14orf132,1,1.45E-08,Discovery
PTGES,1,2.00E-08,Discovery
TP53INP1,1,5.80E-10,Discovery
GLCE,-1,3.05E-07,Discovery
CTSD,1,1.35E-08,Discovery
UBE2C,-1,1.15E-09,Discovery
ITGB1,1,1.56E-07,Discovery
CD68,1,1.18E-05,Discovery
LOC644563,-1,8.06E-09,Discovery
ZNF703,-1,1.82E-09,Discovery
HLA-DRB1,1,1.98E-08,Discovery
SCYE1,-1,2.11E-09,Discovery
NUP188,-1,3.72E-08,Discovery
PPIL5,-1,4.40E-09,Discovery
DSN1,-1,4.42E-08,Discovery
ARMCX6,1,2.80E-05,Discovery
ANKRD1,1,2.47E-08,Discovery
CENPE,-1,0.003584935696,Discovery
FOXM1,-1,1.68E-10,Discovery
DTYMK,-1,1.01E-08,Discovery
ENAH,-1,2.58E-05,Discovery
RPL27A,-1,7.32E-11,Discovery
FADS3,1,0.0001332798713,Discovery
OPN3,1,3.31E-10,Discovery
DSTN,1,2.92E-07,Discovery
IGBP1,1,4.75E-06,Discovery
MTMR6,-1,5.91E-07,Discovery
PROCR,1,1.23E-05,Discovery
C9orf100,-1,5.90E-08,Discovery
OPTN,1,2.70E-13,Discovery
C19orf33,1,6.67E-12,Discovery
MGC11102,-1,2.58E-11,Discovery
TRMT11,-1,5.62E-10,Discovery
FLJ22655,-1,5.24E-11,Discovery
BZW1,-1,1.14E-09,Discovery
PARP12,1,9.45E-12,Discovery
C20orf177,-1,6.15E-05,Discovery
CCDC24,1,2.18E-07,Discovery
SMC3,-1,4.35E-05,Discovery
SPHAR,-1,5.31E-09,Discovery
WBSCR27,1,1.21E-08,Discovery
CKS1B,-1,1.05E-08,Discovery
P4HB,1,6.64E-09,Discovery
ECT2,-1,1.39E-05,Discovery
FH,-1,7.92E-10,Discovery
LOC731786,1,6.14E-11,Discovery
SLC27A3,-1,2.62E-08,Discovery
FAM72A,-1,8.00E-11,Discovery
MGC17330,1,1.17E-11,Discovery
C9orf45,-1,1.75E-06,Discovery
CCL2,1,2.31E-06,Discovery
ZFAND3,1,6.13E-09,Discovery
KLF10,1,2.08E-09,Discovery
SFRS12,-1,2.28E-08,Discovery
GMNN,-1,1.03E-10,Discovery
ADSSL1,1,8.50E-07,Discovery
CENPN,-1,4.72E-08,Discovery
C6orf72,1,1.93E-09,Discovery
ZFP36,1,3.73E-08,Discovery
SC4MOL,-1,2.86E-07,Discovery
SP4,-1,4.01E-07,Discovery
PARP10,1,5.99E-07,Discovery
USP6,-1,2.58E-12,Discovery
CTNNAL1,-1,1.69E-08,Discovery
ARMC1,-1,1.45E-05,Discovery
RWDD2,1,4.14E-07,Discovery
TFF1,1,3.86E-07,Discovery
UNG,1,1.56E-05,Discovery
DUS3L,-1,3.49E-06,Discovery
CEL,1,3.62E-08,Discovery
PVALB,-1,7.95E-09,Discovery
BST2,1,5.55E-10,Discovery
HK2,-1,2.21E-09,Discovery
IFI44L,1,3.05E-09,Discovery
LGALS1,1,7.15E-05,Discovery
LIN54,-1,2.28E-06,Discovery
NPEPL1,1,8.50E-10,Discovery
IVD,1,4.22E-12,Discovery
LBR,-1,1.62E-09,Discovery
GRN,1,1.44E-08,Discovery
REV3L,-1,1.65E-05,Discovery
TRIM36,-1,2.14E-06,Discovery
CSNK1E,1,3.31E-07,Discovery
TACC3,-1,1.80E-07,Discovery
RFC4,-1,3.36E-09,Discovery
CLDN1,1,5.51E-10,Discovery
ACAD8,-1,4.54E-15,Discovery
NIN,-1,0.004237395427,Discovery
CD59,1,1.03E-08,Discovery
ZC3HAV1,1,1.18E-08,Discovery
SEC31A,1,6.18E-08,Discovery
TSPAN31,1,7.09E-08,Discovery
CTHRC1,-1,1.16E-08,Discovery
XPO1,-1,4.66E-05,Discovery
PRKCI,-1,1.40E-07,Discovery
HAT1,-1,0.0007960700681,Discovery
CDC25C,-1,9.30E-08,Discovery
B2M,1,2.14E-09,Discovery
GK,-1,2.52E-09,Discovery
DHCR24,-1,7.11E-08,Discovery
GFRA1,1,1.10E-09,Discovery
DHRS2,1,3.34E-15,Discovery
NASP,-1,2.72E-05,Discovery
AMY1C,-1,6.22E-11,Discovery
RPL14,-1,3.56E-10,Discovery
ERCC1,1,7.47E-08,Discovery
THOP1,-1,1.57E-09,Discovery
NACAL,-1,1.88E-07,Discovery
NUSAP1,-1,2.75E-07,Discovery
FANCB,-1,8.11E-09,Discovery
HIST1H3G,-1,0.0003262610074,Discovery
DDX46,-1,3.36E-09,Discovery
C12orf48,-1,1.22E-08,Discovery
RICTOR,-1,0.02279169657,Discovery
TAF6L,-1,2.76E-08,Discovery
OLFML3,1,2.91E-14,Discovery
C1orf112,-1,1.42E-07,Discovery
ZKSCAN1,1,2.75E-10,Discovery
IMPA2,-1,1.40E-07,Discovery
GATA3,1,2.21E-05,Discovery
RAB33B,-1,3.78E-05,Discovery
TNF,1,8.75E-08,Discovery
KIAA1524,-1,1.29E-07,Discovery
SBK1,1,0.004789507314,Discovery
SMC4,-1,0.0001432939452,Discovery
CRAT,-1,3.39E-09,Discovery
PRC1,-1,1.67E-07,Discovery
FAM64A,-1,1.16E-08,Discovery
Septin 7,-1,2.56E-11,Discovery
MSH6,-1,3.04E-08,Discovery
PRR6,-1,9.10E-09,Discovery
NOTCH1,1,3.67E-05,Discovery
C1QTNF6,1,2.92E-09,Discovery
HERC5,1,8.15E-06,Discovery
ZNF644,-1,0.01119927286,Discovery
DTNA,1,4.97E-08,Discovery
RNF39,1,0.000516357794,Discovery
FGFR4,-1,2.72E-09,Discovery
FSTL3,1,1.04E-11,Discovery
SERTAD4,-1,1.15E-09,Discovery
SGOL1,-1,4.52E-10,Discovery
MALT1,-1,2.76E-08,Discovery
AFAP1L2,1,0.0002749878893,Discovery
ORC6L,-1,1.46E-07,Discovery
TXNDC9,-1,0.02105417543,Discovery
MELK,-1,1.53E-08,Discovery
KIAA1618,-1,2.52E-10,Discovery
PARP9,1,5.48E-13,Discovery
CPE,1,2.81E-11,Discovery
SP110,1,3.44E-12,Discovery
ZNF641,1,4.91E-09,Discovery
HMGN3,-1,5.69E-11,Discovery
HIST2H2BE,1,2.45E-05,Discovery
KIAA0101,-1,7.18E-08,Discovery
AGPAT2,1,2.19E-10,Discovery
ID3,1,0.0003406542275,Discovery
CEP152,-1,0.0006610610931,Discovery
RFC2,-1,5.66E-08,Discovery
DUT,-1,3.41E-11,Discovery
HCFC1,-1,2.77E-09,Discovery
PREI3,-1,0.005651376109,Discovery
COL12A1,1,3.14E-09,Discovery
NPNT,1,1.37E-07,Discovery
BUB1B,-1,2.88E-08,Discovery
RP13-15M17.2,-1,1.30E-05,Discovery
DUSP4,1,1.24E-08,Discovery
C1orf19,-1,9.46E-07,Discovery
FRG1,-1,3.06E-09,Discovery
HSPA4,-1,4.91E-11,Discovery
NBN,-1,0.005213090451,Discovery
FLJ11184,-1,1.03E-10,Discovery
TIMELESS,-1,2.08E-09,Discovery
FAM98A,-1,2.04E-09,Discovery
NUDT1,-1,4.62E-11,Discovery
UNG,-1,8.64E-06,Discovery
CNOT8,-1,7.93E-09,Discovery
BUB1,-1,2.88E-08,Discovery
PLK1,-1,9.39E-06,Discovery
FOXN2,-1,0.004145686738,Discovery
CD74,1,3.43E-07,Discovery
TMEM142C,1,5.90E-11,Discovery
C13orf3,-1,2.73E-07,Discovery
MDM2,1,1.48E-08,Discovery
TMEM140,1,7.50E-07,Discovery
UGCG,1,3.17E-08,Discovery
LTB,1,7.65E-11,Discovery
MPDU1,-1,1.87E-05,Discovery
CDCA7,-1,1.85E-08,Discovery
CENPK,-1,5.04E-06,Discovery
BCL6,1,2.54E-06,Discovery
MSH2,-1,3.16E-11,Discovery
ABHD11,1,3.70E-09,Discovery
HGD,1,4.45E-07,Discovery
LOC88523,1,0.001099385378,Discovery
RAD1,-1,4.15E-09,Discovery
LOC124446,1,1.51E-07,Discovery
CDCA3,-1,1.95E-10,Discovery
CENPM,-1,4.30E-09,Discovery
BRCA1,-1,3.62E-08,Discovery
SUMO2,-1,1.14E-08,Discovery
PIGU,-1,2.02E-08,Discovery
CEP27,-1,1.59E-08,Discovery
CMPK,-1,0.000187965097,Discovery
ARHGAP11A,-1,5.70E-09,Discovery
HS2ST1,-1,4.64E-07,Discovery
FLJ20366,1,5.57E-07,Discovery
RBBP8,1,8.79E-13,Discovery
IFIT2,1,5.31E-12,Discovery
HS6ST2,-1,1.46E-07,Discovery
CRELD1,1,3.46E-08,Discovery
PPP1R12A,-1,0.0001564019161,Discovery
ANLN,-1,3.11E-07,Discovery
C15orf29,-1,2.89E-05,Discovery
SLC41A3,1,4.73E-06,Discovery
ELOVL7,-1,3.30E-09,Discovery
POLE,-1,3.22E-12,Discovery
NMU,-1,9.29E-14,Discovery
POLQ,-1,4.39E-07,Discovery
RASD1,1,8.79E-13,Discovery
CCNE2,-1,0.0005050759399,Discovery
KCTD17,1,9.80E-08,Discovery
APBB3,1,2.16E-08,Discovery
APOE,1,1.24E-06,Discovery
MAP3K8,1,1.68E-10,Discovery
RFX5,1,1.12E-06,Discovery
SERINC1,1,3.43E-07,Discovery
CDC7,-1,2.02E-05,Discovery
SMYD3,1,1.01E-05,Discovery
ESPL1,-1,3.01E-09,Discovery
C1orf9,-1,5.27E-12,Discovery
TCEAL1,1,1.74E-09,Discovery
CEP350,-1,0.00883775095,Discovery
BCL2L1,1,2.58E-06,Discovery
OSTF1,1,3.07E-07,Discovery
UAP1,-1,1.22E-09,Discovery
NRP1,1,2.65E-10,Discovery
MKLN1,-1,0.01146576593,Discovery
XAF1,1,2.91E-05,Discovery
SFRS10,-1,1.18E-06,Discovery
TMEM167,-1,5.43E-09,Discovery
SPATA13,1,3.52E-09,Discovery
TGIF1,1,2.88E-08,Discovery
TUBA1A,-1,2.91E-07,Discovery
XRCC6,-1,2.04E-08,Discovery
PHF3,-1,0.0006910154558,Discovery
PIGW,-1,0.0001356171149,Discovery
SLCO4A1,-1,3.52E-10,Discovery
CARD10,-1,4.41E-08,Discovery
IGFL1,1,7.75E-08,Discovery
PTTG2,-1,5.94E-08,Discovery
WDR67,-1,3.83E-08,Discovery
WDSOF1,-1,9.45E-11,Discovery
DNAJB2,1,1.49E-10,Discovery
BECN1,1,9.82E-10,Discovery
RLN2,1,1.43E-05,Discovery
FAM102A,1,7.32E-11,Discovery
ZNFX1,1,3.92E-11,Discovery
DTL,-1,4.44E-07,Discovery
CREM,-1,2.70E-13,Discovery
IFI35,1,1.78E-08,Discovery
OAS3,1,5.90E-11,Discovery
PHF19,-1,6.82E-06,Discovery
SAS10,-1,9.36E-10,Discovery
ISGF3G,1,4.54E-15,Discovery
SERPINA1,1,3.70E-08,Discovery
EVI5,-1,9.94E-11,Discovery
WSB2,-1,3.59E-11,Discovery
SGOL2,-1,0.002714336663,Discovery
C5,-1,7.42E-09,Discovery
PCOLCE2,-1,2.79E-11,Discovery
LOC729843,1,8.23E-10,Discovery
MFSD7,1,2.53E-08,Discovery
CEP55,-1,4.26E-08,Discovery
ITGA2B,-1,2.17E-09,Discovery
DDX39,-1,3.98E-08,Discovery
WSB1,1,0.000797776828,Discovery
CDC2,-1,7.17E-07,Discovery
TSC22D3,1,6.23E-08,Discovery
ZNF714,-1,1.13E-05,Discovery
RPLP0,1,3.20E-08,Discovery
RLN2,1,1.02E-06,Discovery
GRB2,1,6.74E-07,Discovery
ZDHHC9,1,1.74E-08,Discovery
SNAP23,-1,3.53E-09,Discovery
SMC2,-1,5.34E-07,Discovery
RHOU,1,3.02E-07,Discovery
TCEAL3,1,2.95E-06,Discovery
ENSA,-1,7.83E-08,Discovery
ZNF813,-1,1.41E-07,Discovery
DLG7,-1,1.87E-07,Discovery
NOL14,-1,9.34E-09,Discovery
TUBB4Q,-1,2.88E-12,Discovery
EME1,-1,1.09E-08,Discovery
IGFBP5,1,2.25E-13,Discovery
FLJ11286,1,2.66E-09,Discovery
LONRF2,1,6.22E-09,Discovery
PACSIN1,-1,5.93E-07,Discovery
TAP1,1,6.66E-11,Discovery
STARD3NL,-1,2.34E-11,Discovery
RBCK1,1,1.15E-09,Discovery
AP1S1,1,1.21E-05,Discovery
NCAPG,-1,3.04E-06,Discovery
FGF14,1,1.40E-07,Discovery
NUDCD2,-1,2.70E-09,Discovery
BCAS2,-1,1.05E-10,Discovery
CKAP2L,-1,1.44E-08,Discovery
MCTS1,-1,1.43E-13,Discovery
CCNB1IP1,1,7.30E-06,Discovery
DHRS3,1,3.31E-08,Discovery
PTGES3,-1,3.93E-10,Discovery
HLA-DRB4,1,1.19E-07,Discovery
FLNB,1,2.97E-07,Discovery
FUCA1,1,3.70E-09,Discovery
UGT1A6,1,0.01295508422,Discovery
BCL2L12,-1,5.72E-09,Discovery
LAMB2,1,1.16E-07,Discovery
VTCN1,1,3.01E-11,Discovery
CDCA4,-1,2.74E-08,Discovery
PTTG1,-1,3.67E-09,Discovery
SAT1,1,6.86E-10,Discovery
E2F8,-1,1.31E-07,Discovery
SUMF1,1,1.64E-06,Discovery
IFT20,1,2.12E-09,Discovery
MYC,1,6.64E-09,Discovery
RMI1,-1,4.46E-06,Discovery
PLAC1,1,1.44E-11,Discovery
YPEL2,1,1.61E-11,Discovery
C6orf151,-1,9.57E-06,Discovery
TRAK1,1,5.85E-10,Discovery
CRB3,1,2.20E-07,Discovery
TSPO,1,1.57E-07,Discovery
FAT,1,1.18E-05,Discovery
MRPS12,-1,3.07E-06,Discovery
LMCD1,1,5.31E-12,Discovery
IDI1,-1,4.73E-05,Discovery
EIF2AK4,-1,2.52E-08,Discovery
RPL23,-1,8.87E-10,Discovery
GBA,1,1.96E-09,Discovery
AAAS,-1,2.48E-08,Discovery
YBX2,-1,5.67E-08,Discovery
EIF1AX,-1,3.25E-07,Discovery
PCSK1N,1,3.79E-08,Discovery
RPS26,-1,1.74E-05,Discovery
FAM63A,1,3.58E-11,Discovery
JARID1B,1,2.21E-06,Discovery
DACH1,-1,4.67E-08,Discovery
FBXO4,-1,1.64E-08,Discovery
FEN1,-1,3.61E-06,Discovery
C13orf7,-1,4.11E-11,Discovery
WDHD1,-1,1.34E-07,Discovery
EXOSC8,-1,9.90E-09,Discovery
TMED4,1,4.72E-08,Discovery
CKS2,-1,5.47E-11,Discovery
ST6GAL1,1,2.98E-11,Discovery
MXD4,1,7.51E-07,Discovery
NUP62CL,-1,1.78E-08,Discovery
DEPDC6,1,6.19E-14,Discovery
CHTF18,-1,3.35E-07,Discovery
DPP7,1,3.25E-07,Discovery
EIF5B,-1,1.05E-06,Discovery
CLTC,-1,2.66E-11,Discovery
MORN2,1,4.21E-06,Discovery
TXNL1,-1,8.91E-15,Discovery
GPR56,1,1.32E-11,Discovery
S100A7,1,0.00451801097,Discovery
HIST1H1C,1,1.15E-07,Discovery
UBE2H,1,2.62E-09,Discovery
NEIL3,-1,1.74E-08,Discovery
IRX5,1,4.78E-09,Discovery
HCFC1R1,1,7.16E-08,Discovery
STC1,1,7.16E-09,Discovery
C4orf16,-1,0.00329449744,Discovery
DONSON,-1,1.26E-05,Discovery
FAM107B,1,6.99E-05,Discovery
IMPA1,-1,8.95E-06,Discovery
PADI3,1,4.70E-06,Discovery
UGT1A6,1,7.07E-05,Discovery
SLC31A2,1,1.38E-09,Discovery
FAM5C,-1,8.50E-10,Discovery
OIP5,-1,2.56E-06,Discovery
NNT,-1,1.16E-08,Discovery
PISD,1,1.08E-09,Discovery
ATP1B3,-1,2.79E-11,Discovery
SRP9,-1,1.91E-05,Discovery
PTMA,-1,1.25E-13,Discovery
NDUFA5,-1,2.33E-11,Discovery
EPAS1,1,1.00E-07,Discovery
IFI44,1,4.46E-13,Discovery
DNMT1,-1,1.88E-10,Discovery
ZBTB41,-1,0.01586838592,Discovery
PTP4A1,-1,0.002320706914,Discovery
BRIP1,-1,2.27E-07,Discovery
SERHL2,1,2.66E-09,Discovery
GABPB2,-1,2.78E-10,Discovery
PABPC1,1,1.70E-10,Discovery
PIR,-1,1.44E-09,Discovery
C10orf119,-1,2.10E-07,Discovery
C13orf34,-1,1.74E-07,Discovery
FAM35A,-1,4.59E-05,Discovery
C6orf141,1,1.58E-06,Discovery
LOC147804,-1,7.06E-08,Discovery
ORC1L,-1,2.32E-10,Discovery
ZCCHC17,1,4.33E-08,Discovery
C3orf14,-1,6.11E-08,Discovery
TIPIN,-1,1.20E-05,Discovery
C4orf18,1,4.70E-05,Discovery
CSE1L,-1,2.15E-09,Discovery
C1D,-1,2.25E-11,Discovery
DHFRL1,-1,5.92E-07,Discovery
BBS4,1,2.02E-07,Discovery
PLA2G10,1,1.55E-05,Discovery
EIF4EBP2,-1,3.13E-08,Discovery
HLA-F,1,3.79E-08,Discovery
FAM119A,-1,7.83E-08,Discovery
EGR1,1,8.45E-08,Discovery
ATAD2,-1,4.06E-08,Discovery
NEU1,1,2.76E-10,Discovery
IER3IP1,-1,9.57E-09,Discovery
GDF15,1,6.38E-13,Discovery
C6orf173,-1,4.14E-12,Discovery
XCR1,1,2.36E-05,Discovery
DAB2,1,9.28E-09,Discovery
GNPTG,1,8.99E-08,Discovery
LYAR,-1,2.14E-07,Discovery
C3orf10,1,2.02E-08,Discovery
B3GALTL,-1,7.61E-06,Discovery
KIFC1,-1,1.27E-07,Discovery
SACM1L,-1,3.36E-08,Discovery
CARS2,-1,2.24E-07,Discovery
HLA-E,1,3.86E-07,Discovery
PPM1G,1,6.29E-06,Discovery
CCNF,-1,7.41E-10,Discovery
ACY1L2,-1,9.56E-08,Discovery
B4GALT1,1,1.97E-08,Discovery
ZBTB2,-1,2.29E-08,Discovery
HM13,1,2.02E-07,Discovery
AP1S2,-1,1.01E-05,Discovery
C6orf48,1,3.13E-09,Discovery
GLA,1,2.28E-09,Discovery
STOM,1,2.12E-10,Discovery
PKMYT1,-1,6.81E-09,Discovery
KCNK5,1,1.07E-08,Discovery
FLJ32745,-1,3.30E-05,Discovery
RPL13,1,4.27E-07,Discovery
INPP4B,1,4.03E-09,Discovery
AGPAT5,-1,2.09E-07,Discovery
PKIB,1,7.36E-07,Discovery
SPAG5,-1,3.45E-08,Discovery
SNRPD1,-1,8.83E-08,Discovery
CCDC71,1,1.86E-07,Discovery
TCN1,1,3.01E-11,Discovery
EIF4G1,-1,1.74E-08,Discovery
BHLHB2,1,1.14E-06,Discovery
NUDT8,-1,5.03E-07,Discovery
PPIL1,-1,8.79E-13,Discovery
TMPO,-1,2.68E-09,Discovery
TSN,-1,1.11E-13,Discovery
U2AF2,-1,9.61E-10,Discovery
RASGRP1,1,5.34E-11,Discovery
ST8SIA4,1,7.09E-09,Discovery
TXNDC5,1,9.30E-08,Discovery
CBFB,-1,1.79E-06,Discovery
PRKDC,-1,3.92E-07,Discovery
UBE2L6,1,4.54E-08,Discovery
CHRNA5,-1,1.06E-07,Discovery
BTG2,1,6.16E-11,Discovery
MOCS2,1,2.33E-05,Discovery
EPB41L5,1,2.91E-07,Discovery
KLF5,-1,1.20E-07,Discovery
TM4SF1,1,1.09E-09,Discovery
UBE2V2,-1,1.85E-05,Discovery
KRT15,1,1.15E-09,Discovery
WDR74,-1,6.74E-06,Discovery
MTMR4,-1,1.63E-07,Discovery
GTSE1,-1,5.14E-08,Discovery
AMBP,1,0.001292809157,Discovery
TMEM45B,1,3.82E-09,Discovery
MRPL19,-1,5.19E-06,Discovery
C18orf24,-1,2.44E-09,Discovery
KIAA1324,1,2.70E-13,Discovery
MCM4,-1,2.28E-09,Discovery
NOC3L,-1,7.12E-06,Discovery
RRM1,-1,1.62E-07,Discovery
PLOD2,-1,0.0006692176237,Discovery
VRK3,1,8.59E-07,Discovery
NUP54,-1,4.06E-08,Discovery
NPAT,-1,1.52E-05,Discovery
MCART1,-1,3.08E-08,Discovery
FGD3,1,5.89E-10,Discovery
DICER1,-1,0.001963438998,Discovery
MRPS33,1,1.65E-07,Discovery
ZNF395,-1,1.39E-07,Discovery
UTP11L,-1,1.57E-12,Discovery
UBE2NL,-1,3.59E-11,Discovery
NFKBIA,1,2.40E-06,Discovery
CP110,-1,0.0007601990823,Discovery
DKK1,1,1.04E-05,Discovery
CCL5,1,1.42E-05,Discovery
DNAJB9,1,1.25E-07,Discovery
SURB7,-1,2.84E-12,Discovery
H1FX,-1,5.02E-05,Discovery
SERBP1,-1,3.28E-05,Discovery
GBP2,1,1.07E-08,Discovery
CBX3,-1,2.91E-07,Discovery
CFB,1,6.83E-10,Discovery
POLE2,-1,1.20E-08,Discovery
IL24,1,2.21E-09,Discovery
OR5P3,1,6.90E-06,Discovery
PIGP,1,2.53E-08,Discovery
CLUAP1,1,1.74E-09,Discovery
NCAPD2,-1,2.79E-06,Discovery
FLJ35767,1,2.42E-08,Discovery
BCLAF1,-1,0.003772992174,Discovery
FLJ43339,1,9.65E-08,Discovery
SMOX,1,3.77E-05,Discovery
CBFA2T3,1,8.49E-07,Discovery
SLC2A3,-1,0.02355757797,Discovery
BTG1,1,3.21E-09,Discovery
PHF5A,-1,4.02E-06,Discovery
EFNA1,1,1.35E-11,Discovery
NAT9,1,2.18E-09,Discovery
PPIAL4,-1,1.52E-08,Discovery
CHORDC1,-1,1.34E-05,Discovery
TCP1,-1,1.25E-11,Discovery
KRTAP10-11,-1,9.82E-10,Discovery
DCC1,-1,2.79E-06,Discovery
BCAS1,1,6.81E-06,Discovery
LRRC50,1,3.81E-09,Discovery
RBM13,-1,1.53E-08,Discovery
E2F2,-1,1.55E-09,Discovery
STAT1,1,8.14E-15,Discovery
PREX1,1,3.45E-14,Discovery
C9orf106,1,3.63E-06,Discovery
MAD2L1,-1,3.26E-06,Discovery
ZWINT,-1,1.96E-10,Discovery
SLC2A6,1,1.77E-05,Discovery
ERGIC1,1,2.02E-07,Discovery
IL18,-1,4.30E-09,Discovery
KLF9,1,5.59E-05,Discovery
DUXA,-1,4.11E-08,Discovery
TAF9,-1,3.92E-07,Discovery
BUB3,-1,1.17E-07,Discovery
ZNF467,1,3.19E-07,Discovery
ENC1,1,3.22E-07,Discovery
DSCR2,-1,5.92E-07,Discovery
EFHD1,1,3.75E-05,Discovery
UTP18,-1,2.28E-09,Discovery
C11orf51,-1,1.53E-08,Discovery
IRAK1BP1,1,2.30E-08,Discovery
ANKRD43,-1,2.45E-09,Discovery
MYO18A,-1,7.29E-13,Discovery
RRAS,1,3.70E-08,Discovery
SLC25A38,1,3.67E-09,Discovery
DUSP1,1,6.27E-10,Discovery
IFIH1,1,1.20E-11,Discovery
TUFT1,1,1.58E-09,Discovery
WIPI1,1,2.66E-09,Discovery
PGM5,1,1.14E-06,Discovery
SLC7A2,1,2.85E-11,Discovery
SUV39H1,-1,2.40E-07,Discovery
HNRPH2,-1,3.47E-12,Discovery
HMMR,-1,1.31E-05,Discovery
FAM83D,-1,3.58E-08,Discovery
CEBPD,1,2.80E-08,Discovery
ATP8B2,1,3.52E-10,Discovery
KIAA1033,-1,5.62E-06,Discovery
PRR11,-1,9.78E-07,Discovery
OSBPL8,-1,5.39E-05,Discovery
RNASEH2B,-1,1.51E-08,Discovery
DHFR,-1,1.34E-07,Discovery
SSR2,1,1.67E-05,Discovery
PLEKHB1,1,7.45E-08,Discovery
FBXO27,-1,1.31E-07,Discovery
TXNDC12,-1,2.07E-08,Discovery
CD164,-1,6.16E-11,Discovery
CTH,-1,2.24E-09,Discovery
NAT14,1,4.04E-07,Discovery
FZD1,-1,4.00E-07,Discovery
IL24,1,9.48E-09,Discovery
DTX3L,1,6.85E-08,Discovery
CDKN1A,1,1.63E-11,Discovery
TMEM2,1,3.17E-12,Discovery
PBX1,1,3.33E-06,Discovery
RFC3,-1,2.35E-08,Discovery
SPOCD1,1,1.45E-08,Discovery
PRRT3,1,6.04E-07,Discovery
SEPP1,1,2.00E-06,Discovery
NXT2,-1,1.07E-09,Discovery
MTHFD1,-1,1.17E-07,Discovery
SUSD3,1,1.94E-05,Discovery
HTRA2,1,5.43E-09,Discovery
LOC729063,-1,7.31E-08,Discovery
TTRAP,-1,6.17E-13,Discovery
UHRF1,-1,3.68E-08,Discovery
CCNA2,-1,7.52E-09,Discovery
VKORC1,-1,1.46E-09,Discovery
TUBB8,-1,1.88E-10,Discovery
LRRC59,-1,4.57E-10,Discovery
TRIM16,1,1.56E-06,Discovery
TMEM149,-1,1.76E-08,Discovery
GNPNAT1,-1,4.61E-09,Discovery
RAB22A,-1,0.0002439613381,Discovery
SLC43A2,1,4.66E-08,Discovery
CDKN1A,1,1.40E-06,Discovery
ALS2CR14,-1,8.45E-12,Discovery
PRIC285,1,1.22E-12,Discovery
SPSB2,1,1.28E-09,Discovery
CITED4,1,6.53E-07,Discovery
HEATR1,-1,6.67E-10,Discovery
NUDT18,1,1.31E-10,Discovery
CXCL1,1,4.15E-05,Discovery
HSH2D,1,6.09E-10,Discovery
TTK,-1,1.86E-07,Discovery
RAB13,1,7.40E-07,Discovery
KCNK15,1,1.63E-11,Discovery
AMD1,-1,1.18E-07,Discovery
PHIP,-1,0.002057289575,Discovery
PSIP1,-1,9.12E-09,Discovery
MAS1,1,1.21E-06,Discovery
SERPINA3,1,3.13E-11,Discovery
DOCK8,-1,2.68E-08,Discovery
PLK4,-1,7.52E-07,Discovery
SERF2,1,3.03E-09,Discovery
OBFC1,1,2.53E-08,Discovery
FAM122B,-1,8.47E-10,Discovery
NUAK2,1,4.00E-09,Discovery
ZNF217,1,3.02E-06,Discovery
FLJ25416,-1,1.17E-07,Discovery
NUPR1,1,1.73E-08,Discovery
RAB26,1,6.16E-11,Discovery
C16orf75,-1,1.48E-08,Discovery
DHRS13,-1,1.15E-06,Discovery
XPC,1,2.29E-08,Discovery
MSMB,1,1.21E-06,Discovery
FLJ20105,-1,4.15E-08,Discovery
SKP2,-1,8.05E-07,Discovery
YPEL3,1,3.11E-05,Discovery
HSPB8,1,1.14E-05,Discovery
LOC401052,1,6.22E-11,Discovery
CXCL12,1,3.22E-15,Discovery
LOC731809,-1,3.12E-16,Discovery
CEP57,-1,7.41E-07,Discovery
TUBB3,1,2.84E-07,Discovery
CXCL10,1,2.97E-05,Discovery
C12orf5,1,3.52E-10,Discovery
SIDT2,1,4.98E-09,Discovery
EML2,1,0.0002430801378,Discovery
PAPPA2,1,4.06E-06,Discovery
UQCRH,-1,2.08E-15,Discovery
TRIM4,-1,8.51E-10,Discovery
STAG1,-1,2.95E-07,Discovery
TPX2,-1,1.94E-08,Discovery
CAMSAP1L1,-1,0.003139832351,Discovery
LOC201725,-1,1.99E-09,Discovery
FLJ43870,-1,2.50E-08,Discovery
ESCO2,-1,9.20E-08,Discovery
MOBKL1A,-1,8.96E-06,Discovery
JAK1,1,9.09E-09,Discovery
INSIG1,-1,7.93E-09,Discovery
SERPINB5,1,9.77E-09,Discovery
SCAND1,1,6.96E-08,Discovery
EXT1,1,5.22E-09,Discovery
SHFM1,-1,7.97E-11,Discovery
KIF11,-1,2.73E-08,Discovery
GAMT,1,2.54E-07,Discovery
DNMT3B,-1,7.09E-09,Discovery
GPR137B,1,3.06E-09,Discovery
THRSP,1,1.06E-09,Discovery
UBTD1,1,3.46E-07,Discovery
ABCA4,1,1.10E-05,Discovery
FLJ20035,1,5.98E-11,Discovery
CAMK1D,1,4.82E-09,Discovery
ADI1,-1,0.0002077972035,Discovery
GRHL1,-1,6.05E-10,Discovery
C21orf57,1,3.19E-08,Discovery
C4orf19,1,3.47E-07,Discovery
AFTPH,-1,1.05E-13,Discovery
MMP9,-1,2.70E-07,Discovery
CLIC3,1,2.06E-08,Discovery
PRSS8,1,1.91E-05,Discovery
GRINA,1,2.43E-05,Discovery
HNRPA2B1,-1,3.06E-09,Discovery
TRIP13,-1,6.79E-09,Discovery
SPAST,-1,0.001432678262,Discovery
DDX58,1,3.52E-12,Discovery
DUSP3,1,1.83E-06,Discovery
MYO1B,1,2.87E-06,Discovery
NFAT5,1,1.22E-09,Discovery
SUZ12,-1,0.02036268599,Discovery
HIST2H4A,1,7.04E-05,Discovery
IRF7,1,3.92E-11,Discovery
E2F7,-1,3.93E-09,Discovery
PAPOLA,-1,7.97E-06,Discovery
CXCR7,1,1.82E-09,Discovery
IDS,-1,5.72E-09,Discovery
MCM8,-1,2.10E-10,Discovery
GLS,1,3.59E-07,Discovery
NUDT21,-1,1.50E-07,Discovery
MOSC1,-1,4.38E-09,Discovery
FDXR,1,9.57E-09,Discovery
DNAJC9,-1,3.46E-08,Discovery
KIF4A,-1,4.55E-08,Discovery
ARMCX3,1,3.09E-06,Discovery
ATF3,1,2.36E-09,Discovery
NPY1R,1,5.80E-09,Discovery
ARS2,-1,1.48E-06,Discovery
HMOX1,1,0.0001073042742,Discovery
BBS1,1,3.78E-09,Discovery
VBP1,-1,0.0006477757568,Discovery
BRI3BP,-1,6.49E-05,Discovery
SESN1,1,5.19E-10,Discovery
E2F1,-1,6.44E-08,Discovery
RFTN1,1,2.58E-08,Discovery
RPL37,1,1.28E-05,Discovery
RGS16,1,0.0004993184303,Discovery
FAIM,-1,2.42E-08,Discovery
SPN,-1,1.04E-09,Discovery
GSN,1,1.77E-09,Discovery
S100P,1,3.70E-08,Discovery
IFITM1,1,4.57E-10,Discovery
CENPA,-1,9.68E-08,Discovery
UCHL5IP,-1,4.05E-11,Discovery
COQ3,-1,9.92E-09,Discovery
YEATS4,-1,1.76E-07,Discovery
CROP,-1,2.83E-09,Discovery
SLC26A2,1,1.07E-07,Discovery
RABAC1,1,5.30E-06,Discovery
CCDC109B,-1,3.06E-09,Discovery
PSG9,1,1.15E-09,Discovery
MYO16,1,2.46E-08,Discovery
PPIH,-1,3.78E-08,Discovery
ATF1,-1,5.67E-08,Discovery
CCNB2,-1,5.03E-08,Discovery
THOC1,-1,2.92E-07,Discovery
RHOB,1,2.29E-08,Discovery
PTTG1IP,1,1.58E-09,Discovery
SLC36A4,-1,8.94E-06,Discovery
C11orf58,-1,2.25E-09,Discovery
DEPDC1,-1,2.70E-06,Discovery
CBWD3,-1,1.93E-09,Discovery
DNAJC12,1,6.53E-07,Discovery
TMC4,1,3.13E-12,Discovery
MVP,1,1.09E-10,Discovery
C9orf114,-1,3.47E-06,Discovery
C3orf28,-1,2.20E-11,Discovery
ADA,1,1.46E-06,Discovery
ARTN,1,6.63E-11,Discovery
CAPZA1,-1,3.22E-15,Discovery
POLD4,1,6.10E-11,Discovery
MAG,1,1.33E-08,Discovery
CXCL12,1,1.65E-10,Discovery
TSPAN15,1,4.39E-10,Discovery
CETN3,-1,1.92E-07,Discovery
ATP11C,-1,8.27E-08,Discovery
MSI2,1,4.28E-06,Discovery
HOMER1,-1,7.06E-07,Discovery
C12orf23,-1,1.14E-06,Discovery
THBS3,1,3.41E-05,Discovery
ABAT,1,2.34E-11,Discovery
C15orf48,1,1.16E-08,Discovery
CD24,1,4.30E-09,Discovery
IFITM3,1,2.52E-11,Discovery
ANKRD32,-1,3.07E-08,Discovery
TK1,-1,5.69E-10,Discovery
TYMS,-1,6.65E-08,Discovery
ACADVL,1,4.19E-06,Discovery
MESP1,1,6.50E-09,Discovery
MCM3,-1,2.68E-08,Discovery
C14orf145,-1,2.05E-08,Discovery
NICN1,1,1.66E-07,Discovery
STIL,-1,4.95E-08,Discovery
CYP1A1,1,9.68E-12,Discovery
ALDH1A3,1,2.98E-11,Discovery
ZNF394,1,3.52E-10,Discovery
FAM33A,-1,2.03E-08,Discovery
KIF14,-1,7.93E-07,Discovery
CDC45L,-1,1.18E-09,Discovery
DUSP4,1,2.88E-08,Discovery
TMEM180,-1,2.42E-06,Discovery
LOC731049,-1,2.04E-08,Discovery
UGT2B17,1,2.48E-10,Discovery
HMG1L1,-1,2.19E-12,Discovery
KIF15,-1,2.27E-08,Discovery
VAMP5,1,3.27E-09,Discovery
HSD17B14,1,2.78E-07,Discovery
GINS2,-1,2.65E-07,Discovery
NDRG1,-1,0.001884563193,Discovery
PLA2G4C,1,1.18E-12,Discovery
ASRGL1,-1,1.80E-07,Discovery
OAS2,1,3.81E-10,Discovery
FER1L3,1,8.43E-10,Discovery
RHOQ,1,1.41E-06,Discovery
FANCD2,-1,9.14E-11,Discovery
RNASEH2A,-1,2.37E-07,Discovery
SBEM,1,3.45E-09,Discovery
PGR,1,2.79E-06,Discovery
CXorf39,-1,5.95E-08,Discovery
RELB,1,5.66E-07,Discovery
TFF3,1,2.05E-10,Discovery
KIF23,-1,2.18E-08,Discovery
GRN,1,4.25E-08,Discovery
KRTHB6,1,2.15E-09,Discovery
PIP5K2B,-1,7.52E-09,Discovery
DDR1,1,1.89E-07,Discovery
CYP26B1,1,1.51E-07,Discovery
WISP2,1,3.65E-07,Discovery
AHR,-1,6.16E-10,Discovery
C2orf18,1,3.36E-09,Discovery
CALML4,-1,4.06E-10,Discovery
EIF1AX,-1,7.77E-07,Discovery
LOC728554,-1,5.32E-06,Discovery
ISG15,1,1.82E-15,Discovery
HIST1H2BK,1,8.34E-08,Discovery
C4orf18,1,5.59E-06,Discovery
MGC59937,1,5.69E-07,Discovery
MDC1,-1,2.60E-06,Discovery
SPC25,-1,8.00E-11,Discovery
DEPDC1B,-1,2.14E-08,Discovery
HCG9,-1,2.11E-06,Discovery
UBAP2L,1,8.21E-08,Discovery
NINJ1,1,6.83E-10,Discovery
MCM5,-1,3.12E-08,Discovery
ASPM,-1,3.24E-05,Discovery
SDC1,1,1.50E-06,Discovery
TMEM136,1,3.50E-08,Discovery
ITPR3,-1,1.73E-05,Discovery
ZNF223,-1,8.45E-12,Discovery
SERINC3,1,7.07E-08,Discovery
ATP2A2,-1,1.79E-07,Discovery
EIF5,-1,5.84E-05,Discovery
SOX4,1,2.96E-09,Discovery
C11orf59,1,2.33E-11,Discovery
TSPAN6,1,0.7468072671,GSE120805
DPM1,1,0.9699296317,GSE120805
SCYL3,-1,0.8681774261,GSE120805
FIRRM,-1,0.6416443687,GSE120805
FGR,1,NA,GSE120805
CFH,1,0.1415950656,GSE120805
FUCA2,-1,0.8818070718,GSE120805
GCLC,-1,0.3541877961,GSE120805
NFYA,-1,0.1737092133,GSE120805
STPG1,1,0.01333569899,GSE120805
NIPAL3,1,1.04E-08,GSE120805
LAS1L,-1,0.8439983965,GSE120805
ENPP4,1,0.0326928966,GSE120805
SEMA3F,-1,0.7185324017,GSE120805
CFTR,1,NA,GSE120805
ANKIB1,1,0.2063602229,GSE120805
CYP51A1,-1,0.007505512515,GSE120805
KRIT1,1,0.6463779995,GSE120805
RAD52,1,0.0005687035715,GSE120805
BAD,1,0.1330436747,GSE120805
LAP3,-1,0.941464716,GSE120805
CD99,-1,0.1477347102,GSE120805
HS3ST1,-1,NA,GSE120805
WNT16,1,NA,GSE120805
HECW1,1,0.6244983426,GSE120805
MAD1L1,1,0.3906289054,GSE120805
LASP1,-1,0.6359171034,GSE120805
SNX11,-1,0.3396828034,GSE120805
M6PR,-1,0.4159489359,GSE120805
KLHL13,-1,0.9305820607,GSE120805
CYP26B1,-1,0.879041159,GSE120805
ICA1,1,0.133402397,GSE120805
DBNDD1,1,0.4114349243,GSE120805
ALS2,1,0.1513982154,GSE120805
CASP10,1,0.001829100604,GSE120805
CFLAR,1,0.0002088453209,GSE120805
TFPI,-1,0.4827306012,GSE120805
NDUFAF7,-1,0.9960939277,GSE120805
RBM5,1,0.008521253524,GSE120805
MTMR7,-1,0.9346684462,GSE120805
SLC7A2,-1,3.52E-11,GSE120805
ARF5,-1,0.7203040253,GSE120805
SARM1,1,0.7786043535,GSE120805
POLDIP2,-1,0.1326046826,GSE120805
PLXND1,-1,3.45E-05,GSE120805
AK2,-1,3.27E-07,GSE120805
CD38,1,0.645477978,GSE120805
FKBP4,-1,0.8294622294,GSE120805
KDM1A,-1,0.05795040113,GSE120805
RBM6,1,0.6248574752,GSE120805
CAMKK1,-1,1.13E-05,GSE120805
RECQL,1,0.5374134116,GSE120805
VPS50,1,0.3061222105,GSE120805
HSPB6,1,0.8807658703,GSE120805
ARHGAP33,-1,0.9266199449,GSE120805
NDUFAB1,1,0.9934967185,GSE120805
PDK4,1,0.01671010613,GSE120805
ZMYND10,1,0.1140811529,GSE120805
ABCB5,-1,NA,GSE120805
SLC25A13,-1,0.01658011067,GSE120805
ST7,-1,0.01913161137,GSE120805
ST7-OT3,-1,0.01913161137,GSE120805
CDC27,1,0.001877354363,GSE120805
SLC4A1,-1,NA,GSE120805
HCCS,-1,0.244027289,GSE120805
DVL2,-1,0.8650638114,GSE120805
PRSS22,1,NA,GSE120805
UPF1,1,0.7594881057,GSE120805
SKAP2,1,0.1575691425,GSE120805
SLC25A5,-1,0.04119637332,GSE120805
MCUB,-1,0.6162257079,GSE120805
HOXA11,-1,0.9406179793,GSE120805
POLR2J,1,0.9552336799,GSE120805
DHX33,-1,0.006431460502,GSE120805
MEOX1,-1,0.7277926343,GSE120805
THSD7A,1,0.02965452714,GSE120805
LIG3,-1,0.0002917830004,GSE120805
RPAP3,-1,0.9860274922,GSE120805
ACSM3,1,0.1266634173,GSE120805
REXO5,1,0.3939782138,GSE120805
CIAPIN1,1,0.9117704069,GSE120805
SPPL2B,1,0.1034331108,GSE120805
ATOSB,1,0.01825918038,GSE120805
COPZ2,-1,0.7781302129,GSE120805
PRKAR2B,1,0.8974517982,GSE120805
MSL3,-1,8.63E-06,GSE120805
CREBBP,-1,0.9934967185,GSE120805
TSPOAP1,1,0.004717309837,GSE120805
PON1,1,NA,GSE120805
GCFC2,1,0.9341745685,GSE120805
WDR54,-1,0.00156421039,GSE120805
CROT,1,1.28E-06,GSE120805
ABCB4,-1,0.2985689916,GSE120805
KMT2E,-1,0.838275165,GSE120805
RHBDD2,1,0.8905081854,GSE120805
IBTK,1,0.9846637157,GSE120805
ZNF195,1,0.8446602474,GSE120805
MYCBP2,-1,0.6967032154,GSE120805
FBXL3,1,0.9689958598,GSE120805
ITGAL,1,NA,GSE120805
PDK2,1,0.00238965532,GSE120805
ITGA3,-1,0.01167772591,GSE120805
ZFX,-1,0.8987291392,GSE120805
LAMP2,-1,0.5385019321,GSE120805
ITGA2B,1,0.0006574126688,GSE120805
GDE1,1,0.3407977331,GSE120805
REX1BD,-1,0.4186638417,GSE120805
CRLF1,-1,0.03000260156,GSE120805
OSBPL7,1,0.2005997278,GSE120805
YBX2,1,0.9997991726,GSE120805
MAP3K14,-1,0.1885446054,GSE120805
TMEM132A,1,0.8421543899,GSE120805
AP2B1,-1,0.8843635656,GSE120805
ZNF263,-1,0.8852819621,GSE120805
CX3CL1,1,0.1220767909,GSE120805
SPATA20,1,0.0003217641936,GSE120805
CACNA1G,1,0.04662237934,GSE120805
TNFRSF12A,-1,0.9101785057,GSE120805
DLX6,-1,0.8243432988,GSE120805
MAP3K9,1,0.05638331511,GSE120805
RALA,-1,0.6016868179,GSE120805
BAIAP2L1,-1,0.1699334516,GSE120805
KDM7A,1,0.781037534,GSE120805
ETV1,1,0.01737143067,GSE120805
AGK,-1,0.02197218985,GSE120805
ALDH3B1,1,0.9667119551,GSE120805
TTC22,1,NA,GSE120805
PHTF2,1,0.9768356456,GSE120805
CCL26,1,0.5546492798,GSE120805
FARP2,-1,0.3663934793,GSE120805
USH1C,1,NA,GSE120805
GGCT,-1,0.4112065782,GSE120805
DBF4,1,0.8195113152,GSE120805
TBXA2R,-1,0.9699506494,GSE120805
IFRD1,-1,0.9738729639,GSE120805
COX10,-1,0.5747458561,GSE120805
GTF2IRD1,-1,0.9536575329,GSE120805
PAF1,-1,0.9529833121,GSE120805
VPS41,1,0.001187555016,GSE120805
ARHGAP44,-1,0.5549352882,GSE120805
ELAC2,-1,0.02846962477,GSE120805
SCIN,-1,0.9097291844,GSE120805
ARSD,1,5.92E-10,GSE120805
PNPLA4,1,7.63E-05,GSE120805
ADIPOR2,1,0.2626980483,GSE120805
CDKL3,1,0.01812366546,GSE120805
MARK4,1,0.8590720312,GSE120805
PROM1,1,NA,GSE120805
CCDC124,-1,0.7694560933,GSE120805
PAFAH1B1,1,0.2520492786,GSE120805
NOS2,-1,NA,GSE120805
DNAH9,1,NA,GSE120805
BLTP2,1,0.9030409242,GSE120805
GAS7,-1,NA,GSE120805
TRAPPC6A,1,0.0009163664934,GSE120805
MATK,1,NA,GSE120805
CD79B,1,0.00130056132,GSE120805
SCN4A,-1,NA,GSE120805
ST7L,1,0.6581668751,GSE120805
TKTL1,-1,NA,GSE120805
PAX6,-1,0.6640368495,GSE120805
RPUSD1,-1,0.5006514696,GSE120805
RHBDF1,1,0.1474349765,GSE120805
LUC7L,-1,0.4577260702,GSE120805
CACNA2D2,1,0.6665701364,GSE120805
BAIAP3,1,0.5244627072,GSE120805
TSR3,-1,0.9099210486,GSE120805
PIGQ,1,0.1004357237,GSE120805
CRAMP1,1,0.9980039507,GSE120805
TEAD3,1,0.9661189853,GSE120805
SELE,1,NA,GSE120805
DNAJC11,-1,0.4826106625,GSE120805
MYLIP,1,0.4208200533,GSE120805
E2F2,-1,0.1055670235,GSE120805
PSMB1,1,0.8110199743,GSE120805
SYN1,-1,NA,GSE120805
JARID2,-1,0.08009838314,GSE120805
CDKL5,1,0.9679541892,GSE120805
CAMK1G,1,NA,GSE120805
CDK11A,-1,0.9751228223,GSE120805
NADK,-1,0.5664403089,GSE120805
DLEC1,1,0.006800342217,GSE120805
CYTH3,-1,0.05475468686,GSE120805
ADAM22,1,0.03387072291,GSE120805
SYPL1,-1,0.8715903935,GSE120805
CYB561,1,0.2344737674,GSE120805
SPAG9,1,1.52E-11,GSE120805
CELSR3,-1,0.7485280099,GSE120805
AASS,1,0.7311761692,GSE120805
PLEKHG6,1,1.18E-07,GSE120805
SS18L2,-1,0.1943674225,GSE120805
MPND,1,0.429253182,GSE120805
MGST1,-1,0.02512620626,GSE120805
CRY1,1,0.4724945297,GSE120805
NFIX,-1,0.8156484726,GSE120805
ST3GAL1,-1,5.23E-16,GSE120805
MMP25,1,0.999335329,GSE120805
IL32,-1,0.8935225789,GSE120805
PKD1,-1,0.7983293186,GSE120805
MAPK8IP2,1,0.628552169,GSE120805
MED24,1,0.9239353179,GSE120805
RHOBTB2,-1,0.9357314573,GSE120805
HEATR5B,1,0.002339216102,GSE120805
SEC62,1,0.5478576873,GSE120805
RPS20,-1,0.9685965039,GSE120805
CSDE1,1,0.8099180122,GSE120805
UBE3C,1,0.9110585514,GSE120805
REV3L,-1,0.945684327,GSE120805
TENM1,-1,0.7278320585,GSE120805
MASP2,1,NA,GSE120805
FAM76A,-1,0.09044515676,GSE120805
TRAF3IP3,1,NA,GSE120805
POMT2,-1,0.1699946493,GSE120805
VTA1,-1,0.9346684462,GSE120805
MLXIPL,1,NA,GSE120805
BAZ1B,-1,0.1894430526,GSE120805
RANBP9,1,0.2665011894,GSE120805
ETV7,1,2.45E-19,GSE120805
SPRTN,1,0.05056616012,GSE120805
METTL13,-1,0.04867613109,GSE120805
DYRK4,-1,0.3091510136,GSE120805
ZNF207,1,0.9552336799,GSE120805
UQCRC1,1,0.821250569,GSE120805
STARD3NL,1,0.964443069,GSE120805
CD9,1,0.01100554778,GSE120805
HHATL,1,NA,GSE120805
NCAPD2,1,0.4034796841,GSE120805
IFFO1,1,0.005136217416,GSE120805
GIPR,1,0.007132211774,GSE120805
PHF7,1,5.97E-07,GSE120805
SEMA3G,1,1.08E-07,GSE120805
NISCH,1,0.02477170112,GSE120805
STAB1,1,0.8579832867,GSE120805
FUZ,1,0.7766397782,GSE120805
SLC6A13,1,0.6473323579,GSE120805
IDS,-1,0.9294733409,GSE120805
PRSS3,1,NA,GSE120805
ZNF200,-1,0.9699296317,GSE120805
CD4,1,0.1517392317,GSE120805
LRRC23,1,0.5885591152,GSE120805
BTK,1,0.426027627,GSE120805
HFE,1,7.09E-06,GSE120805
SCMH1,-1,0.9197482453,GSE120805
FYN,1,0.5693522576,GSE120805
HIVEP2,-1,0.907421122,GSE120805
ELOA,-1,0.9589197089,GSE120805
LYPLA2,1,0.3945360032,GSE120805
CLCN6,-1,0.7625363061,GSE120805
MRC2,-1,0.2407454154,GSE120805
SLC6A7,-1,NA,GSE120805
TSPAN9,1,0.2725447704,GSE120805
BTBD7,-1,0.2634934178,GSE120805
APBA3,1,0.7943746546,GSE120805
MKS1,1,0.03327069236,GSE120805
ABHD5,-1,0.8475284437,GSE120805
AKAP8L,1,3.03E-05,GSE120805
MBTD1,1,0.5142905321,GSE120805
UTP18,-1,0.1458015587,GSE120805
RNF216,-1,0.7173595587,GSE120805
TTC19,1,0.800447177,GSE120805
PTBP1,-1,0.2292457399,GSE120805
DPF1,-1,0.6753624322,GSE120805
SYT7,-1,0.9463134717,GSE120805
LARS2,-1,0.4432460027,GSE120805
PIK3C2A,1,0.834757345,GSE120805
PLAUR,1,0.5532568018,GSE120805
ANLN,1,0.00763285371,GSE120805
WIZ,-1,0.9465860754,GSE120805
RABGAP1,1,0.04118114605,GSE120805
DCN,-1,0.5324722034,GSE120805
QPCTL,-1,0.2706535455,GSE120805
PPP5C,-1,0.08763623157,GSE120805
CEP68,1,0.001056851499,GSE120805
MAP4K3,1,0.8026235163,GSE120805
LDAF1,1,0.9625103595,GSE120805
GABRA3,-1,5.46E-06,GSE120805
BRCA1,1,0.8892802487,GSE120805
ERCC1,-1,0.02574835929,GSE120805
CD22,1,NA,GSE120805
SEMA3B,1,0.438529248,GSE120805
MBTPS2,-1,0.7075337698,GSE120805
PRICKLE3,1,0.8301177714,GSE120805
LTF,1,0.3654547772,GSE120805
EXTL3,1,0.9651980112,GSE120805
NR1H4,1,NA,GSE120805
ELOVL5,-1,0.04692179164,GSE120805
KDM5D,1,0.1842106645,GSE120805
CALCOCO1,1,5.58E-09,GSE120805
UBR7,-1,0.2050773797,GSE120805
MAP4K5,-1,0.4316588796,GSE120805
EHD3,-1,0.2460449646,GSE120805
PSMC4,1,0.4607583384,GSE120805
MAN2B2,1,0.9798016825,GSE120805
SLC7A14,-1,NA,GSE120805
CLDN11,1,0.7943746546,GSE120805
SLC25A39,-1,0.8999810228,GSE120805
MVP,1,0.421392471,GSE120805
NUB1,1,3.44E-06,GSE120805
PGM3,-1,0.526193091,GSE120805
RWDD2A,-1,0.9313930472,GSE120805
CLK1,1,0.1642735562,GSE120805
POLR3B,-1,3.74E-05,GSE120805
ANGEL1,1,0.7886931317,GSE120805
RNF14,1,0.9253098291,GSE120805
DNASE1L1,1,0.3663934793,GSE120805
DDX11,-1,0.1757796977,GSE120805
HEBP1,1,0.6414200622,GSE120805
GPRC5A,1,0.3471354564,GSE120805
MAMLD1,-1,0.1366053356,GSE120805
CD6,-1,NA,GSE120805
TACC3,1,0.6585307826,GSE120805
UFL1,1,0.06615273723,GSE120805
POLA2,1,0.7783506049,GSE120805
ZC3H3,-1,0.961815648,GSE120805
CAPN1,1,0.6014956493,GSE120805
MDH1,1,0.2398918775,GSE120805
SLC30A9,1,0.425668921,GSE120805
MTMR11,1,0.5884569047,GSE120805
COX15,-1,0.7882581827,GSE120805
CCDC88C,-1,0.798102442,GSE120805
YAF2,1,0.4863852766,GSE120805
ZMYND11,1,0.281958936,GSE120805
WAS,1,0.5913064098,GSE120805
DPEP1,1,0.3240137453,GSE120805
BID,-1,0.9046908033,GSE120805
MATR3,1,0.8166192422,GSE120805
NPC1L1,1,0.3021891523,GSE120805
XYLT2,-1,0.8275668547,GSE120805
STMN4,-1,NA,GSE120805
NUDCD3,-1,0.60551254,GSE120805
ISL1,-1,0.1025389884,GSE120805
CHDH,1,0.8948047201,GSE120805
IL20RA,1,NA,GSE120805
GLT8D1,-1,0.8366825178,GSE120805
ATP2C1,-1,0.6484955386,GSE120805
IGF1,1,NA,GSE120805
SLC38A5,-1,0.7880150045,GSE120805
RALBP1,1,0.7197617743,GSE120805
RUFY3,1,0.99486317,GSE120805
CNTN1,1,NA,GSE120805
SLC11A1,1,0.09660479413,GSE120805
WWTR1,-1,0.3507130121,GSE120805
AGPS,-1,0.8516988355,GSE120805
STEEP1,1,0.7933827671,GSE120805
ATP1A2,1,0.2263467182,GSE120805
TTC27,-1,2.35E-10,GSE120805
ZNF582,-1,0.5406464858,GSE120805
PHLDB1,-1,0.964711203,GSE120805
CYP24A1,-1,7.59E-06,GSE120805
PRDM11,-1,0.01502984159,GSE120805
SNAI2,-1,0.00013635615,GSE120805
CD74,1,0.9028863963,GSE120805
HGF,1,NA,GSE120805
ZRANB1,1,0.3356257849,GSE120805
NCDN,-1,0.8451673018,GSE120805
ADGRA2,-1,0.1082267228,GSE120805
ZFP64,-1,0.03894475235,GSE120805
MNAT1,1,0.5896508344,GSE120805
SAMD4A,-1,0.01289388754,GSE120805
RUNX3,1,0.9650865512,GSE120805
MRE11,1,0.6191977931,GSE120805
PLEKHB1,1,1.34E-05,GSE120805
SERPINB1,1,1.06E-09,GSE120805
SLC7A9,1,0.9469076172,GSE120805
SPAST,1,0.9067794051,GSE120805
NRXN3,-1,1.24E-13,GSE120805
OSBPL5,-1,0.9685965039,GSE120805
AQR,1,0.8935225789,GSE120805
CPS1,1,1.39E-07,GSE120805
FHL1,-1,0.585601596,GSE120805
RTF2,1,0.344853839,GSE120805
NLRP2,1,0.4159488936,GSE120805
SLC45A4,1,0.4640969781,GSE120805
RNF10,1,0.2795923653,GSE120805
ZNF839,1,0.0001777356839,GSE120805
ZDHHC6,-1,0.00938782775,GSE120805
GRAMD1B,1,0.06070051242,GSE120805
RNH1,-1,0.2740044252,GSE120805
NDUFS1,1,0.8875071851,GSE120805
RB1CC1,1,0.0001279462119,GSE120805
ERP44,-1,0.884559204,GSE120805
ALAS1,1,0.001918706178,GSE120805
BIRC3,1,2.25E-06,GSE120805
AKAP11,-1,0.9295170046,GSE120805
GLRX2,-1,0.5781669498,GSE120805
SNAPC1,-1,0.8509552626,GSE120805
DERA,1,0.8793029616,GSE120805
STRAP,-1,0.4069105404,GSE120805
ABCC2,1,0.4281209946,GSE120805
DEF6,1,0.0003503682427,GSE120805
PLEKHO1,-1,0.1094024451,GSE120805
GCLM,1,0.03220129567,GSE120805
UBR2,1,0.9552336799,GSE120805
EHD2,-1,0.5091219554,GSE120805
DEPDC1,1,1.63E-10,GSE120805
CCDC28A,1,0.000720168203,GSE120805
RRAGD,1,0.9471667701,GSE120805
HSF2,1,0.8859758615,GSE120805
PHF20,1,0.2962369435,GSE120805
HSD17B6,1,0.00951721078,GSE120805
NR1H3,1,1.38E-07,GSE120805
TYMP,-1,0.8161771342,GSE120805
NCAPH2,-1,0.7567749404,GSE120805
TOMM34,1,0.0003047933684,GSE120805
SEC63,-1,0.1282770631,GSE120805
KPNA6,1,0.9469076172,GSE120805
VIM,-1,0.02667050462,GSE120805
RTEL1-TNFRSF6B,-1,0.9926843447,GSE120805
FAS,1,5.17E-40,GSE120805
RNASET2,1,0.7941523968,GSE120805
CD44,-1,0.2803852206,GSE120805
KCNG1,-1,0.002037961242,GSE120805
AGPAT4,-1,0.002693981072,GSE120805
SLAMF7,-1,0.9255460654,GSE120805
BTN3A1,1,0.884559204,GSE120805
MIPEP,-1,9.61E-07,GSE120805
PRKCH,1,0.4729221422,GSE120805
INSRR,1,NA,GSE120805
IFNGR1,-1,0.3856574094,GSE120805
B4GALT7,1,0.7927138613,GSE120805
SH2D2A,1,0.0004603120778,GSE120805
VRK2,1,0.9699506494,GSE120805
TNFRSF1B,1,NA,GSE120805
VEZT,1,0.6473323579,GSE120805
POU2F2,1,0.6111894289,GSE120805
BRD9,-1,0.1401583162,GSE120805
SNX1,1,0.3936821798,GSE120805
TBPL1,1,0.9370163036,GSE120805
BMAL2,-1,0.1813932541,GSE120805
BCLAF1,1,0.6967032154,GSE120805
SLC39A9,1,0.0007781412238,GSE120805
ANK1,1,9.77E-06,GSE120805
IBSP,-1,NA,GSE120805
TFB1M,-1,0.007409690913,GSE120805
RABEP1,-1,0.6101436326,GSE120805
HMGB3,1,1.86E-05,GSE120805
NUP160,-1,0.1540959516,GSE120805
BAK1,1,0.9212251308,GSE120805
IKZF2,-1,0.07804325278,GSE120805
GRN,1,0.9197482453,GSE120805
FAM13B,1,1.89E-06,GSE120805
ARHGAP31,-1,0.3104144244,GSE120805
CENPQ,1,0.9928565244,GSE120805
SARS1,-1,0.01737143067,GSE120805
RANBP3,-1,0.9640615679,GSE120805
ARID4A,1,0.003287482881,GSE120805
EIPR1,1,0.364130771,GSE120805
PNPLA6,1,0.9611004184,GSE120805
IFT88,1,4.21E-06,GSE120805
ALG1,-1,0.07066193678,GSE120805
ZCCHC8,1,0.4715106703,GSE120805
ABCF2,-1,0.0001192489173,GSE120805
CHPF2,1,0.002806372642,GSE120805
LRRC7,-1,0.0004132079289,GSE120805
FUT8,-1,0.6685787425,GSE120805
UBA6,1,0.9859087336,GSE120805
GAB2,1,0.1738019878,GSE120805
ATP6V0A1,1,0.3846310976,GSE120805
PIAS1,-1,0.894021969,GSE120805
SLC4A7,-1,0.006864829138,GSE120805
MAP2K3,1,0.1988029728,GSE120805
TMSB10,-1,0.03703943418,GSE120805
ASTE1,-1,0.001053149595,GSE120805
RNF19A,1,0.964443069,GSE120805
PEX3,1,0.6920166185,GSE120805
GABARAPL2,1,0.001145862429,GSE120805
SH3YL1,-1,0.1381669299,GSE120805
TIMCC,-1,0.001841904418,GSE120805
VCL,-1,7.52E-05,GSE120805
DEPDC1B,1,0.002040099167,GSE120805
DAPK2,1,0.03060896035,GSE120805
NSMAF,-1,0.9931958365,GSE120805
ADSS2,-1,3.70E-06,GSE120805
TIMP2,-1,0.9529184927,GSE120805
RFC1,1,0.4314121784,GSE120805
TBC1D23,1,0.4326869298,GSE120805
CUL3,1,0.4801781583,GSE120805
MYOM2,1,0.01131495706,GSE120805
CYP46A1,1,0.08722367582,GSE120805
ZZZ3,-1,0.8653312827,GSE120805
USP2,1,0.9896822348,GSE120805
TUBG2,1,0.7386322999,GSE120805
RPL26L1,-1,0.9687644967,GSE120805
FLT4,-1,0.7735987796,GSE120805
NSUN2,-1,0.0005710849993,GSE120805
FBXO42,-1,0.7007766466,GSE120805
MFAP3,1,0.2981543686,GSE120805
MRI1,-1,0.4165288927,GSE120805
METTL1,-1,0.01521930626,GSE120805
HOXC8,-1,0.5802635557,GSE120805
AGA,-1,0.726412528,GSE120805
PI4K2B,-1,0.7021916836,GSE120805
BOD1L1,1,0.2059671782,GSE120805
MAT2B,-1,0.838809069,GSE120805
TLL1,-1,4.01E-08,GSE120805
EDC4,1,0.9519936529,GSE120805
TRIO,-1,0.01738695005,GSE120805
VCAN,-1,8.90E-09,GSE120805
CLEC16A,-1,0.9962834372,GSE120805
MSR1,-1,NA,GSE120805
CDH1,1,0.8196715198,GSE120805
MTREX,-1,0.9743953448,GSE120805
DNAH5,-1,0.0002438925389,GSE120805
ZFYVE16,1,0.01920254036,GSE120805
RIPOR1,-1,0.9236368564,GSE120805
RAI14,-1,3.44E-12,GSE120805
SOX30,1,0.9280597476,GSE120805
PNKP,-1,0.9045961357,GSE120805
BEST2,-1,0.3960765318,GSE120805
PHLPP2,-1,0.8592263452,GSE120805
SPDL1,1,0.627253409,GSE120805
STAU2,1,0.0001564587082,GSE120805
SLC66A1,1,6.90E-05,GSE120805
CTNS,1,0.3722043339,GSE120805
RTN4R,-1,0.8715903935,GSE120805
PHF23,-1,0.0374212475,GSE120805
CDH10,1,0.003021820045,GSE120805
INPP4A,1,0.03742729216,GSE120805
RAB27B,1,0.5570318031,GSE120805
PSMA4,1,0.9330699799,GSE120805
MYO16,1,0.1521976613,GSE120805
LSG1,-1,0.3125334905,GSE120805
PARP3,1,0.06212225408,GSE120805
TNC,-1,8.04E-12,GSE120805
THAP3,1,0.3313270463,GSE120805
RIPOR3,1,0.1271728546,GSE120805
TDP1,1,0.5814583414,GSE120805
AIFM2,1,0.27878396,GSE120805
SPATA7,1,1.70E-05,GSE120805
MED17,-1,0.8318932116,GSE120805
RETSAT,1,0.0009197024818,GSE120805
CAPG,-1,0.9182425339,GSE120805
AP2S1,-1,0.7098756882,GSE120805
USH2A,1,0.1863761457,GSE120805
TG,1,0.7907902617,GSE120805
ADAM28,1,0.003413727979,GSE120805
DCUN1D1,1,0.05835424434,GSE120805
JADE2,1,4.68E-13,GSE120805
ZIC2,-1,NA,GSE120805
TRIT1,-1,0.8655992718,GSE120805
ADRB1,1,0.4011898371,GSE120805
CUL7,-1,0.9695530507,GSE120805
CTNNA1,1,0.980186106,GSE120805
PHKA2,-1,0.9813612546,GSE120805
CNTLN,1,0.5889860424,GSE120805
EPHA3,-1,1.24E-14,GSE120805
HSPA5,-1,0.03230606575,GSE120805
DSG2,-1,0.4114349243,GSE120805
GEMIN8,-1,0.4146961852,GSE120805
OFD1,1,0.9937723664,GSE120805
WDR37,1,0.2969346904,GSE120805
YTHDC2,1,0.4847438525,GSE120805
CTPS2,1,0.7332257958,GSE120805
ATP6V1H,1,0.01994140807,GSE120805
POLR2B,1,0.809069295,GSE120805
ATOSA,1,6.31E-18,GSE120805
ARAP2,1,0.005849387681,GSE120805
TPR,1,0.7039235013,GSE120805
CP,1,0.8941257432,GSE120805
KATNIP,1,0.3538806847,GSE120805
DTNBP1,1,0.003351952459,GSE120805
XK,1,0.67903041,GSE120805
ANO2,-1,0.7232793345,GSE120805
FERRY3,-1,0.8511961072,GSE120805
SCML1,1,0.8721579169,GSE120805
WWC3,-1,0.993188372,GSE120805
ARHGAP6,1,0.1972611776,GSE120805
FAM184B,-1,0.127875258,GSE120805
MAP4,-1,0.2171114475,GSE120805
GOPC,-1,0.1471985058,GSE120805
ROS1,-1,1.36E-07,GSE120805
USP28,1,0.9716015694,GSE120805
HDAC9,1,2.58E-05,GSE120805
TSPAN17,1,0.2525561584,GSE120805
NOP16,-1,2.57E-09,GSE120805
CC2D2A,-1,5.49E-09,GSE120805
RRM2B,1,2.69E-22,GSE120805
ZNF800,-1,0.9526640177,GSE120805
TNFRSF17,1,NA,GSE120805
SNX29,1,0.01825918038,GSE120805
LMO3,1,NA,GSE120805
MRPS10,1,0.9876394238,GSE120805
RSF1,1,0.2323160456,GSE120805
VPS13D,1,0.8554917085,GSE120805
CELF2,1,NA,GSE120805
FAM120A,-1,0.5293061818,GSE120805
R3HDM1,-1,0.9936952752,GSE120805
COL9A2,1,0.3202520809,GSE120805
KITLG,1,0.02344973152,GSE120805
ERCC8,1,0.9616301403,GSE120805
ADAMTS6,-1,0.002338225012,GSE120805
H6PD,1,0.002763286945,GSE120805
VAMP3,1,0.6320710691,GSE120805
PER3,-1,0.6974414097,GSE120805
UTS2,1,NA,GSE120805
TNFRSF9,-1,0.8857594157,GSE120805
EPN3,1,0.01515702407,GSE120805
LTBP1,-1,1.55E-05,GSE120805
RCN1,-1,0.002616191686,GSE120805
ELN,-1,NA,GSE120805
RFC2,1,0.8567239527,GSE120805
ARID1B,-1,0.8138711797,GSE120805
CLPTM1L,-1,0.8057442967,GSE120805
NEDD4L,1,0.9844240409,GSE120805
FOXP3,-1,0.2106784031,GSE120805
PPP1R3F,1,0.06496174047,GSE120805
HEXB,1,0.4824789165,GSE120805
PTCD2,-1,0.003714018638,GSE120805
JKAMP,1,0.4049275694,GSE120805
DKK3,-1,0.2497304304,GSE120805
NFE2L3,-1,5.09E-06,GSE120805
MCUR1,-1,3.66E-05,GSE120805
LIMA1,-1,0.0001156021416,GSE120805
LETMD1,1,0.03051248819,GSE120805
SLC4A8,1,2.74E-10,GSE120805
LAMC3,1,0.7603154073,GSE120805
PTGER3,1,0.9704790674,GSE120805
TNIP3,1,0.2519026373,GSE120805
MAPK9,1,0.5582709268,GSE120805
COL23A1,-1,NA,GSE120805
BCAR1,1,0.9480394343,GSE120805
FHIP1B,-1,0.7977736217,GSE120805
HERPUD1,-1,1.68E-07,GSE120805
HOMER3,-1,0.9529184927,GSE120805
RAD51,-1,0.02737394972,GSE120805
POLQ,1,0.08046621007,GSE120805
PIK3CB,1,0.4598789468,GSE120805
CYBA,1,0.9094380644,GSE120805
THOC3,-1,0.9804159521,GSE120805
HEBP2,1,0.9876448854,GSE120805
MPHOSPH9,1,0.01152898043,GSE120805
PLEKHA5,-1,0.3224806554,GSE120805
PRSS8,1,0.9754308218,GSE120805
SIKE1,1,0.8852712158,GSE120805
RRP12,-1,2.05E-05,GSE120805
FNIP2,-1,0.0002010395065,GSE120805
MSMO1,-1,0.7943746546,GSE120805
TTC17,1,0.3373654066,GSE120805
ALX4,-1,0.8237983922,GSE120805
FSTL4,1,0.9815587038,GSE120805
FOXN3,-1,0.002471435632,GSE120805
METTL24,1,0.7435814733,GSE120805
AKR7A2,1,0.7213224413,GSE120805
MRTO4,-1,3.31E-07,GSE120805
USE1,1,0.9841296623,GSE120805
MCF2L2,1,1.04E-07,GSE120805
LAMA3,-1,0.9834981163,GSE120805
AP5M1,-1,0.9703445575,GSE120805
ANAPC4,-1,0.5919624135,GSE120805
TRAPPC3,1,0.795036666,GSE120805
THRAP3,-1,0.4695036387,GSE120805
PHPT1,-1,0.2602235846,GSE120805
LY75,1,0.1125531236,GSE120805
ARID4B,1,0.0004541947868,GSE120805
OPN3,-1,2.93E-17,GSE120805
SDCCAG8,1,0.0006492996602,GSE120805
PTPRN,-1,0.6370900802,GSE120805
HHAT,1,0.3181612643,GSE120805
KIF1B,1,0.3166942681,GSE120805
FOXC1,-1,0.04529687137,GSE120805
TBC1D22A,1,0.8958454031,GSE120805
SYNE2,-1,0.4896449793,GSE120805
PLEKHH1,1,0.006070737992,GSE120805
ATP9A,1,0.194269729,GSE120805
CHRDL2,1,NA,GSE120805
FAM168A,1,0.7655733922,GSE120805
RELT,1,0.1251726492,GSE120805
GALC,1,0.0270318502,GSE120805
NOP58,-1,0.4158315361,GSE120805
SZRD1,-1,0.8632917505,GSE120805
KCNH2,-1,0.2045210883,GSE120805
CUL1,-1,0.128075718,GSE120805
FAM114A2,-1,0.0940628906,GSE120805
CYFIP2,1,1.55E-34,GSE120805
TAB2,1,0.7211066668,GSE120805
GINM1,1,0.059276581,GSE120805
EIF2AK2,1,0.8446990745,GSE120805
USP36,-1,0.07091161052,GSE120805
KMT2C,-1,0.9669505487,GSE120805
MCOLN3,1,7.60E-09,GSE120805
CCDC85A,-1,0.2384762789,GSE120805
PUM2,1,0.5834170332,GSE120805
MRPL43,1,0.6087398919,GSE120805
ITIH4,1,0.9242140884,GSE120805
ITIH1,-1,NA,GSE120805
HPF1,-1,0.9158206927,GSE120805
ZFR,1,0.6413981995,GSE120805
ZNF280C,-1,0.665595119,GSE120805
NPFFR2,-1,0.9817928942,GSE120805
PHF21B,1,NA,GSE120805
TRAF1,1,1.51E-08,GSE120805
RC3H2,1,0.002009904035,GSE120805
IL17RB,1,NA,GSE120805
TRAF3IP2,-1,0.4088112919,GSE120805
GYG2,1,0.8958454031,GSE120805
DCBLD2,1,0.07130252523,GSE120805
SOAT1,1,0.4677123677,GSE120805
PKP2,-1,0.04804956926,GSE120805
MSH4,1,0.8847002342,GSE120805
GDI2,-1,0.8341424748,GSE120805
PRDM1,-1,0.5606024143,GSE120805
ATG5,1,0.9655915681,GSE120805
TMCC3,-1,0.9310690353,GSE120805
PITHD1,-1,0.7138956057,GSE120805
MTA3,1,0.9656297732,GSE120805
USP13,-1,0.9649107783,GSE120805
ATP11B,1,0.07053668128,GSE120805
LAMC2,1,0.4779147581,GSE120805
CDK14,-1,4.02E-06,GSE120805
SEC61A1,-1,0.03519071669,GSE120805
PPP1R12A,1,0.7697839431,GSE120805
RASGRF1,1,0.9549276457,GSE120805
CAMK2B,1,0.0005619688204,GSE120805
CROCC,1,0.9949228873,GSE120805
POLR3E,1,0.3601072983,GSE120805
ATP2B4,-1,0.03930693183,GSE120805
ZC3H11A,-1,0.972948578,GSE120805
RIOK2,-1,0.6664867851,GSE120805
YIPF1,1,0.185853635,GSE120805
NDC1,-1,0.758776356,GSE120805
DGKG,1,0.129405026,GSE120805
FLYWCH1,1,0.1171853804,GSE120805
UNKL,1,0.01037250586,GSE120805
TBXAS1,-1,0.02994288886,GSE120805
PARP12,-1,0.8235163455,GSE120805
ALDH18A1,-1,2.22E-11,GSE120805
TARBP1,-1,6.90E-05,GSE120805
GATB,-1,0.02414473397,GSE120805
MXD1,1,0.2542372871,GSE120805
CDK17,1,0.5880834055,GSE120805
DNAJC25,-1,0.176465934,GSE120805
SLC2A3,-1,3.38E-07,GSE120805
PSD,1,0.3315282789,GSE120805
CTDP1,-1,0.8967065853,GSE120805
YBX3,-1,0.03487836579,GSE120805
STYK1,1,0.4175327305,GSE120805
WNK1,1,0.952520961,GSE120805
RPS17P5,1,0.6927894138,GSE120805
CCAR1,1,0.6184910109,GSE120805
OGFR,1,0.3224323108,GSE120805
GNA15,-1,0.9226112195,GSE120805
PIGV,1,0.0005197423638,GSE120805
PTPRU,1,0.1856777343,GSE120805
SNRNP40,-1,0.336932249,GSE120805
COL11A1,-1,2.52E-10,GSE120805
QSER1,-1,0.7747526757,GSE120805
MPC1,-1,0.4891558631,GSE120805
ACAA1,1,0.6613845952,GSE120805
BCAT1,-1,1.65E-07,GSE120805
HDAC7,1,0.9787053378,GSE120805
LZTS1,-1,7.96E-07,GSE120805
PRDM6,-1,0.7832368334,GSE120805
WNT8A,1,NA,GSE120805
SPAG4,-1,0.1757204941,GSE120805
NCKAP1,1,0.1302676434,GSE120805
MRPS35,-1,0.9575818524,GSE120805
GUCY1B1,-1,0.0935684575,GSE120805
SFSWAP,-1,0.8886147328,GSE120805
TNK2,-1,0.9870772802,GSE120805
MON2,1,0.02902897032,GSE120805
CDH3,1,7.96E-06,GSE120805
GPBP1,1,0.9471667701,GSE120805
DGAT2,1,0.0198607158,GSE120805
ZNF112,1,0.7998263788,GSE120805
CS,-1,0.1436905349,GSE120805
LTK,1,0.2051025366,GSE120805
MRPS24,-1,0.7205566362,GSE120805
ELMO2,-1,0.7293832645,GSE120805
WAPL,1,0.3197804735,GSE120805
VMP1,1,0.8102127987,GSE120805
APPBP2,1,0.2451507183,GSE120805
POLD1,-1,0.8542549399,GSE120805
SEZ6,1,0.6238192641,GSE120805
EIF4B,1,0.8832755616,GSE120805
SLC6A16,1,0.6014956493,GSE120805
BICRA,1,0.8038671652,GSE120805
SPHK2,1,0.7447476185,GSE120805
RPL18,-1,0.394701458,GSE120805
CA11,1,0.05979694074,GSE120805
ISOC2,1,0.6684319896,GSE120805
U2AF2,-1,0.444454476,GSE120805
EPN1,-1,0.9374987598,GSE120805
MED29,1,0.5008910663,GSE120805
AHRR,-1,0.1928788993,GSE120805
ZNF275,1,0.9392130209,GSE120805
LOC105373378,1,0.9392130209,GSE120805
MTMR1,-1,0.9604363593,GSE120805
GPC1,-1,0.000727133401,GSE120805
ADCK1,1,0.01315693138,GSE120805
HAGH,1,6.68E-12,GSE120805
RNF4,-1,0.8321499314,GSE120805
CASP8,-1,0.8766147004,GSE120805
LIMCH1,-1,0.01003897265,GSE120805
INTS13,-1,0.002194360591,GSE120805
TM7SF3,1,0.08064659431,GSE120805
DLX3,1,0.303439298,GSE120805
SPA17,1,1.30E-11,GSE120805
CCN5,1,0.9229276002,GSE120805
ST3GAL6,1,0.9600406677,GSE120805
ATP2C2,-1,NA,GSE120805
NGFR,1,0.04406391292,GSE120805
CDON,-1,0.004333002219,GSE120805
TAF2,1,0.5174516104,GSE120805
HIPK2,-1,0.4468299436,GSE120805
TNPO3,-1,0.8715903935,GSE120805
RFXANK,1,0.7148187236,GSE120805
TMEM161A,1,0.6742709059,GSE120805
LPAR2,1,0.9636442667,GSE120805
CTSA,-1,0.9480394343,GSE120805
SUGP2,1,3.35E-12,GSE120805
SLC12A2,-1,0.5323337231,GSE120805
SNX24,-1,0.8619449408,GSE120805
CNN2,-1,1.69E-07,GSE120805
ABCA7,1,3.20E-11,GSE120805
SNCAIP,-1,0.5618036676,GSE120805
DDX20,1,0.9236368564,GSE120805
BTBD1,1,0.4262412148,GSE120805
FAR2,-1,0.0003149180524,GSE120805
BCAS1,1,NA,GSE120805
CHI3L2,1,NA,GSE120805
SBNO2,-1,0.9859087336,GSE120805
PMS1,-1,0.02160222735,GSE120805
HMG20B,1,0.007786573118,GSE120805
CALCRL,1,0.2827255487,GSE120805
TAF11,-1,0.7936585945,GSE120805
ANKS1A,1,0.92941795,GSE120805
AP3D1,1,0.979687103,GSE120805
ZNF76,1,0.4175497505,GSE120805
NHERF2,1,0.9513991995,GSE120805
NTHL1,-1,0.765760682,GSE120805
BLTP3A,-1,0.830340808,GSE120805
GNAI3,-1,0.9836840624,GSE120805
IPO5,-1,3.00E-11,GSE120805
OAT,1,0.6607886494,GSE120805
WDR3,-1,0.003000082613,GSE120805
PKN2,1,0.9933634138,GSE120805
WDR18,-1,0.9538344829,GSE120805
TRAM2,-1,0.0007261549879,GSE120805
NTN1,1,3.38E-15,GSE120805
GLP2R,-1,0.6546333882,GSE120805
MCM10,-1,0.005131863074,GSE120805
DGKA,1,0.05108424286,GSE120805
ERBB3,1,0.1095082043,GSE120805
ANKRD44,-1,0.7602333067,GSE120805
KARS1,-1,0.6965918138,GSE120805
ADAT1,1,0.4791933647,GSE120805
PDIA5,-1,3.53E-11,GSE120805
TBC1D22B,-1,0.4674008091,GSE120805
NDUFB4,1,0.06308945834,GSE120805
SPEN,-1,0.3541602566,GSE120805
MYLK,-1,0.002584420554,GSE120805
ZC3H15,-1,0.7942674678,GSE120805
MAP2K4,1,0.003130944802,GSE120805
PACC1,1,0.9008359226,GSE120805
SLK,1,0.8509758489,GSE120805
CYB5R4,1,0.4276410528,GSE120805
RIPPLY2-CYB5R4,1,0.4276410528,GSE120805
COL17A1,1,0.00400342869,GSE120805
GSTO2,-1,0.6410211367,GSE120805
SEC61A2,1,3.61E-08,GSE120805
PRKCQ,1,0.1482689543,GSE120805
TLE2,1,0.9465785033,GSE120805
ASB1,1,0.1123156494,GSE120805
FAM107B,-1,0.3332298959,GSE120805
ME1,-1,0.647085787,GSE120805
TBC1D1,-1,0.04097084281,GSE120805
CDK13,-1,0.3336935601,GSE120805
MTHFD2,-1,0.4822232201,GSE120805
SLC9A7,1,0.5575201066,GSE120805
FOXJ2,-1,0.7817837353,GSE120805
YBX1,-1,0.8836844491,GSE120805
PDE4A,1,0.9317520077,GSE120805
PPP2R5A,-1,0.6859544824,GSE120805
CTNNA2,1,0.8116266167,GSE120805
ELAVL1,-1,0.07849665918,GSE120805
TIE1,1,0.8121260105,GSE120805
DIP2B,1,0.0008827581949,GSE120805
SMARCD1,-1,0.7095315684,GSE120805
KDM4A,1,0.01586036597,GSE120805
NFYC,-1,0.3443314016,GSE120805
ZMYND12,1,0.09962030249,GSE120805
SLC9A3,1,NA,GSE120805
NGEF,-1,0.03802347548,GSE120805
ASPM,1,4.00E-14,GSE120805
ELOVL1,-1,2.78E-07,GSE120805
POLR1H,-1,0.167477301,GSE120805
CLDN18,-1,NA,GSE120805
ZBTB11,-1,0.94430947,GSE120805
ATXN3,-1,0.9801010023,GSE120805
GOLGA5,1,0.9246146702,GSE120805
FGFR2,-1,1.89E-21,GSE120805
LRRC40,1,0.9834105852,GSE120805
ISOC1,-1,6.72E-06,GSE120805
EML1,1,0.07423303337,GSE120805
TRMT11,-1,0.8598895184,GSE120805
THUMPD1,-1,0.9495999164,GSE120805
MSANTD3,-1,0.07591777416,GSE120805
KIF26A,1,NA,GSE120805
ATG2B,1,0.0506789555,GSE120805
ARFGEF1,1,0.01125939403,GSE120805
ZFAT,-1,0.4247478474,GSE120805
MTFR1,-1,0.7832368334,GSE120805
STAG3,1,0.9132528375,GSE120805
FECH,1,5.94E-06,GSE120805
MYO9A,-1,0.03722748987,GSE120805
DDX3Y,1,0.9234990733,GSE120805
PFKP,-1,2.55E-10,GSE120805
IDI1,1,0.8571210502,GSE120805
SP100,1,0.6248574752,GSE120805
KLF6,-1,0.02401102352,GSE120805
PLPP1,-1,0.3241007498,GSE120805
NEO1,1,0.9424304225,GSE120805
TRAM1,-1,0.8028378641,GSE120805
PHKA1,1,0.0001130148658,GSE120805
TNFRSF1A,-1,0.885407491,GSE120805
CACNB1,-1,0.7266009497,GSE120805
EVI5,1,0.2193637353,GSE120805
STOML1,1,0.9149203639,GSE120805
PKM,-1,0.0001007077274,GSE120805
DHX29,1,0.09074221538,GSE120805
DNTTIP2,-1,0.5655778306,GSE120805
METTL22,1,0.94415285,GSE120805
TP53BP1,1,0.0003608819295,GSE120805
TRO,1,0.0853632234,GSE120805
RRP15,-1,0.1078720094,GSE120805
RHOA,-1,0.1021025666,GSE120805
DHX8,1,0.04141981367,GSE120805
PRKCZ,1,0.9721031946,GSE120805
ZFY,1,0.2041257681,GSE120805
IARS2,1,0.6690296678,GSE120805
SYT1,1,0.7930523553,GSE120805
NAV3,1,0.2713688891,GSE120805
IDH3G,-1,0.840943084,GSE120805
ROGDI,-1,0.8411075627,GSE120805
PDZD4,1,0.9346684462,GSE120805
ATP2B3,1,0.7651930774,GSE120805
ROCK1,1,0.3716372281,GSE120805
CBFB,1,0.04182818713,GSE120805
PDK3,1,0.5990216088,GSE120805
HYAL2,-1,0.6399997443,GSE120805
HDAC4,-1,0.0002081319822,GSE120805
RASSF1,1,0.8926219668,GSE120805
FGFR3,1,0.05466725976,GSE120805
IFI35,1,0.1577710015,GSE120805
HEATR6,-1,3.29E-05,GSE120805
COASY,-1,0.8089607593,GSE120805
PLEKHH3,1,0.05005369038,GSE120805
MEF2A,1,0.9742306066,GSE120805
OTUD5,1,0.9959983538,GSE120805
TFE3,-1,0.9493789988,GSE120805
TBC1D25,-1,0.6723213027,GSE120805
ACSL4,-1,0.4366751347,GSE120805
INPP5A,-1,0.5303814064,GSE120805
GPKOW,1,0.8732855635,GSE120805
GRIPAP1,1,0.2535030949,GSE120805
FTSJ1,-1,1.70E-07,GSE120805
PRR11,1,0.1415950656,GSE120805
REEP1,1,0.7907902617,GSE120805
ATP11A,-1,0.2927485234,GSE120805
POLR1A,-1,0.2539039178,GSE120805
LAPTM4A,-1,0.01767093575,GSE120805
TTC7A,-1,0.3617418926,GSE120805
IP6K2,1,3.39E-11,GSE120805
SRBD1,1,0.802629971,GSE120805
KIF2A,-1,0.7164571168,GSE120805
RASGRP2,1,0.9769457222,GSE120805
PSME4,1,0.7326528586,GSE120805
IFT80,1,0.1083821985,GSE120805
SIRT2,1,5.98E-05,GSE120805
ERLEC1,1,0.002613906873,GSE120805
PPP2R5B,1,0.06436712209,GSE120805
PYGM,-1,0.3087179864,GSE120805
PITX1,-1,0.1350171187,GSE120805
MAST4,1,3.15E-05,GSE120805
ADGRF5,-1,2.42E-06,GSE120805
SDK2,1,0.5597846224,GSE120805
NUP133,1,0.7604205656,GSE120805
NUCKS1,1,0.7881634609,GSE120805
VPS35,1,0.6070348779,GSE120805
DNAJA2,1,0.8859143699,GSE120805
BCL3,-1,0.7943746546,GSE120805
KCNAB2,1,0.2915963232,GSE120805
ABCC9,1,0.8935225789,GSE120805
GAL,-1,NA,GSE120805
CLEC2D,1,0.7095500933,GSE120805
FUNDC1,1,0.7184974234,GSE120805
MAOB,-1,NA,GSE120805
RORA,1,0.01696671518,GSE120805
DRD4,-1,0.5883232003,GSE120805
TGFBR3,-1,0.00161888516,GSE120805
HES2,1,6.32E-08,GSE120805
ATP1B3,-1,0.3974125394,GSE120805
NEDD4,-1,0.9426936033,GSE120805
PIGB,1,5.20E-06,GSE120805
MAPK6,-1,0.7921933905,GSE120805
GNB5,1,0.07995738381,GSE120805
RAB27A,-1,0.2319345124,GSE120805
HDHD5,-1,0.001193131203,GSE120805
UFD1,1,0.690480597,GSE120805
LRP6,1,0.7973718515,GSE120805
GUCY2C,-1,NA,GSE120805
SCT,-1,NA,GSE120805
PHRF1,1,0.8720688415,GSE120805
ELP1,1,0.9764490975,GSE120805
NUCB2,1,0.2016927036,GSE120805
PFN2,1,0.1415950656,GSE120805
PTPN3,-1,0.0003100837162,GSE120805
SPTB,1,2.32E-06,GSE120805
DAPP1,1,NA,GSE120805
FGF10,-1,NA,GSE120805
SLC44A1,-1,0.9759754067,GSE120805
TMEM260,1,0.03728079677,GSE120805
SMG6,1,0.993188372,GSE120805
EXOC5,1,0.7938356382,GSE120805
CLTCL1,-1,0.08857994205,GSE120805
FGF22,1,0.01646588077,GSE120805
FSTL3,-1,7.77E-11,GSE120805
DGCR2,1,0.4861095219,GSE120805
RNF126,-1,0.2737843844,GSE120805
MNT,-1,0.8458044262,GSE120805
ZXDC,-1,0.6289686298,GSE120805
JMJD6,-1,0.01376079346,GSE120805
POLB,1,0.1277788979,GSE120805
ST6GALNAC1,1,NA,GSE120805
WIPI1,1,0.137312189,GSE120805
FRMPD1,1,NA,GSE120805
GBA2,1,0.2002723951,GSE120805
NDST1,-1,0.01183796285,GSE120805
ASNS,-1,0.0002147288403,GSE120805
AP3M2,-1,0.8447312454,GSE120805
CNGB1,1,0.08262176463,GSE120805
ST6GALNAC2,1,0.0007225893928,GSE120805
CHAT,-1,NA,GSE120805
PABPC1,-1,0.4158370433,GSE120805
TESK2,1,4.13E-10,GSE120805
CFAP20,1,0.8784575293,GSE120805
CSNK2A2,-1,0.6363555446,GSE120805
PTPN21,-1,0.06213099535,GSE120805
EIF2B3,-1,0.7396631672,GSE120805
CAMK2A,1,0.3957711924,GSE120805
TCOF1,-1,0.167729331,GSE120805
CDC42,-1,0.9215624035,GSE120805
OSBPL3,-1,0.2207259019,GSE120805
SLC12A3,1,0.8392366206,GSE120805
RAD18,-1,0.05263678152,GSE120805
ATP2B1,-1,0.004289602398,GSE120805
NCK2,-1,0.04705331334,GSE120805
MAP4K4,-1,0.8666988767,GSE120805
MGAT4A,1,0.01245634435,GSE120805
RPL31,-1,0.8815556065,GSE120805
WDR1,-1,1.42E-07,GSE120805
SNX13,1,0.06043977502,GSE120805
ARHGAP10,-1,0.006683400645,GSE120805
RPS6KA2,-1,1.64E-05,GSE120805
ING3,1,0.9254334799,GSE120805
VASH1,-1,0.1799390241,GSE120805
LMCD1,-1,0.0008635811927,GSE120805
BUD23,-1,0.2491551047,GSE120805
SEL1L,1,0.3774895066,GSE120805
TRIP13,-1,1.72E-09,GSE120805
ATP6AP1,1,0.5974143291,GSE120805
TCF3,-1,1.09E-05,GSE120805
TRIB2,-1,1.54E-06,GSE120805
DAZAP1,-1,0.8752041713,GSE120805
MBD3,-1,0.5078632197,GSE120805
HLTF,1,0.0003239431056,GSE120805
FAM50A,1,0.8806177075,GSE120805
FAM3A,1,0.646689504,GSE120805
CPSF1,-1,0.7993783787,GSE120805
MYO3B,1,NA,GSE120805
CYBRD1,-1,0.838809069,GSE120805
PDCD2,-1,0.8875071851,GSE120805
SLC6A15,-1,1.87E-13,GSE120805
RDH11,-1,0.6157832789,GSE120805
PRKACA,-1,0.8267295962,GSE120805
ADGRL1,-1,0.3091510136,GSE120805
ACTN1,-1,0.003811575187,GSE120805
ZFYVE26,1,0.9163512593,GSE120805
RPS6KA6,1,0.9650404628,GSE120805
EPN2,1,0.913793541,GSE120805
PTPN18,-1,0.3446457571,GSE120805
LIMS2,-1,0.2604544078,GSE120805
ASIC4,1,0.9097455582,GSE120805
SPEG,-1,0.2042520475,GSE120805
LNX1,1,0.6712418317,GSE120805
ALDH3A2,-1,0.02075647504,GSE120805
TFRC,-1,1.50E-05,GSE120805
SREBF1,-1,3.82E-10,GSE120805
AFF4,1,0.2215466438,GSE120805
UBE2D1,1,0.964443069,GSE120805
PALS1,1,0.8556346505,GSE120805
RHOBTB1,-1,0.09880130792,GSE120805
SMC1A,-1,0.8397999449,GSE120805
HSD17B10,-1,0.9796063291,GSE120805
MARK2,-1,0.9597452734,GSE120805
HMMR,1,2.98E-24,GSE120805
CHFR,1,0.9958319795,GSE120805
TRHDE,1,NA,GSE120805
P4HA2,-1,4.77E-08,GSE120805
NFATC3,-1,0.8806163413,GSE120805
TRNT1,-1,0.0001770362933,GSE120805
ACADVL,1,0.06757816642,GSE120805
STK10,-1,0.5434770792,GSE120805
FBXW11,1,2.45E-05,GSE120805
ACAP1,-1,0.2193241553,GSE120805
CRMP1,-1,NA,GSE120805
EVC,-1,0.01759442865,GSE120805
DERL2,-1,0.3433792231,GSE120805
SIDT1,1,NA,GSE120805
NDE1,1,0.07804378746,GSE120805
IRAG1,1,0.9521205881,GSE120805
TMEM38A,1,0.0002016101639,GSE120805
AP1M1,-1,0.5382685193,GSE120805
PVR,-1,3.56E-05,GSE120805
XRCC1,1,0.7153160649,GSE120805
SCARB1,-1,0.002125545765,GSE120805
CYP2W1,1,NA,GSE120805
MCM2,-1,0.1902693125,GSE120805
MOV10L1,1,0.05976181427,GSE120805
PANX2,1,0.6019634206,GSE120805
SELENOO,1,0.9019447436,GSE120805
TP63,1,0.516250307,GSE120805
ALPK1,1,3.46E-18,GSE120805
LLGL2,1,3.26E-08,GSE120805
PDE8A,-1,0.1123156494,GSE120805
CLCN4,1,9.36E-19,GSE120805
NLE1,-1,3.81E-05,GSE120805
SDHA,1,0.9669573147,GSE120805
SMARCE1,1,0.5416956639,GSE120805
FNDC8,1,NA,GSE120805
GSDMB,1,0.6989540737,GSE120805
KDM5A,1,0.1532379482,GSE120805
ADAM11,1,0.01045544883,GSE120805
PPP2R3A,-1,0.00158145781,GSE120805
FERMT2,-1,0.04889760624,GSE120805
ABCB11,1,NA,GSE120805
DHRS9,-1,0.9281684901,GSE120805
PTGS2,-1,0.9471667701,GSE120805
IGF2BP2,-1,0.5584705993,GSE120805
MAP3K13,1,0.979687103,GSE120805
ST6GAL1,-1,0.92941795,GSE120805
TBX21,-1,NA,GSE120805
FRY,-1,0.995758695,GSE120805
PICALM,-1,0.05090350686,GSE120805
NSF,1,0.04898440119,GSE120805
GLI2,-1,0.2071727714,GSE120805
CLASP1,1,0.8991472994,GSE120805
MRPS34,-1,0.2427184061,GSE120805
NOTCH3,-1,0.127501711,GSE120805
CLNS1A,-1,0.8678273995,GSE120805
TEAD2,-1,0.02203719296,GSE120805
EED,-1,0.03283458028,GSE120805
CDHR2,-1,NA,GSE120805
SNCB,1,NA,GSE120805
TSG101,1,0.03980675969,GSE120805
NCBP3,-1,0.8804436459,GSE120805
ATP2A3,1,0.6136929689,GSE120805
CA12,-1,6.66E-19,GSE120805
MGLL,-1,0.04390647309,GSE120805
NTN4,-1,0.001778241621,GSE120805
BCS1L,-1,0.01983384038,GSE120805
NUAK1,-1,0.0002750796866,GSE120805
DPP8,1,0.7204634369,GSE120805
SLC24A1,1,0.5286920672,GSE120805
ZNF532,-1,0.8892009803,GSE120805
SCARF1,-1,0.9707399564,GSE120805
LMAN1,-1,0.8096057812,GSE120805
HACD3,1,0.3008912918,GSE120805
IPCEF1,1,NA,GSE120805
ZZEF1,1,0.98665244,GSE120805
ENO1,-1,1.58E-08,GSE120805
MYDGF,-1,0.6500993896,GSE120805
ANO8,-1,0.9262792425,GSE120805
TUBE1,-1,0.05093910853,GSE120805
ARHGEF10L,1,0.01326515501,GSE120805
TXK,1,0.01961836416,GSE120805
TACR2,1,NA,GSE120805
ACTR6,1,0.651228249,GSE120805
TIPIN,-1,0.8907558158,GSE120805
SRI,-1,1.85E-07,GSE120805
EIF4G3,1,0.982512101,GSE120805
NUP37,1,0.6334433748,GSE120805
SEMA3A,-1,0.003153397064,GSE120805
GTSE1,1,3.37E-05,GSE120805
SEMA3C,-1,0.002022113894,GSE120805
TTC38,1,0.02409825489,GSE120805
ACAT1,-1,0.5834170332,GSE120805
GRAMD4,1,2.38E-10,GSE120805
CELSR1,-1,0.02158458759,GSE120805
ZNF638,1,0.8126790276,GSE120805
SLC25A40,-1,0.9867205367,GSE120805
TIMM21,-1,3.85E-06,GSE120805
ADD2,1,0.5146021956,GSE120805
FGF4,1,NA,GSE120805
RASAL2,-1,0.3354011502,GSE120805
VPS9D1,1,5.87E-05,GSE120805
ZNF37A,1,0.3211867431,GSE120805
MARK3,1,0.9741277111,GSE120805
SLC25A3,-1,0.8346750055,GSE120805
FNDC3B,-1,0.4984100409,GSE120805
FOSL2,-1,0.04005461,GSE120805
CACNG4,-1,6.43E-06,GSE120805
FRYL,1,0.6894667839,GSE120805
TMEM131,-1,0.9629706936,GSE120805
FSCN1,-1,0.3370953379,GSE120805
ACTB,-1,1.12E-05,GSE120805
MOCOS,-1,0.2417549452,GSE120805
PLD1,1,0.9443632914,GSE120805
ATP12A,1,NA,GSE120805
WDR62,1,0.6162257079,GSE120805
DLG1,-1,5.11E-05,GSE120805
RAB7A,-1,0.98665244,GSE120805
BCAP29,1,0.9746053989,GSE120805
SEC31B,1,0.8304391212,GSE120805
SART3,-1,0.9804156432,GSE120805
ARHGAP15,1,NA,GSE120805
TUBA3D,1,NA,GSE120805
EXOSC7,-1,0.1882587251,GSE120805
KIFAP3,-1,0.3740556999,GSE120805
MKRN2,-1,0.5426560955,GSE120805
MCM6,-1,0.0001202595002,GSE120805
REXO2,-1,0.577618364,GSE120805
RBM7,-1,0.5523165786,GSE120805
RBMS2,-1,0.843614072,GSE120805
BAZ2A,1,0.9615226058,GSE120805
PTPN23,-1,0.7849139818,GSE120805
MLH1,1,0.5098109966,GSE120805
UNG,-1,8.78E-08,GSE120805
FMO4,1,0.0008649853989,GSE120805
KLHL20,1,3.53E-05,GSE120805
RGS11,1,0.0004104349974,GSE120805
SLC46A1,1,0.9855006059,GSE120805
PLXNA2,-1,0.7869396136,GSE120805
SPAG5,1,5.55E-25,GSE120805
ANKRD13A,-1,0.5093263905,GSE120805
TPD52,-1,0.8610517344,GSE120805
TPD52-MRPS28,-1,0.8610517344,GSE120805
ACACB,-1,0.6646064407,GSE120805
TRAF4,1,0.1767457349,GSE120805
PAG1,1,0.02363727148,GSE120805
GPATCH1,-1,0.9481285865,GSE120805
ICAM3,1,0.3871885041,GSE120805
NT5C2,1,0.1315935836,GSE120805
MCAM,1,0.1320490545,GSE120805
MBNL3,-1,0.9381289469,GSE120805
CAMSAP3,1,0.7639438228,GSE120805
RAP1GAP,1,0.8935225789,GSE120805
XAB2,-1,0.7256882101,GSE120805
ARHGEF1,-1,0.9704790674,GSE120805
STXBP2,1,0.8927841418,GSE120805
MAP2K7,-1,0.6285451644,GSE120805
DGKD,-1,0.00140509888,GSE120805
CTTNBP2,-1,0.8439983965,GSE120805
RARB,-1,0.01789028872,GSE120805
TOP2B,1,0.05037264305,GSE120805
TM9SF3,1,0.2382685013,GSE120805
NFKB2,1,0.9045961357,GSE120805
UBE2T,1,0.8421543899,GSE120805
PPP1R12B,-1,0.7924499907,GSE120805
DNAJC10,-1,0.9410758746,GSE120805
GTF3C1,1,0.2915077672,GSE120805
IL4R,-1,0.5778835926,GSE120805
USP33,1,0.0001772862378,GSE120805
PAK3,1,0.02002527901,GSE120805
SNRPA,-1,0.3814948962,GSE120805
SPAG6,1,NA,GSE120805
EXOSC5,-1,0.0001113842652,GSE120805
DYNC1I2,1,0.9923664184,GSE120805
APBB1IP,-1,0.383126656,GSE120805
LRCH4,1,0.628552169,GSE120805
FAM76B,-1,0.9469076172,GSE120805
SIRT6,-1,0.628552169,GSE120805
POLD3,-1,0.0002899105455,GSE120805
ACTN2,1,NA,GSE120805
CAPZB,-1,0.1578953493,GSE120805
GPR137B,1,0.1864351596,GSE120805
NAALAD2,1,0.9445991972,GSE120805
JADE1,-1,2.09E-06,GSE120805
SLC25A43,-1,2.72E-06,GSE120805
UBE2A,1,0.9312572949,GSE120805
FGFR1,-1,0.8958454031,GSE120805
FKBP6,1,NA,GSE120805
FBLN1,1,0.9760391482,GSE120805
ITGA8,1,NA,GSE120805
MAP2,-1,0.2402623014,GSE120805
PIAS2,1,0.952138116,GSE120805
AMPH,-1,0.00048088474,GSE120805
ARAF,-1,0.867687184,GSE120805
MCCC1,1,0.1605783577,GSE120805
LAMP3,1,0.08598367202,GSE120805
FAP,-1,0.03385615913,GSE120805
NEBL,-1,0.5959529704,GSE120805
ACER3,1,0.9986499334,GSE120805
UBE2K,-1,0.5850681788,GSE120805
PIK3C3,1,0.8571900481,GSE120805
N4BP2,1,0.9341307672,GSE120805
TIGAR,1,0.9309931909,GSE120805
TULP3,-1,0.8721579169,GSE120805
SYNJ2,-1,0.06829737876,GSE120805
ADCY2,1,NA,GSE120805
PPP2R5C,1,1.62E-20,GSE120805
GNB1,-1,0.3998132678,GSE120805
EDN1,-1,0.06056272347,GSE120805
MLLT10,-1,0.07755451525,GSE120805
ZCWPW1,1,1.88E-14,GSE120805
ADCYAP1R1,1,NA,GSE120805
FGF20,1,0.9723583011,GSE120805
NRDC,-1,0.7206659222,GSE120805
VDAC3,1,0.7922199333,GSE120805
PCM1,1,0.1130324524,GSE120805
TNRC6C,1,0.437322396,GSE120805
CBFA2T2,1,0.8647800089,GSE120805
ITCH,1,0.7420429021,GSE120805
PKD2L2,1,0.9995559892,GSE120805
TP53INP2,1,0.7076602258,GSE120805
SDF4,-1,0.770169127,GSE120805
MYH7B,1,0.841280206,GSE120805
TP73,-1,0.7430728052,GSE120805
TOLLIP,1,0.7287179306,GSE120805
UBE2D4,-1,0.5819433006,GSE120805
CLUL1,-1,NA,GSE120805
RUNX1T1,-1,0.6223063027,GSE120805
CDH17,1,NA,GSE120805
THOC1,-1,0.9611004184,GSE120805
FKBP7,-1,0.03718533915,GSE120805
OSBPL6,-1,1.18E-13,GSE120805
SLC1A3,-1,0.04679045321,GSE120805
XRCC5,-1,0.4922116735,GSE120805
LXN,1,0.8063845884,GSE120805
SP140,1,0.1759730602,GSE120805
MKNK1,1,0.2025267725,GSE120805
TNS1,-1,0.3663787445,GSE120805
REXO1,-1,0.9829633037,GSE120805
SAR1A,1,0.9671795319,GSE120805
CDC14A,1,0.01513392658,GSE120805
RAPGEF3,1,3.30E-13,GSE120805
CEACAM1,1,3.02E-06,GSE120805
SENP1,-1,0.5364359416,GSE120805
DUSP13B,1,0.05648102945,GSE120805
CIC,-1,0.8676379331,GSE120805
LIPE,1,0.4180577813,GSE120805
FDFT1,1,0.6069323171,GSE120805
PAFAH1B3,-1,0.006397341937,GSE120805
OPHN1,-1,0.05305293878,GSE120805
AFM,-1,NA,GSE120805
KIF22,1,0.08161794117,GSE120805
CARMIL1,-1,0.7263630566,GSE120805
PGM1,-1,8.46E-05,GSE120805
DDX1,-1,0.4447465149,GSE120805
DNM2,1,0.3344270555,GSE120805
EPB41L2,-1,0.5693182222,GSE120805
RIMS1,-1,0.1767928697,GSE120805
MOXD1,-1,0.2753774822,GSE120805
STX7,-1,0.8474898933,GSE120805
RABL2B,-1,0.8780983611,GSE120805
RABL2A,-1,0.8780983611,GSE120805
KEAP1,1,0.541449975,GSE120805
PTPRH,1,0.6984330856,GSE120805
DCT,1,NA,GSE120805
SLC35H1,1,0.7306762799,GSE120805
CRYBG3,-1,0.2900212328,GSE120805
EPHA6,-1,NA,GSE120805
RFX3,1,0.3124024405,GSE120805
RIF1,-1,0.3857583051,GSE120805
RAB21,1,0.2514015992,GSE120805
SLC4A4,-1,1.58E-05,GSE120805
SMARCA2,1,0.5799049167,GSE120805
RDH8,1,NA,GSE120805
SESN1,1,8.57E-09,GSE120805
MID2,1,0.26145497,GSE120805
COL5A3,-1,0.3362030276,GSE120805
SRCAP,1,0.9996485988,GSE120805
PUM3,-1,0.02136804826,GSE120805
CHRNA3,1,NA,GSE120805
KCNN2,1,NA,GSE120805
CNOT4,-1,0.8875071851,GSE120805
PSEN1,-1,0.9046553576,GSE120805
CPOX,-1,0.005466597878,GSE120805
CLDND1,-1,0.3729469507,GSE120805
MOK,-1,2.17E-12,GSE120805
HSP90AA1,-1,0.541976629,GSE120805
RBL1,-1,0.9877003081,GSE120805
DLGAP4,-1,0.9615893493,GSE120805
IGSF9B,-1,0.913338775,GSE120805
CROCCP3,1,0.8376922313,GSE120805
NDC80,1,1.71E-08,GSE120805
AP4E1,1,0.006197065707,GSE120805
RSBN1,1,0.9853079779,GSE120805
MAGI3,1,0.9335267807,GSE120805
CXCL2,-1,0.1279689452,GSE120805
AFP,1,0.9625103595,GSE120805
COL4A4,-1,0.002092380205,GSE120805
TCF7,-1,0.7327493576,GSE120805
OSTM1,1,0.000590011256,GSE120805
IMPG2,-1,0.8741217391,GSE120805
PCNP,1,0.6072800826,GSE120805
EXD2,1,0.08014077456,GSE120805
ARG2,-1,0.8116916497,GSE120805
MEF2C,1,0.91436595,GSE120805
PTPRC,-1,0.9367509299,GSE120805
CACNA1S,1,NA,GSE120805
PKP1,1,5.99E-05,GSE120805
UBA5,-1,0.7130473001,GSE120805
STK17B,1,0.7604205656,GSE120805
CDC14B,1,2.33E-06,GSE120805
ZNF510,1,0.9278196672,GSE120805
LRP2,-1,NA,GSE120805
ZNF506,1,0.07606414483,GSE120805
JMJD4,-1,0.6479041592,GSE120805
DUSP12,-1,0.2737843844,GSE120805
AACS,1,0.298391458,GSE120805
DELE1,1,0.6704736118,GSE120805
CADPS2,1,NA,GSE120805
PCDHB4,-1,NA,GSE120805
PCDHGA2,-1,0.9197482453,GSE120805
IFT25,1,0.3759985695,GSE120805
PHLPP1,-1,0.48777823,GSE120805
ATP8B1,1,0.1327450564,GSE120805
IL12RB2,1,NA,GSE120805
SMARCD3,-1,0.2685908891,GSE120805
WDR70,1,0.8463827068,GSE120805
FYB1,1,0.355716517,GSE120805
MPP4,1,0.8063845884,GSE120805
STRADB,1,0.02512082877,GSE120805
BZW1,-1,0.8217201311,GSE120805
PGR,1,0.8398630116,GSE120805
C1QTNF3,1,0.1498313171,GSE120805
ME2,1,0.6596356718,GSE120805
C5orf22,-1,0.9969213754,GSE120805
CCNT2,-1,0.7591079483,GSE120805
FAM135A,-1,0.1862655728,GSE120805
COL19A1,1,0.9766064458,GSE120805
EPB41L3,1,0.5263163272,GSE120805
COBLL1,-1,0.8662409889,GSE120805
DLG3,1,3.85E-06,GSE120805
KCNK2,-1,1.18E-14,GSE120805
SERTAD4,-1,0.01706061234,GSE120805
TRAF5,-1,8.98E-10,GSE120805
MRPL22,-1,0.4991724834,GSE120805
GEMIN5,-1,2.94E-18,GSE120805
OPRK1,1,NA,GSE120805
NFE2L1,-1,0.7702586884,GSE120805
SEMA5B,-1,0.006827292133,GSE120805
GSK3B,-1,0.9711575346,GSE120805
ITGB5,-1,0.3104144244,GSE120805
ERC1,-1,0.6752735294,GSE120805
XPO1,1,0.5426142354,GSE120805
LINC01587,-1,NA,GSE120805
RNF13,1,0.9688329382,GSE120805
TRPM3,1,0.6678184882,GSE120805
PALB2,-1,0.7074155737,GSE120805
DOP1A,1,1.78E-07,GSE120805
LYRM2,1,0.1090205653,GSE120805
BCKDHB,1,0.4715106703,GSE120805
KAT6A,-1,0.9865847648,GSE120805
TUT7,-1,0.9751228223,GSE120805
ULK2,1,0.3426843585,GSE120805
GRHL2,1,NA,GSE120805
TNPO1,1,0.9806016677,GSE120805
PLOD1,-1,0.2470268425,GSE120805
P2RX5,1,0.5205888563,GSE120805
ITGAE,1,0.7418866353,GSE120805
DIS3,1,0.9469076172,GSE120805
PIBF1,1,0.4263994768,GSE120805
TDRD3,-1,0.001129630859,GSE120805
NUFIP1,-1,0.0233651389,GSE120805
PDS5B,1,0.2798759586,GSE120805
OXCT1,-1,1.01E-07,GSE120805
RRAGB,1,0.3974125394,GSE120805
EPYC,1,NA,GSE120805
CYLD,1,1.67E-09,GSE120805
SLC27A5,-1,0.2448291372,GSE120805
ZNF324,-1,0.3307032187,GSE120805
ZNF671,1,0.1615149109,GSE120805
ZNF416,-1,0.03422947435,GSE120805
ZNF586,1,0.8571210502,GSE120805
ZNF446,-1,0.1251726492,GSE120805
ZNF264,-1,0.726412528,GSE120805
RPS5,-1,0.6459357113,GSE120805
FAT1,-1,0.03275306018,GSE120805
YTHDC1,-1,0.550164059,GSE120805
CHMP2B,1,0.8278037482,GSE120805
SMAP2,-1,0.9050863337,GSE120805
PPIE,1,0.9897448385,GSE120805
ZMPSTE24,-1,0.9928565244,GSE120805
STARD7,-1,0.1030076184,GSE120805
NOA1,-1,0.9643651901,GSE120805
REST,-1,0.9781277042,GSE120805
HAL,1,0.9968957371,GSE120805
SSH1,-1,0.2075166674,GSE120805
GSTP1,1,0.5178434906,GSE120805
APLP2,1,0.8559703933,GSE120805
FAM234B,-1,0.9101785057,GSE120805
WBP11,-1,0.8919862772,GSE120805
EIF3I,-1,0.8774469747,GSE120805
NKAIN1,-1,0.8889955814,GSE120805
COL16A1,-1,0.0006820389564,GSE120805
TXLNA,-1,0.8458044262,GSE120805
APOB,-1,NA,GSE120805
NCOA1,1,0.7168140784,GSE120805
AGBL5,1,9.46E-05,GSE120805
EFR3B,1,0.2032770253,GSE120805
KIF3C,1,0.972948578,GSE120805
RAB10,-1,0.6034366912,GSE120805
GCKR,1,0.7875891402,GSE120805
HADHA,-1,0.1111726298,GSE120805
MAPRE3,1,0.002627272582,GSE120805
CAD,-1,0.0009197024818,GSE120805
CD59,1,0.3933517933,GSE120805
CD82,1,3.54E-08,GSE120805
BCORL1,-1,0.9817509172,GSE120805
ATRX,1,0.06921215396,GSE120805
AK6,-1,0.986830515,GSE120805
MYNN,-1,0.8985987362,GSE120805
MECOM,-1,0.1607769873,GSE120805
SCAMP1,1,0.8106440809,GSE120805
PREP,-1,0.0001322086124,GSE120805
HACE1,1,0.9597429339,GSE120805
SEH1L,-1,1.96E-07,GSE120805
WDR47,1,0.4700673142,GSE120805
WDFY1,1,0.8265703885,GSE120805
OVGP1,1,0.1381421474,GSE120805
SLC25A24,-1,0.8136774779,GSE120805
MAP3K4,-1,0.5692233174,GSE120805
PILRA,1,0.8089607593,GSE120805
IGSF9,-1,0.06412869308,GSE120805
ABCB1,1,0.02081986508,GSE120805
ZNF213,-1,0.6314205431,GSE120805
AKR1B1,1,0.4598549797,GSE120805
CPNE3,1,9.04E-06,GSE120805
RRN3,1,0.9136011092,GSE120805
CTTN,1,0.8237380041,GSE120805
WNT11,1,0.4934565508,GSE120805
MTIF2,1,0.9417934121,GSE120805
DDHD2,1,0.6972959011,GSE120805
TTC39A,1,0.0001729143594,GSE120805
EPS15,1,0.6926186556,GSE120805
ORC1,-1,4.47E-06,GSE120805
MGST2,1,1.63E-06,GSE120805
CHERP,-1,0.6936016749,GSE120805
ATG16L1,-1,0.911615399,GSE120805
USP40,1,0.1728217592,GSE120805
POMGNT1,1,6.35E-06,GSE120805
RAD54L,-1,0.02144151775,GSE120805
MAST2,-1,0.7734617735,GSE120805
DNAJA1,1,0.8428157135,GSE120805
B4GALT1,-1,0.2709141815,GSE120805
CHMP5,1,0.03522859586,GSE120805
NFX1,-1,0.008157196823,GSE120805
AQP6,1,NA,GSE120805
DIMT1,-1,0.01336557615,GSE120805
IPO11,1,0.6317849199,GSE120805
IPO11-LRRC70,1,0.6317849199,GSE120805
EIF2AK1,-1,0.8228622978,GSE120805
EPDR1,-1,0.03722748987,GSE120805
SNX10,1,0.879041159,GSE120805
SEPHS1,1,0.8999709974,GSE120805
MRPL28,1,0.8720932388,GSE120805
HBQ1,1,0.9193594707,GSE120805
ITPKC,1,0.06852612045,GSE120805
FAT2,1,0.3945360032,GSE120805
RBM22,-1,0.706103665,GSE120805
TMED2,-1,0.6394614465,GSE120805
ERO1B,1,2.64E-13,GSE120805
ZFAND6,1,0.3729469507,GSE120805
HSD17B2,-1,0.01645374958,GSE120805
TXLNG,-1,0.023031888,GSE120805
LAT2,1,0.1251726492,GSE120805
HUWE1,-1,0.9582207772,GSE120805
ZW10,-1,0.184524806,GSE120805
ALG9,-1,0.0220492208,GSE120805
MYBPC2,1,NA,GSE120805
NOX4,-1,3.08E-05,GSE120805
ACOX3,-1,0.9622913854,GSE120805
MTMR2,-1,0.003729905387,GSE120805
PPP1R15A,1,0.1053958446,GSE120805
HSD17B14,1,0.002147947564,GSE120805
TRIP6,1,0.1724047526,GSE120805
ACHE,1,0.0004769112603,GSE120805
FTL,-1,0.6096892907,GSE120805
SRRT,-1,0.7886798197,GSE120805
BAX,1,0.9661189853,GSE120805
NLK,1,3.05E-09,GSE120805
PIGS,-1,0.8478855663,GSE120805
ADAMTS2,-1,1.63E-10,GSE120805
TMPRSS11E,1,NA,GSE120805
ATXN7L3,-1,0.2833138275,GSE120805
PGS1,1,0.550164059,GSE120805
PSMC5,-1,0.7251545004,GSE120805
UIMC1,-1,0.9640615679,GSE120805
CETP,-1,NA,GSE120805
MMP2,-1,0.06877759998,GSE120805
MT3,1,NA,GSE120805
LPCAT2,-1,0.2105493829,GSE120805
GNAO1,1,0.6858926754,GSE120805
OGFOD1,-1,0.0002066992399,GSE120805
SH3BP2,-1,0.03611449941,GSE120805
NOP14,-1,4.02E-06,GSE120805
ADD1,-1,0.8621691544,GSE120805
L2HGDH,-1,0.2404019066,GSE120805
TXNDC16,1,0.1620505725,GSE120805
RTRAF,-1,0.9975184211,GSE120805
NID2,-1,0.01355637325,GSE120805
GMCL1,-1,0.3015490007,GSE120805
SF3B2,-1,0.8557281969,GSE120805
KLHL42,-1,0.3446392666,GSE120805
GNAS,-1,0.342423922,GSE120805
DNM1L,1,0.964443069,GSE120805
PTHLH,1,0.393348037,GSE120805
PHACTR3,1,NA,GSE120805
ERGIC2,1,0.7849332238,GSE120805
AURKA,1,5.61E-15,GSE120805
CASS4,1,0.2404639645,GSE120805
PIR,1,4.57E-05,GSE120805
AAMDC,1,1.36E-05,GSE120805
RFX2,-1,0.2529061586,GSE120805
METTL2A,-1,0.2443110151,GSE120805
SULT2B1,1,0.8048173719,GSE120805
ALG6,-1,0.9274252076,GSE120805
CNOT3,-1,0.9671712698,GSE120805
PTPN4,1,0.8843834409,GSE120805
DDX18,-1,0.003132534615,GSE120805
KHSRP,-1,0.7336661624,GSE120805
GNA11,1,0.7374529507,GSE120805
ASAP3,1,1.31E-05,GSE120805
EDEM2,-1,0.7673192715,GSE120805
MMP24-AS1-EDEM2,-1,0.7673192715,GSE120805
DNMT3B,1,0.533751154,GSE120805
REM1,1,NA,GSE120805
TPX2,1,0.6325055227,GSE120805
FER1L4,1,0.09599040785,GSE120805
PDRG1,-1,0.9437802868,GSE120805
EPB41L1,1,0.9037338318,GSE120805
SLC15A1,1,NA,GSE120805
DOCK9,1,0.7213788701,GSE120805
ANKRD10,1,0.9642859229,GSE120805
TGDS,-1,0.9455996413,GSE120805
DOCK3,1,0.8074364936,GSE120805
C3orf18,1,1.77E-07,GSE120805
COQ9,1,0.0321979934,GSE120805
TMEM40,1,0.0008174899983,GSE120805
KIF9,1,0.8517168011,GSE120805
ARHGAP28,-1,0.0002689536156,GSE120805
CRLS1,-1,0.5807340534,GSE120805
PPP1R13B,1,0.7821311432,GSE120805
ATRN,1,0.5928280739,GSE120805
SMOX,1,5.25E-06,GSE120805
SIGLEC1,1,NA,GSE120805
FKBP1A,-1,0.3605079511,GSE120805
NSFL1C,-1,0.817205697,GSE120805
SLC4A11,1,0.7213788701,GSE120805
DNAAF9,-1,0.3131536101,GSE120805
ZNF343,-1,0.6356591907,GSE120805
EBF4,-1,0.9981070468,GSE120805
CPXM1,-1,0.7786043535,GSE120805
MAVS,1,0.3717943298,GSE120805
LZTS3,-1,0.9336842607,GSE120805
XRN2,-1,0.6064361286,GSE120805
KIZ,1,0.04849556721,GSE120805
DYNLL1,1,0.8968129448,GSE120805
TESC,1,NA,GSE120805
SNX5,-1,0.4370666387,GSE120805
RPL6,-1,0.7653044546,GSE120805
MAPKAPK5,-1,0.4942410292,GSE120805
P2RX7,1,6.47E-12,GSE120805
ESF1,-1,0.3541877961,GSE120805
RBBP9,1,0.6563180808,GSE120805
ANAPC5,-1,0.4496757412,GSE120805
SLC23A2,1,0.2004411705,GSE120805
SLC8B1,1,0.6317849199,GSE120805
TMEM230,1,0.2779050417,GSE120805
DZANK1,-1,0.9158206927,GSE120805
KDM2B,-1,0.4328287014,GSE120805
CFAP61,1,NA,GSE120805
TASP1,-1,0.5961052325,GSE120805
OAS1,-1,0.9928565244,GSE120805
GCN1,-1,0.8016879668,GSE120805
RPLP0,1,0.8869164695,GSE120805
PXN,-1,0.9701634165,GSE120805
SIRT4,1,0.4904611468,GSE120805
KIF16B,1,0.06057603969,GSE120805
TRMT6,-1,0.03192282053,GSE120805
CHGB,1,NA,GSE120805
PEBP1,-1,0.7616101966,GSE120805
BRAP,1,0.8474898933,GSE120805
ERP29,-1,0.8852712158,GSE120805
NOS1,1,NA,GSE120805
FUS,-1,0.5712786817,GSE120805
IGBP1,1,0.2844812553,GSE120805
FXYD5,-1,0.5594316962,GSE120805
ZNF302,1,0.05121454291,GSE120805
GRAMD1A,-1,0.9702963074,GSE120805
FXYD3,1,NA,GSE120805
HEPH,-1,NA,GSE120805
CDIP1,1,9.68E-08,GSE120805
CMTM1,1,0.003087917375,GSE120805
KCNH4,1,NA,GSE120805
GANAB,-1,0.6748198314,GSE120805
GMIP,1,0.9636442667,GSE120805
RBM41,1,1.66E-06,GSE120805
BIRC5,1,1.41E-05,GSE120805
LAG3,-1,0.9394298545,GSE120805
MLF2,1,0.7879637453,GSE120805
OTUB2,1,0.8948047201,GSE120805
DDX24,-1,0.08602577669,GSE120805
ZBTB25,1,0.7076602258,GSE120805
NECAP1,1,0.7680174593,GSE120805
ARHGAP4,1,0.005300674449,GSE120805
ANKRD24,1,1.86E-05,GSE120805
DHX32,1,0.7226781909,GSE120805
RCOR1,1,0.6486393345,GSE120805
GPATCH2L,1,0.00704748536,GSE120805
LTBP4,-1,0.5923022747,GSE120805
BLVRB,1,0.511356069,GSE120805
SLC9A1,1,0.9938666388,GSE120805
SPTLC1,1,0.7594642946,GSE120805
PAPOLA,-1,0.8016956356,GSE120805
CCNK,-1,0.9977423222,GSE120805
PCBP4,-1,0.171514727,GSE120805
YPEL3,1,2.60E-06,GSE120805
MRPS33,1,0.2032768233,GSE120805
NDUFB2,-1,0.9650865512,GSE120805
NUDC,-1,0.6585307826,GSE120805
MAEA,-1,0.9589197089,GSE120805
ICAM1,1,0.3454528821,GSE120805
STRN4,1,0.5826181583,GSE120805
IRAK3,-1,0.9801010023,GSE120805
LYZ,1,0.6126416085,GSE120805
SI,1,NA,GSE120805
MUL1,-1,0.7128964308,GSE120805
TFAP4,-1,5.18E-08,GSE120805
PDCD7,1,0.4068208546,GSE120805
SPG21,-1,0.007112125001,GSE120805
DNAJB11,-1,0.672056549,GSE120805
P3H2,-1,0.8116266167,GSE120805
THPO,-1,NA,GSE120805
CHRD,1,0.6742227602,GSE120805
FLT3LG,1,0.5822550744,GSE120805
RAB11FIP3,1,0.05647729914,GSE120805
GNPTG,1,0.002666655168,GSE120805
ZNF268,1,0.7756510213,GSE120805
GOLGA3,-1,0.7359450278,GSE120805
PABPC4,-1,0.06640010566,GSE120805
CERS4,1,0.7881634609,GSE120805
MCOLN1,1,0.5168155775,GSE120805
USP48,-1,0.5746822569,GSE120805
EFNB1,1,0.04649322566,GSE120805
PDPR,1,0.9836840624,GSE120805
LOC124907803,1,0.9836840624,GSE120805
LOC128966601,1,0.9836840624,GSE120805
AARS1,-1,0.7430728961,GSE120805
GLG1,1,0.9820269509,GSE120805
KIF4A,1,4.62E-14,GSE120805
TNRC6A,-1,0.8995096815,GSE120805
PLEKHG2,-1,0.7834137679,GSE120805
DLL3,1,0.3535641645,GSE120805
NAT14,1,0.630217972,GSE120805
PITPNM2,-1,0.2400926337,GSE120805
EXOC1,1,0.1747038831,GSE120805
RBM27,1,0.6508940696,GSE120805
POU4F3,-1,0.9904365617,GSE120805
OSBPL8,1,0.4715303669,GSE120805
DTX2,-1,0.9253050509,GSE120805
NLRC4,1,NA,GSE120805
PUS7,-1,1.39E-06,GSE120805
LAMB4,1,0.2357005763,GSE120805
NRCAM,1,0.4499825227,GSE120805
LAMB1,-1,3.02E-12,GSE120805
SLC26A4,1,0.898370724,GSE120805
DLD,-1,0.1450900745,GSE120805
WDR7,1,0.01513973441,GSE120805
TXNL1,1,0.1178572053,GSE120805
IL5RA,1,NA,GSE120805
ABCC6,1,0.001037786702,GSE120805
CMTM6,1,0.001245344346,GSE120805
ITGA6,1,0.8761208124,GSE120805
RAPGEF4,-1,0.4072508245,GSE120805
MAP3K20,-1,0.0008981077388,GSE120805
FH,-1,0.3916269571,GSE120805
SEL1L3,-1,0.0009912267976,GSE120805
TF,-1,NA,GSE120805
CDV3,-1,2.33E-11,GSE120805
MYO15A,1,0.01952588603,GSE120805
ALKBH5,-1,0.1134724938,GSE120805
NLRP1,-1,0.218000318,GSE120805
PITPNM3,-1,0.003153840846,GSE120805
SPAG7,-1,0.3957931778,GSE120805
ORC6,1,0.8772456876,GSE120805
ZFHX4,-1,0.5923960726,GSE120805
CPA1,1,NA,GSE120805
ZC3HC1,1,0.5834170332,GSE120805
ESR1,1,NA,GSE120805
RGS17,-1,0.628552169,GSE120805
ANGPT2,1,NA,GSE120805
TMEM101,1,0.7575885488,GSE120805
CD200,1,0.87059039,GSE120805
CCDC80,-1,5.57E-21,GSE120805
PSME1,1,0.1891572486,GSE120805
PPP2R3C,-1,0.01660563575,GSE120805
HAUS4,1,0.5895998868,GSE120805
JPH4,1,NA,GSE120805
SLC7A8,1,0.8051329257,GSE120805
OSGEP,-1,0.800447177,GSE120805
SLC22A17,1,0.002968532414,GSE120805
RNF31,1,0.3560354028,GSE120805
SCFD1,-1,0.742593357,GSE120805
G2E3,1,1.55E-11,GSE120805
HECTD1,1,0.6123184196,GSE120805
HNRNPC,1,0.8543117119,GSE120805
RPGRIP1,-1,NA,GSE120805
SUPT16H,-1,0.003922771019,GSE120805
TOX4,1,0.9231382003,GSE120805
GEMIN2,-1,0.8016879668,GSE120805
TGM1,-1,0.5206785968,GSE120805
TINF2,-1,0.515349994,GSE120805
TBL1Y,1,NA,GSE120805
TRPM7,1,0.006694986185,GSE120805
TYRO3,1,0.1504372348,GSE120805
WDR76,-1,0.4433132664,GSE120805
CAPN3,1,0.4006841882,GSE120805
SNAP23,1,0.02791040663,GSE120805
TBX15,1,0.9240303349,GSE120805
PHGDH,-1,0.3034997543,GSE120805
COL9A3,1,1.43E-13,GSE120805
EZR,-1,0.06128183922,GSE120805
MYL6,-1,0.1536297717,GSE120805
AGO1,1,0.9623481895,GSE120805
TEKT2,1,0.9193382787,GSE120805
CLSPN,-1,0.3218148214,GSE120805
RFFL,-1,0.7992526573,GSE120805
UNC13D,1,0.0001208586465,GSE120805
MFSD11,1,6.78E-09,GSE120805
DPYSL2,-1,2.47E-07,GSE120805
TGFB2,-1,1.14E-09,GSE120805
GPATCH2,1,0.009907148473,GSE120805
NUP50,-1,0.6089406483,GSE120805
CDC45,-1,0.0001266925269,GSE120805
COMT,-1,0.7631343532,GSE120805
ADA2,1,0.9810098178,GSE120805
ECHDC1,1,0.6811676067,GSE120805
LRRFIP2,1,0.1402831922,GSE120805
SEC22C,1,0.896143318,GSE120805
XYLB,-1,0.03562034577,GSE120805
HDAC6,-1,0.6614427237,GSE120805
CDC6,-1,0.002301282383,GSE120805
UPRT,1,0.004710029606,GSE120805
CDC23,-1,0.5008910663,GSE120805
AAAS,-1,0.05658637952,GSE120805
CBX5,-1,0.9253050509,GSE120805
SUCO,1,0.7954345062,GSE120805
MSH2,-1,0.9579353236,GSE120805
MAP3K1,-1,0.06564109557,GSE120805
DHPS,1,0.4049275694,GSE120805
HOOK2,1,6.60E-06,GSE120805
ARCN1,-1,0.8420489108,GSE120805
EPB41L4B,1,0.7611759661,GSE120805
TMEM38B,1,0.2936741585,GSE120805
PSMD5,-1,0.8216244337,GSE120805
PTGS1,1,0.8146145112,GSE120805
NUP188,-1,0.3554414084,GSE120805
CRAT,1,3.18E-05,GSE120805
SH2D3C,1,0.8772456876,GSE120805
NANS,-1,0.4135096896,GSE120805
TBC1D2,-1,1.27E-08,GSE120805
WHRN,1,0.01608176353,GSE120805
CWF19L1,1,0.9069681621,GSE120805
SEMA4G,1,0.9004912627,GSE120805
BTAF1,1,0.5539332162,GSE120805
IKZF5,-1,0.6034086198,GSE120805
BLNK,1,NA,GSE120805
TLL2,1,0.7886931317,GSE120805
CYP26A1,1,0.01750583008,GSE120805
TDRD1,1,NA,GSE120805
SORBS1,1,0.01215296305,GSE120805
CRTAC1,1,0.7261592024,GSE120805
BAMBI,-1,0.004718170392,GSE120805
IL11,1,0.01198543561,GSE120805
MYO3A,-1,0.7542320157,GSE120805
WAC,1,0.9977423222,GSE120805
CREM,-1,0.9286337511,GSE120805
NUBP2,1,0.9480394343,GSE120805
SMIM24,-1,0.6248574752,GSE120805
HIVEP1,-1,0.3846227909,GSE120805
TREM2,1,0.0004227846869,GSE120805
FKBP5,-1,0.550164059,GSE120805
SRPK1,-1,0.5938174784,GSE120805
BRPF3,-1,0.9854144492,GSE120805
MRPS18A,1,0.6846852413,GSE120805
TMEM14A,1,0.9723583011,GSE120805
EFHC1,1,0.7920951396,GSE120805
HSP90AB1,-1,0.0372735083,GSE120805
CDC5L,1,0.9717481479,GSE120805
ITPR3,-1,0.4259018431,GSE120805
ZNF184,-1,0.2900397453,GSE120805
DSP,-1,0.0001671953199,GSE120805
SIRT1,1,0.4129051784,GSE120805
HNRNPH3,-1,0.3791972081,GSE120805
IFT74,1,1.31E-08,GSE120805
JAK2,-1,0.5133141119,GSE120805
IL12RB1,1,NA,GSE120805
ABL1,-1,0.7510345702,GSE120805
ACOT7,-1,0.2432200944,GSE120805
SH3GLB1,1,0.8935225789,GSE120805
CDC7,1,0.8161771342,GSE120805
SYDE2,-1,0.02332552978,GSE120805
PCSK5,1,0.742593357,GSE120805
SCD,-1,7.09E-26,GSE120805
TMED1,-1,0.8549439743,GSE120805
ABLIM1,-1,0.03759210897,GSE120805
ERMP1,1,0.1582341054,GSE120805
RAB18,1,0.7082090499,GSE120805
NRP1,-1,3.59E-08,GSE120805
PRTFDC1,-1,0.9256993297,GSE120805
PALMD,1,0.004035244404,GSE120805
TSPAN15,1,0.2799454036,GSE120805
MACROH2A2,-1,0.4314121784,GSE120805
WASHC2C,1,0.6359171034,GSE120805
WASHC2A,1,0.6359171034,GSE120805
MAST3,-1,0.9663177167,GSE120805
MZF1,-1,0.6238192641,GSE120805
OCEL1,1,0.8138711797,GSE120805
MYO9B,-1,0.7959809306,GSE120805
KCNK6,1,0.7943746546,GSE120805
CATSPERG,1,0.1384071703,GSE120805
PSMD8,-1,0.8598895184,GSE120805
FBXL19,1,0.00228000187,GSE120805
STX1B,-1,0.9723583011,GSE120805
HSD3B7,1,0.7849332238,GSE120805
SETD1A,-1,0.8251964142,GSE120805
BCL7C,-1,0.332116001,GSE120805
MAGEB2,-1,NA,GSE120805
EFNA2,-1,0.9395287208,GSE120805
CIRBP,1,0.8159277074,GSE120805
ATP5F1D,-1,0.6900868859,GSE120805
CBARP,-1,0.9940317341,GSE120805
IGFALS,1,NA,GSE120805
HNRNPM,-1,0.5864276427,GSE120805
MARCHF2,1,7.23E-07,GSE120805
NDUFB7,-1,0.7201773969,GSE120805
TECR,-1,0.8592042923,GSE120805
TIMM13,-1,0.09437559311,GSE120805
CDC34,1,0.7976765827,GSE120805
MTAP,-1,3.75E-05,GSE120805
MISP,1,0.221007008,GSE120805
CEP170B,1,0.6789909322,GSE120805
POLR2E,-1,0.5520725776,GSE120805
POLRMT,-1,0.06721565161,GSE120805
HCN2,-1,0.9876394238,GSE120805
CDHR5,-1,NA,GSE120805
IZUMO4,1,0.703814312,GSE120805
RASSF7,-1,0.2780760274,GSE120805
GADD45B,-1,0.002655501182,GSE120805
PALM,-1,0.9116994445,GSE120805
MADCAM1,1,0.01660585305,GSE120805
MKNK2,1,0.5168155775,GSE120805
ARVCF,1,0.0217532757,GSE120805
TRMT2A,1,0.6571345549,GSE120805
RANBP1,-1,0.07604039066,GSE120805
ZDHHC8,-1,0.8526001397,GSE120805
KLHL22,1,8.09E-07,GSE120805
MED15,-1,0.8757022543,GSE120805
SERPIND1,1,NA,GSE120805
SNAP29,1,0.9287076572,GSE120805
CRKL,-1,0.0006044578911,GSE120805
LZTR1,-1,0.9096701176,GSE120805
MMP11,1,2.09E-08,GSE120805
CECR2,-1,0.838809069,GSE120805
SMARCB1,-1,0.8907558158,GSE120805
P2RX6,1,0.9515546075,GSE120805
DERL3,-1,NA,GSE120805
SLC7A4,-1,0.213789157,GSE120805
BCL2L13,1,0.005657479693,GSE120805
DDTL,-1,NA,GSE120805
DDT,-1,0.5708300944,GSE120805
DDTL,-1,0.5708300944,GSE120805
OSM,1,NA,GSE120805
CABIN1,1,0.999335329,GSE120805
TBC1D10A,1,0.5996425938,GSE120805
SUSD2,-1,0.5833684455,GSE120805
SF3A1,-1,0.9424304225,GSE120805
GGT5,-1,NA,GSE120805
RNF215,1,0.5612739736,GSE120805
SEC14L2,-1,0.001532019985,GSE120805
SPECC1L,1,0.9942285054,GSE120805
PPIL2,-1,0.4986021916,GSE120805
UPB1,1,0.2311979032,GSE120805
YPEL1,1,1.78E-22,GSE120805
SNRPD3,-1,0.7823569404,GSE120805
PES1,-1,1.61E-06,GSE120805
MAPK1,1,0.1424746638,GSE120805
GGT1,1,0.4937764283,GSE120805
PPM1F,1,0.006456198835,GSE120805
SLC35E4,1,0.1535283852,GSE120805
TOP3B,1,0.4218082408,GSE120805
CRYBB3,1,NA,GSE120805
CYTH4,1,0.7215774228,GSE120805
ESS2,-1,0.7563048124,GSE120805
MFNG,-1,0.165234519,GSE120805
CARD10,-1,0.1298825088,GSE120805
SLC25A1,-1,0.008255630145,GSE120805
GRK3,1,0.3769036297,GSE120805
PLA2G3,1,NA,GSE120805
GGA1,1,0.9032539991,GSE120805
HIRA,-1,0.09529061552,GSE120805
SH3BP1,1,0.9426753367,GSE120805
LGALS1,-1,0.3049381068,GSE120805
HPS4,-1,0.5768626124,GSE120805
PIK3IP1,1,0.1704303447,GSE120805
SRRD,-1,0.00028388114,GSE120805
PATZ1,-1,0.7457529546,GSE120805
TRIOBP,1,0.628552169,GSE120805
TFIP11,1,0.9102407565,GSE120805
GCAT,-1,0.9007911422,GSE120805
CRYBB1,-1,NA,GSE120805
ANKRD54,1,0.4302709774,GSE120805
EIF3L,-1,0.6255529306,GSE120805
SNU13,-1,2.25E-05,GSE120805
MICALL1,-1,0.97412902,GSE120805
POLR2F,-1,0.8498887483,GSE120805
CCDC134,1,0.8059254353,GSE120805
DEPDC5,-1,0.9711575346,GSE120805
PICK1,1,0.001337767473,GSE120805
TTC28,1,0.9659783472,GSE120805
SLC16A8,-1,NA,GSE120805
CENPM,1,0.6949323918,GSE120805
SEPTIN3,1,0.8089607593,GSE120805
SLC5A1,1,NA,GSE120805
KDELR3,-1,2.35E-07,GSE120805
CYP2D6,1,0.4400943443,GSE120805
DDX17,1,2.40E-05,GSE120805
DMC1,1,0.7640514879,GSE120805
TCF20,-1,0.9117668554,GSE120805
HSCB,1,0.3583893468,GSE120805
CBY1,1,0.9440785771,GSE120805
TOMM22,-1,0.498078435,GSE120805
RSPH14,1,0.523008853,GSE120805
XBP1,-1,7.87E-05,GSE120805
RTCB,1,0.6234547534,GSE120805
JOSD1,1,0.407388708,GSE120805
FBXO7,-1,0.2707526256,GSE120805
GTPBP1,1,0.9834981163,GSE120805
POLDIP3,-1,0.6601082288,GSE120805
RAB36,1,0.912399279,GSE120805
TIMP3,-1,5.07E-08,GSE120805
PPP6R2,1,2.74E-07,GSE120805
SBF1,-1,0.4598549797,GSE120805
SUN2,1,0.0008602834101,GSE120805
CYB5R3,-1,0.7610690339,GSE120805
DNAL4,1,5.42E-05,GSE120805
MIOX,-1,0.9500430731,GSE120805
LMF2,-1,0.357206822,GSE120805
RHBDD3,1,0.9608342529,GSE120805
PACSIN2,-1,0.8780945913,GSE120805
TTLL1,-1,0.9012988029,GSE120805
RASL10A,1,0.186376142,GSE120805
AP1B1,1,0.4169786434,GSE120805
HMGXB4,-1,0.6394614465,GSE120805
TOM1,1,4.08E-07,GSE120805
NEFH,-1,0.6745258689,GSE120805
CHKB,1,0.957837123,GSE120805
BIK,1,5.89E-06,GSE120805
HMOX1,1,0.009791469692,GSE120805
MCAT,-1,0.9063693683,GSE120805
THOC5,-1,0.01044784551,GSE120805
MCM5,-1,0.07139566195,GSE120805
APOBEC3H,1,0.01743250849,GSE120805
ARSA,1,0.8274221429,GSE120805
TSPO,-1,0.414453759,GSE120805
RASD2,1,0.5522741381,GSE120805
TTLL12,-1,6.35E-07,GSE120805
CBX7,1,0.000617312779,GSE120805
PDGFB,1,0.0548179504,GSE120805
CABP7,-1,0.000510337327,GSE120805
RPL3,-1,0.6002343145,GSE120805
ZMAT5,1,0.4613022687,GSE120805
RBFOX2,-1,0.4585429025,GSE120805
SYNGR1,1,2.49E-07,GSE120805
TAB1,1,0.7082090499,GSE120805
ASCC2,-1,0.9108306243,GSE120805
MTMR3,1,0.7954345062,GSE120805
MIEF1,-1,0.000326392421,GSE120805
APOL4,1,NA,GSE120805
APOL1,1,0.2343297351,GSE120805
PNPLA3,-1,0.9716425794,GSE120805
MYH9,-1,0.0328850087,GSE120805
CACNA1I,-1,0.9954685022,GSE120805
SAMM50,-1,0.6238192641,GSE120805
TXN2,-1,0.7711749,GSE120805
FOXRED2,1,0.7403283934,GSE120805
GRAP2,-1,0.7210734026,GSE120805
EIF3D,-1,0.1400969864,GSE120805
TNRC6B,1,0.9108306243,GSE120805
SGSM3,1,0.8129484712,GSE120805
IFT27,1,1.92E-07,GSE120805
KIAA0930,1,0.5204785614,GSE120805
CSF2RB,1,NA,GSE120805
SLC25A17,-1,0.332179893,GSE120805
SIRAL2,-1,0.9784316942,GSE120805
KCTD17,1,0.03027384141,GSE120805
ST13,1,0.04001803963,GSE120805
IL2RB,1,0.09196091396,GSE120805
RBX1,-1,0.3247704174,GSE120805
EP300,-1,0.9716490155,GSE120805
L3MBTL2,-1,0.3493787376,GSE120805
CHADL,1,5.77E-08,GSE120805
RANGAP1,1,3.15E-05,GSE120805
ZC3H7B,-1,0.9895975519,GSE120805
PHF5A,-1,0.6723213027,GSE120805
ACO2,1,0.2132581397,GSE120805
POLR3H,-1,0.01800755295,GSE120805
TRMU,1,0.1491400975,GSE120805
PMM1,-1,0.8744621664,GSE120805
DESI1,1,0.579703543,GSE120805
CERK,1,0.001390149576,GSE120805
BRD1,1,0.6023540116,GSE120805
ZBED4,-1,0.03322697106,GSE120805
MLC1,1,0.1567149497,GSE120805
HDAC10,1,0.5295361835,GSE120805
ABHD4,1,0.9163512593,GSE120805
KHNYN,1,0.7568948673,GSE120805
FKBP3,-1,0.6217903867,GSE120805
SDR39U1,-1,0.251904439,GSE120805
RBM23,1,0.001164573417,GSE120805
PRMT5,-1,0.2032768233,GSE120805
COCH,1,1.60E-05,GSE120805
AP4S1,1,0.4319695849,GSE120805
POLE2,-1,0.8856917617,GSE120805
VCPKMT,-1,0.8256568647,GSE120805
SOS2,1,0.04293829381,GSE120805
CDKL1,-1,6.92E-13,GSE120805
NIN,1,0.5609276913,GSE120805
PYGL,-1,9.49E-19,GSE120805
TRIM9,-1,3.82E-06,GSE120805
PSMC6,1,0.7447476185,GSE120805
GNPNAT1,-1,0.006433836194,GSE120805
DDHD1,-1,0.6764760667,GSE120805
CDKN3,1,4.89E-15,GSE120805
CNIH1,-1,0.8457225764,GSE120805
CGRRF1,1,0.9469076172,GSE120805
ATP6V1D,1,0.5104844602,GSE120805
PLEK2,-1,0.9096701176,GSE120805
PIGH,-1,0.3747162338,GSE120805
PSMA3,-1,0.5168213002,GSE120805
VTI1B,-1,0.8852712158,GSE120805
TIMM9,-1,0.0409886953,GSE120805
GSTZ1,1,1.34E-05,GSE120805
KIAA0586,1,0.0276897361,GSE120805
TMED8,1,0.2420487926,GSE120805
SAMD15,1,0.0009912479604,GSE120805
AHSA1,-1,0.9589169409,GSE120805
DAAM1,-1,0.7190669616,GSE120805
ISM2,1,0.3775390835,GSE120805
SPTLC2,-1,2.41E-05,GSE120805
RIN3,-1,0.9977423222,GSE120805
LGMN,1,0.05259789871,GSE120805
ALKBH1,1,0.5156906032,GSE120805
SNW1,-1,0.8458044262,GSE120805
CHGA,1,NA,GSE120805
ITPK1,-1,0.001133666378,GSE120805
DHRS7,-1,0.7203882523,GSE120805
PPM1A,-1,0.8757022543,GSE120805
SIX4,-1,0.9523518974,GSE120805
GALNT16,-1,0.675671108,GSE120805
ASB2,1,NA,GSE120805
CEP128,-1,0.3673750802,GSE120805
ERH,-1,0.3370953379,GSE120805
HIF1A,-1,0.7057714197,GSE120805
SUSD6,1,0.2583227353,GSE120805
SRSF5,1,0.3407622594,GSE120805
EIF5,-1,9.40E-11,GSE120805
SLC8A3,-1,NA,GSE120805
DICER1,-1,5.79E-05,GSE120805
ZFYVE21,-1,0.7159001164,GSE120805
MTHFD1,-1,7.10E-05,GSE120805
ZC3H14,-1,0.8504038064,GSE120805
TELO2,-1,0.4803806993,GSE120805
PCNX1,1,0.08940766377,GSE120805
BDKRB1,1,0.2154680013,GSE120805
GSKIP,1,0.3846905051,GSE120805
VRK1,-1,0.9722185872,GSE120805
PSMC1,1,0.48777823,GSE120805
PAPLN,1,0.9689958598,GSE120805
RPS6KA5,-1,0.3719361963,GSE120805
PPP4R3A,-1,0.095071123,GSE120805
C14orf93,1,0.158038903,GSE120805
PSMB5,-1,0.8758903453,GSE120805
YY1,-1,0.09440885903,GSE120805
ACIN1,-1,0.9520212235,GSE120805
CCNB1IP1,-1,0.4556282789,GSE120805
TRIP11,1,0.1355980442,GSE120805
APEX1,-1,0.1809944162,GSE120805
PABPN1,1,0.9703445575,GSE120805
EFS,1,0.5105555646,GSE120805
ARHGAP5,-1,0.8935225789,GSE120805
CINP,-1,0.8929577902,GSE120805
DHRS2,-1,0.7879637453,GSE120805
SRP54,1,0.4780581718,GSE120805
CHD8,1,0.9589197089,GSE120805
PCK2,-1,0.001316935504,GSE120805
PRORP,-1,0.7823569404,GSE120805
DCAF11,1,0.000505632609,GSE120805
PSMA6,1,0.04425585281,GSE120805
NFKBIA,1,0.5308402891,GSE120805
EMC9,1,0.5874816801,GSE120805
PSME2,1,0.2724950212,GSE120805
BRMS1L,1,0.2405840619,GSE120805
REC8,-1,0.9737544716,GSE120805
TM9SF1,1,0.5053698167,GSE120805
SEC23A,1,0.9508153815,GSE120805
GMPR2,1,0.08041188538,GSE120805
PNN,-1,0.5179121301,GSE120805
RABGGTA,1,0.3823110152,GSE120805
NFATC4,1,7.52E-05,GSE120805
PLTP,1,0.004204126106,GSE120805
PCIF1,-1,0.02871668256,GSE120805
GSS,1,0.002166549627,GSE120805
MMP9,-1,0.9543198731,GSE120805
TRPC4AP,1,0.5896508344,GSE120805
PYGB,-1,2.79E-05,GSE120805
ABHD12,-1,0.06956953998,GSE120805
PROCR,1,0.03145536474,GSE120805
GINS1,-1,0.002506413347,GSE120805
NINL,1,0.9328300423,GSE120805
CD40,-1,NA,GSE120805
UQCC1,1,0.0004607679222,GSE120805
ZMYND8,-1,0.906143133,GSE120805
SGK2,1,0.6342594998,GSE120805
IFT52,1,0.6810050258,GSE120805
MYBL2,-1,0.3654873334,GSE120805
HNF4A,-1,NA,GSE120805
NDRG3,1,0.001348567995,GSE120805
SLA2,-1,NA,GSE120805
RAB5IF,-1,0.9488814114,GSE120805
NFATC2,-1,0.4439183865,GSE120805
RIMS4,1,0.7777188579,GSE120805
PABPC1L,1,0.8399890244,GSE120805
STK4,1,0.05979694074,GSE120805
SALL4,1,0.006898847766,GSE120805
ADNP,-1,0.6363555446,GSE120805
PFDN4,1,0.8145958667,GSE120805
CSTF1,-1,0.3124817085,GSE120805
BMP7,-1,NA,GSE120805
RAE1,-1,0.838809069,GSE120805
TPD52L2,-1,0.6764760667,GSE120805
DNAJC5,1,0.8304391212,GSE120805
NELFCD,-1,0.5045861493,GSE120805
CTSZ,-1,0.4359185955,GSE120805
PRPF6,1,0.272070332,GSE120805
TUBB1,-1,0.3924883405,GSE120805
PRELID3B,1,0.8761208124,GSE120805
MTG2,1,0.964439611,GSE120805
PSMA7,-1,0.9955823148,GSE120805
SLCO4A1,1,0.4965596467,GSE120805
MRGBP,1,0.9182514643,GSE120805
TCFL5,-1,0.9804156432,GSE120805
DIDO1,-1,0.8217943951,GSE120805
GID8,-1,0.7331991616,GSE120805
SLC17A9,-1,0.5413089202,GSE120805
BIRC7,-1,NA,GSE120805
NKAIN4,-1,NA,GSE120805
ARFGAP1,-1,0.9963536479,GSE120805
COL20A1,-1,NA,GSE120805
EEF1A2,-1,0.9724993298,GSE120805
PTK6,1,0.9255460654,GSE120805
GMEB2,-1,0.02950277109,GSE120805
ADISSP,-1,0.0005478506101,GSE120805
SPEF1,1,0.4795753129,GSE120805
CDC25B,1,0.6602663513,GSE120805
RNF24,-1,0.7832368334,GSE120805
ARFRP1,-1,0.8642226518,GSE120805
NDUFAF5,-1,0.8927841418,GSE120805
TRIB3,-1,0.3686507234,GSE120805
RASSF2,1,0.364414125,GSE120805
CSNK2A1,1,0.726412528,GSE120805
RPS10P5,1,NA,GSE120805
ANGPT4,1,NA,GSE120805
CDS2,1,0.3436835958,GSE120805
HM13,-1,0.06344415426,GSE120805
SNPH,1,3.86E-07,GSE120805
MYLK2,-1,0.8592263452,GSE120805
SIRPB1,-1,NA,GSE120805
SEC23B,1,0.8561756531,GSE120805
FERMT1,-1,0.8014241748,GSE120805
PDYN,1,NA,GSE120805
CCM2L,-1,0.4246007977,GSE120805
PLCB4,-1,0.0132695854,GSE120805
MYL9,-1,0.3412875505,GSE120805
HCK,-1,NA,GSE120805
TM9SF4,-1,0.905763679,GSE120805
TLDC2,1,0.9094380644,GSE120805
CRNKL1,1,0.5192461194,GSE120805
POFUT1,1,0.9601080503,GSE120805
SAMHD1,1,7.94E-08,GSE120805
KIF3B,1,0.1415950656,GSE120805
MROH8,1,0.11881186,GSE120805
NOP56,-1,2.66E-13,GSE120805
MANBAL,1,0.4766385347,GSE120805
IDH3B,1,0.4068238536,GSE120805
MAPRE1,-1,0.1699946493,GSE120805
JAG1,-1,0.3452078515,GSE120805
CDK5RAP1,1,0.8201712781,GSE120805
SNTA1,-1,0.4888170281,GSE120805
TTI1,-1,0.02073190374,GSE120805
E2F1,-1,0.6747039333,GSE120805
RPRD1B,-1,0.7769848596,GSE120805
PXMP4,1,8.07E-07,GSE120805
CHMP4B,1,0.3609907585,GSE120805
BPI,-1,NA,GSE120805
CST3,-1,0.4476062006,GSE120805
ASIP,1,NA,GSE120805
ACTR5,-1,0.01446678425,GSE120805
WFDC2,1,NA,GSE120805
AHCY,-1,0.08362533954,GSE120805
PPP1R16B,1,NA,GSE120805
SACK1D,1,6.78E-06,GSE120805
DHX35,-1,0.8475284437,GSE120805
DNTTIP1,-1,0.9131090672,GSE120805
MAP1LC3A,1,0.06679060749,GSE120805
SYNDIG1,-1,NA,GSE120805
PIGU,-1,2.43E-08,GSE120805
TNNC2,1,0.3795434802,GSE120805
ACOT8,1,0.03139537001,GSE120805
APMAP,-1,0.3555491505,GSE120805
ZNF516,-1,0.3595486836,GSE120805
CDH20,-1,NA,GSE120805
ADNP2,-1,0.03307003051,GSE120805
RBFA,-1,7.43E-12,GSE120805
USP14,-1,0.4646808734,GSE120805
VAPA,-1,0.964240052,GSE120805
METTL4,-1,0.7547122588,GSE120805
LPIN2,1,0.8800843296,GSE120805
SMCHD1,1,0.2878225603,GSE120805
MYOM1,1,0.7126416783,GSE120805
MYL12A,-1,0.2371336507,GSE120805
CEP76,1,0.06753823936,GSE120805
ST8SIA5,-1,NA,GSE120805
CEP192,1,0.1519833214,GSE120805
RNMT,-1,0.07072935548,GSE120805
SMAD7,1,0.8749587634,GSE120805
LIPG,-1,0.8958454031,GSE120805
LAMA1,-1,0.9942285054,GSE120805
RNF125,-1,0.7311761692,GSE120805
ANKRD12,1,0.1317138264,GSE120805
POLI,-1,0.946509312,GSE120805
MIB1,-1,0.9717711723,GSE120805
RBBP8,-1,0.3263448864,GSE120805
RIOK3,1,0.9834981163,GSE120805
CSTF2,-1,0.1194025403,GSE120805
MXRA5,-1,0.0005439019128,GSE120805
PSMD10,1,0.01019013703,GSE120805
ATG4A,1,0.06681123583,GSE120805
STS,-1,0.2137389088,GSE120805
TBL1X,-1,2.81E-08,GSE120805
GPR143,1,NA,GSE120805
PGRMC1,-1,0.7657853099,GSE120805
POLA1,-1,3.14E-18,GSE120805
MID1,-1,0.0001156021416,GSE120805
NKAP,1,0.3174228857,GSE120805
NXT2,1,0.7786592231,GSE120805
GUCY2F,-1,NA,GSE120805
ATP1B4,-1,NA,GSE120805
MCTS2,-1,0.005805880396,GSE120805
ALG13,1,0.7993505003,GSE120805
PRPS2,-1,0.001825494692,GSE120805
TLR8,-1,NA,GSE120805
MOSPD1,1,0.6368806055,GSE120805
AMMECR1,-1,0.0001086794643,GSE120805
CHRDL1,-1,4.45E-10,GSE120805
WDR13,-1,0.6726019109,GSE120805
SUV39H1,-1,0.2245668489,GSE120805
SRPX,-1,0.3096927007,GSE120805
XIAP,1,0.2925381138,GSE120805
STAG2,1,0.4146961852,GSE120805
ATP11C,-1,0.02117531768,GSE120805
MCF2,1,NA,GSE120805
ABCD1,1,0.3677502069,GSE120805
CCDC22,-1,0.9156933064,GSE120805
SYP,1,0.7126416783,GSE120805
PLP2,-1,0.06046864173,GSE120805
PLS3,-1,0.6806712079,GSE120805
NAA10,-1,4.69E-05,GSE120805
RENBP,-1,0.7491157238,GSE120805
ELF4,-1,0.4922280143,GSE120805
SMARCA1,1,2.38E-11,GSE120805
MTMR8,1,0.9986499334,GSE120805
ASB9,1,0.4517169508,GSE120805
ZC3H12B,1,0.9712347794,GSE120805
RBBP7,-1,0.9175393485,GSE120805
KCND1,1,0.7823852785,GSE120805
SLC25A14,1,0.2243120828,GSE120805
FMR1,1,0.675671108,GSE120805
PIM2,1,0.4507030928,GSE120805
SCML2,1,0.1349642316,GSE120805
SLC35A2,-1,0.9600406677,GSE120805
PQBP1,-1,0.7397648462,GSE120805
PCSK1N,1,0.8227894633,GSE120805
EMD,-1,0.5238278231,GSE120805
TAFAZZIN,1,0.3930195156,GSE120805
RAB40AL,1,0.9381808728,GSE120805
PGK1,-1,0.0007908285859,GSE120805
MAGT1,1,0.9642859229,GSE120805
SMS,-1,0.00275935474,GSE120805
PHEX,1,0.9071883933,GSE120805
UBL4A,-1,0.02364818879,GSE120805
CD99L2,1,0.3679063118,GSE120805
EEA1,-1,0.4384059499,GSE120805
RP2,1,0.9154633708,GSE120805
JADE3,1,0.390788277,GSE120805
CDK16,-1,0.9568854773,GSE120805
USP11,1,0.3269419493,GSE120805
HTATSF1,-1,0.7245707299,GSE120805
TIMP1,-1,0.6377233214,GSE120805
KLHL4,-1,3.29E-06,GSE120805
GABRE,-1,0.727573494,GSE120805
FGD1,-1,0.9232500421,GSE120805
PIN4,1,0.4344097378,GSE120805
PORCN,1,1.24E-05,GSE120805
MAGED2,-1,0.06502353134,GSE120805
RBM3,-1,0.1717233083,GSE120805
KLF8,1,NA,GSE120805
SRPX2,-1,0.2977333828,GSE120805
SYTL4,1,0.7301311024,GSE120805
ZDHHC15,-1,0.9689958598,GSE120805
CENPI,1,0.6521268119,GSE120805
DRP2,1,0.6906304171,GSE120805
TAF7L,-1,0.7558135282,GSE120805
PBDC1,1,0.3545431951,GSE120805
GLA,1,0.848242618,GSE120805
ARMCX3,-1,0.8012554435,GSE120805
BEX4,1,0.515349994,GSE120805
RUBCNL,1,0.665609138,GSE120805
NALCN,-1,1.72E-10,GSE120805
FGF14,1,NA,GSE120805
NDFIP2,1,0.6664859752,GSE120805
TNFSF13B,1,0.2955198034,GSE120805
FNDC3A,1,0.9697658707,GSE120805
MLNR,-1,NA,GSE120805
CDADC1,-1,0.2145190878,GSE120805
CAB39L,-1,0.7802509666,GSE120805
KLF5,-1,0.8028378641,GSE120805
STK24,-1,0.4780581718,GSE120805
ACP5,1,0.01790107793,GSE120805
DNAJC3,1,0.8225450963,GSE120805
UGGT2,1,0.9919039998,GSE120805
ARHGEF7,-1,0.8251079429,GSE120805
FGF9,-1,NA,GSE120805
SGCG,-1,0.002229071121,GSE120805
PARP4,1,0.4443743759,GSE120805
SUPT20H,1,0.6378181255,GSE120805
MRPS31,-1,0.5275409678,GSE120805
SLC25A15,-1,8.32E-05,GSE120805
KPNA3,-1,0.05184809008,GSE120805
FLT1,1,0.01400194884,GSE120805
RGCC,1,0.03838671473,GSE120805
VWA8,1,0.9474691163,GSE120805
DGKH,-1,0.1235100096,GSE120805
KATNAL1,-1,0.8462944684,GSE120805
INTS6,1,0.8856198755,GSE120805
DHRS12,1,0.5499481625,GSE120805
MEDAG,-1,0.0007548043262,GSE120805
TSC22D1,1,0.01802477523,GSE120805
CLN5,1,0.469527874,GSE120805
MSLN,1,0.8507366906,GSE120805
MGRN1,1,0.993188372,GSE120805
ZNF629,-1,0.7997194311,GSE120805
TRADD,1,0.1850818514,GSE120805
HSF4,-1,0.5300325384,GSE120805
CORO1A,1,0.5826181583,GSE120805
MAPK3,1,0.7741302916,GSE120805
GDPD3,-1,0.9197482453,GSE120805
ELMO3,-1,0.2983412365,GSE120805
PHKB,1,0.8857172156,GSE120805
LYRM1,1,0.9666917548,GSE120805
NUTF2,-1,0.0004430611849,GSE120805
NUP93,-1,0.5916640847,GSE120805
CENPT,1,0.858457354,GSE120805
TSNAXIP1,1,0.0001258072381,GSE120805
NFAT5,1,0.740931826,GSE120805
LONP2,1,0.01075283322,GSE120805
N4BP1,-1,0.1726741612,GSE120805
ARL2BP,1,0.002282850816,GSE120805
PLLP,1,0.09885899911,GSE120805
ZNF423,1,NA,GSE120805
DHODH,-1,1.64E-10,GSE120805
CTCF,-1,0.02555999238,GSE120805
ACD,1,0.4804974784,GSE120805
POLR2C,1,0.5239494265,GSE120805
PARD6A,1,2.84E-07,GSE120805
ZNF821,1,0.4334948413,GSE120805
MMP15,-1,0.008387199312,GSE120805
USB1,1,0.9338799453,GSE120805
CYB5B,1,0.979687103,GSE120805
CFAP263,1,5.25E-09,GSE120805
NME3,-1,0.6463779995,GSE120805
NDRG4,1,7.43E-05,GSE120805
PSMD7,-1,0.6121087722,GSE120805
SETD6,1,0.3846227909,GSE120805
SLC38A7,-1,0.5878851827,GSE120805
VAC14,-1,0.5828388116,GSE120805
HAS3,1,0.3089824834,GSE120805
TANGO6,-1,0.000766633429,GSE120805
COG4,1,0.05056616012,GSE120805
SMPD3,1,0.8336527235,GSE120805
SLC7A6OS,-1,0.9784896145,GSE120805
SLC7A6,-1,0.03811196645,GSE120805
PLA2G15,1,0.8217943951,GSE120805
ESRP2,-1,0.867687184,GSE120805
FA2H,1,0.2346374706,GSE120805
WDR59,-1,0.9576876295,GSE120805
MON1B,-1,0.7905517409,GSE120805
CMC2,-1,0.05248391749,GSE120805
AXIN1,-1,0.3489234808,GSE120805
HCFC1R1,-1,0.001445649584,GSE120805
NPRL3,-1,0.9643651901,GSE120805
MLYCD,1,9.16E-07,GSE120805
MPG,1,0.3552077763,GSE120805
NECAB2,-1,0.9197482453,GSE120805
HSDL1,1,0.7355999196,GSE120805
TAF1C,-1,0.3712256291,GSE120805
NAGPA,1,0.09014387386,GSE120805
WFDC1,1,0.5298825517,GSE120805
SEC14L5,1,NA,GSE120805
COTL1,-1,3.03E-05,GSE120805
USP10,-1,0.3424868023,GSE120805
CRISPLD2,-1,2.04E-13,GSE120805
TSC2,1,0.9112811834,GSE120805
ZNF500,1,0.6152981689,GSE120805
NME4,-1,0.02880499999,GSE120805
ABCC1,-1,0.4246967115,GSE120805
NOMO3,1,0.9469076172,GSE120805
LMF1,1,0.2440161998,GSE120805
FOXF1,1,0.9846637157,GSE120805
CIAO3,-1,0.607652389,GSE120805
MTHFSD,1,0.2293235721,GSE120805
CLCN7,1,0.1871412111,GSE120805
HAGHL,-1,0.003917019832,GSE120805
ANTKMT,-1,0.8398630116,GSE120805
SLC7A5,-1,0.0002710062696,GSE120805
METRN,-1,0.515050242,GSE120805
FBXO31,-1,0.001411945515,GSE120805
STUB1,1,0.9856051589,GSE120805
RHBDL1,-1,0.9765880051,GSE120805
NUBP1,-1,0.173105432,GSE120805
UBE2I,-1,0.2381725249,GSE120805
MEFV,1,0.2710739557,GSE120805
EEF2K,-1,2.28E-10,GSE120805
CAPN15,-1,0.03311406625,GSE120805
PIEZO1,-1,0.726412528,GSE120805
GSPT1,-1,0.1717233083,GSE120805
ZNF174,1,0.09186732653,GSE120805
CLUAP1,1,0.004702277161,GSE120805
UBFD1,1,0.7101057332,GSE120805
EARS2,-1,0.000378852357,GSE120805
ELOB,1,0.9949228873,GSE120805
GGA2,-1,0.688580167,GSE120805
CPPED1,1,0.1345615311,GSE120805
USP31,-1,5.05E-07,GSE120805
HMOX2,-1,0.9291313501,GSE120805
DNAJA3,-1,0.8216244337,GSE120805
BFAR,-1,0.861580548,GSE120805
SALL1,-1,0.1498313171,GSE120805
SNX29P2,-1,0.8038671652,GSE120805
RRN3P2,-1,0.8038671652,GSE120805
RBL2,1,3.10E-10,GSE120805
QPRT,1,0.002319276072,GSE120805
XYLT1,1,0.9137933838,GSE120805
PYCARD,1,0.01284753268,GSE120805
RPGRIP1L,1,0.7337649708,GSE120805
MAZ,-1,0.005345408548,GSE120805
STX4,1,0.7948594184,GSE120805
CDIPT,1,0.01822134063,GSE120805
BCKDK,-1,0.3729469507,GSE120805
KAT8,-1,0.7713795271,GSE120805
NOMO1,-1,0.6413488225,GSE120805
IL21R,-1,0.2669867866,GSE120805
SYT17,1,NA,GSE120805
TMC5,1,NA,GSE120805
CCP110,-1,0.4418860078,GSE120805
VPS35L,1,9.25E-05,GSE120805
RNF40,1,0.8166192422,GSE120805
KNOP1,-1,8.42E-13,GSE120805
AAGAB,1,0.9622913854,GSE120805
IQCH,1,0.02918651378,GSE120805
LACTB,-1,0.1817649865,GSE120805
CORO2B,-1,0.9855006059,GSE120805
CSK,-1,0.964443069,GSE120805
HERC1,1,0.1277300662,GSE120805
TRIP4,1,0.5931934237,GSE120805
MTFMT,1,0.7683308635,GSE120805
RASL12,1,0.5785278958,GSE120805
AP3B2,1,0.3224323108,GSE120805
ACSBG1,-1,0.4525918157,GSE120805
IGDCC4,1,0.2440884642,GSE120805
RAB11A,1,0.3510614923,GSE120805
CTSH,1,5.03E-05,GSE120805
TTC23,1,0.6965875041,GSE120805
CD276,-1,0.9575818524,GSE120805
FAH,-1,0.185853635,GSE120805
CEMIP,-1,1.24E-08,GSE120805
RPAP1,-1,0.8803730059,GSE120805
HOMER2,-1,2.81E-06,GSE120805
EHD4,-1,0.0002129131206,GSE120805
TMEM87A,1,0.8302926616,GSE120805
ZNF106,1,0.5040198832,GSE120805
CEP152,1,0.9855233232,GSE120805
ATP8B4,1,0.0005556412029,GSE120805
DTWD1,-1,0.02413441188,GSE120805
TGM5,1,0.01304166621,GSE120805
GABPB1,-1,0.008504886149,GSE120805
TJP1,-1,0.6050638005,GSE120805
BMF,-1,0.8284741549,GSE120805
DMXL2,1,0.0001255367568,GSE120805
SCG3,-1,NA,GSE120805
DNAJC17,-1,0.7762719565,GSE120805
EIF3J,-1,0.02899978807,GSE120805
SPG11,1,0.1380754949,GSE120805
RHOV,-1,0.9127160951,GSE120805
VPS18,1,0.07514731901,GSE120805
OIP5,1,0.2364207769,GSE120805
SLC30A4,1,0.0221120811,GSE120805
BLOC1S6,1,0.892720308,GSE120805
MYEF2,1,4.57E-08,GSE120805
SGK3,1,0.5105555646,GSE120805
PDGFRL,1,0.9343139444,GSE120805
CSPP1,-1,0.6338200337,GSE120805
ZDHHC2,1,0.9981070468,GSE120805
BRF2,-1,0.5096225131,GSE120805
TRIM35,1,0.7007962972,GSE120805
ZFAND1,1,0.3321715956,GSE120805
RP1,1,0.7292379345,GSE120805
CA2,1,0.9551404246,GSE120805
FZD3,1,0.9954685022,GSE120805
INTS9,-1,0.1243085284,GSE120805
RIPK2,-1,0.1812602438,GSE120805
NBN,-1,0.678816907,GSE120805
TRPA1,-1,0.3231175552,GSE120805
CPQ,-1,0.03308050202,GSE120805
DECR1,1,0.2635454428,GSE120805
CALB1,1,NA,GSE120805
BPNT2,1,0.9669951377,GSE120805
SFRP1,-1,0.004955958266,GSE120805
LAPTM4B,-1,0.1501875786,GSE120805
UBE2W,1,0.4986021916,GSE120805
POP1,-1,5.39E-09,GSE120805
NIPAL2,-1,0.7359450278,GSE120805
IKBKB,1,0.01571962213,GSE120805
PLAT,1,0.1156502513,GSE120805
JPH1,-1,0.9933366044,GSE120805
STK3,-1,0.6103328174,GSE120805
GDAP1,-1,0.3193207695,GSE120805
RAB2A,-1,0.9650865512,GSE120805
EIF3E,-1,0.9640615679,GSE120805
EMC2,1,0.5770786209,GSE120805
ESRP1,1,0.3719361963,GSE120805
CCN4,-1,NA,GSE120805
NDRG1,-1,0.05794702879,GSE120805
ZC2HC1A,-1,0.5716236167,GSE120805
IL7,1,0.7420602197,GSE120805
ARMC1,1,0.8370410488,GSE120805
TRPS1,-1,0.008530376334,GSE120805
SPAG1,1,5.08E-21,GSE120805
CHRAC1,-1,0.6211339493,GSE120805
NCALD,-1,0.1223814437,GSE120805
SNX16,1,0.6907328203,GSE120805
UBR5,1,0.2253452573,GSE120805
GSDMD,1,0.102761844,GSE120805
GFUS,1,0.9093987903,GSE120805
PYCR3,-1,0.1839216392,GSE120805
EEF1D,-1,0.8552807816,GSE120805
ANXA13,1,NA,GSE120805
SQLE,-1,0.003609303433,GSE120805
SH2D4A,-1,6.04E-07,GSE120805
INTS10,-1,0.1997017813,GSE120805
ERI1,-1,0.5700284414,GSE120805
SLC39A14,-1,0.9018956438,GSE120805
MTMR9,-1,0.9844324972,GSE120805
LEPROTL1,-1,0.3289785783,GSE120805
DCTN6,1,0.8398630116,GSE120805
R3HCC1,1,0.3666920677,GSE120805
GSR,1,0.07531388488,GSE120805
TNFRSF10A,1,1.45E-35,GSE120805
UBXN8,-1,0.7261592024,GSE120805
PPP2CB,1,0.5934904578,GSE120805
ERICH1,-1,0.2908825015,GSE120805
TUSC3,-1,0.9076290027,GSE120805
ARHGEF10,-1,0.06033583391,GSE120805
KLHDC4,-1,0.7455462281,GSE120805
MCM4,-1,0.003046690187,GSE120805
KCTD9,1,0.2930805419,GSE120805
FGL1,-1,NA,GSE120805
ASAH1,1,0.005136217416,GSE120805
BNIP3L,-1,0.1669473268,GSE120805
MAN2B1,1,0.001909363741,GSE120805
KCNN4,-1,0.3019989453,GSE120805
TULP2,1,0.6313374893,GSE120805
NUCB1,-1,0.9212251308,GSE120805
DHDH,1,0.5586299886,GSE120805
GYS1,-1,0.6648459511,GSE120805
MAP4K1,1,0.3933375407,GSE120805
CGB2,-1,NA,GSE120805
ECH1,1,0.7997821164,GSE120805
HNRNPL,-1,0.5271746657,GSE120805
NFKBIB,-1,0.5349076811,GSE120805
LHB,1,0.678240747,GSE120805
CGB3,-1,NA,GSE120805
TUBB4A,1,0.9424304225,GSE120805
SARS2,-1,0.09118557068,GSE120805
SNRNP70,-1,0.8378010926,GSE120805
CLPTM1,1,0.9799962042,GSE120805
RELB,1,0.4657461996,GSE120805
CLASRP,-1,0.8172152374,GSE120805
LIN7B,1,0.02079588319,GSE120805
PPP1R37,1,0.8195670426,GSE120805
FCGRT,1,1.52E-15,GSE120805
PIH1D1,-1,0.7611075838,GSE120805
CKM,1,0.2966768017,GSE120805
ARHGEF18,1,0.8772456876,GSE120805
PPP1R13L,-1,0.5295060186,GSE120805
PEX11G,1,0.003320329509,GSE120805
ERCC2,-1,0.1931235371,GSE120805
DOT1L,-1,0.5612739736,GSE120805
PLEKHJ1,-1,0.1220767909,GSE120805
SLC17A7,-1,0.4635555503,GSE120805
RNASEH2A,-1,0.5979987587,GSE120805
KLC3,1,0.2532858873,GSE120805
CD37,-1,NA,GSE120805
SF3A2,-1,0.8222291905,GSE120805
AMH,-1,0.0882675904,GSE120805
DKKL1,1,NA,GSE120805
LYL1,1,0.04678077199,GSE120805
OAZ1,-1,0.9571311766,GSE120805
TRMT1,-1,0.02132907912,GSE120805
STX10,-1,0.9471796454,GSE120805
DMPK,1,0.2628588774,GSE120805
RSPH6A,-1,0.628552169,GSE120805
TBC1D17,-1,0.94430947,GSE120805
IL4I1,1,0.9151401659,GSE120805
TLE6,1,0.2854254913,GSE120805
YJU2B,-1,0.8655480309,GSE120805
PTOV1,1,0.6972959011,GSE120805
TLE5,-1,0.8398630116,GSE120805
SGTA,-1,0.6752046038,GSE120805
MED25,1,0.9959983538,GSE120805
SNAPC2,-1,0.0001185415003,GSE120805
C19orf53,-1,0.09456266517,GSE120805
TIMM44,-1,4.92E-05,GSE120805
CCDC61,-1,0.9700023443,GSE120805
IL27RA,-1,0.5594316962,GSE120805
ASF1B,-1,0.9350354664,GSE120805
TNNT1,-1,0.7778726936,GSE120805
VRK3,1,0.2422906056,GSE120805
FAM32A,1,0.8616974901,GSE120805
PPP6R1,1,0.8686901212,GSE120805
C19orf44,-1,0.7595558033,GSE120805
MED26,-1,0.9561125369,GSE120805
OLFM2,-1,0.4771750871,GSE120805
RASAL3,1,NA,GSE120805
AKAP8,-1,0.01181296168,GSE120805
EPHX3,-1,0.4843237553,GSE120805
HACL2,-1,0.817834047,GSE120805
ZNF419,-1,0.8780983611,GSE120805
SYDE1,-1,0.6848310411,GSE120805
AURKC,-1,0.6479478281,GSE120805
POP4,1,0.9071109982,GSE120805
CCNE1,1,0.06308945834,GSE120805
URI1,-1,0.3713846372,GSE120805
PDCD5,-1,0.0001669336523,GSE120805
ANKRD27,-1,0.000150860944,GSE120805
RPS16,-1,0.7846782933,GSE120805
TIMM50,-1,0.03413138212,GSE120805
FBL,-1,0.01476142758,GSE120805
DYRK1B,1,0.007956445515,GSE120805
CCNP,-1,0.7734617735,GSE120805
GPI,-1,0.01211131574,GSE120805
AKT2,1,0.6324814873,GSE120805
PLD3,1,0.8326411796,GSE120805
PRX,-1,0.3114595354,GSE120805
PIAS4,-1,0.956639374,GSE120805
NUMBL,-1,0.01649283616,GSE120805
EBI3,1,0.002988099093,GSE120805
YJU2,-1,0.2809607948,GSE120805
SHD,1,NA,GSE120805
TBCB,-1,0.05735256255,GSE120805
FSD1,1,0.8958454031,GSE120805
POLR2I,-1,0.1643364267,GSE120805
OVOL3,1,0.8985987362,GSE120805
CLIP3,1,0.9007911422,GSE120805
SLC1A5,-1,0.0019170877,GSE120805
PRKD2,1,0.04705331334,GSE120805
TJP3,1,NA,GSE120805
APLP1,1,0.5978614726,GSE120805
CACTIN,-1,0.4822232201,GSE120805
CCDC9,-1,0.8935225789,GSE120805
HNRNPUL1,-1,0.8162514548,GSE120805
FZR1,1,2.10E-07,GSE120805
BBC3,1,1.81E-11,GSE120805
TGFB1,-1,0.8270461019,GSE120805
DENND3,1,0.002109830325,GSE120805
DMAC2,-1,0.7222936381,GSE120805
PLIN3,1,0.008635062655,GSE120805
MYH14,1,NA,GSE120805
MRPL4,-1,0.2787356586,GSE120805
CD79A,-1,0.8985987362,GSE120805
ICAM4,1,0.3693614527,GSE120805
RPS19,-1,0.9517595009,GSE120805
NOP53,-1,0.9959983538,GSE120805
ICAM5,-1,0.7932589026,GSE120805
ETFB,1,0.8929792538,GSE120805
CD33,1,NA,GSE120805
CRX,-1,NA,GSE120805
BABAM1,1,0.75154052,GSE120805
TYK2,1,0.5669930393,GSE120805
CDC37,1,0.945395708,GSE120805
NAPA,1,0.7676471975,GSE120805
RABAC1,-1,0.7197617743,GSE120805
ATP1A3,1,0.73437725,GSE120805
MEIS3,1,8.37E-06,GSE120805
PTPRS,1,0.9198352542,GSE120805
CNFN,1,0.9846637157,GSE120805
MEGF8,-1,0.1401583162,GSE120805
KDELR1,-1,0.9847940455,GSE120805
CYTH2,1,4.49E-05,GSE120805
GRWD1,-1,0.0001063389358,GSE120805
GRIN2D,-1,0.9653834295,GSE120805
SYNGR4,-1,NA,GSE120805
ODAD1,1,0.08806549849,GSE120805
CARD8,1,0.0001161946291,GSE120805
LIG1,-1,1.56E-07,GSE120805
ZNF175,-1,0.5059723632,GSE120805
PLA2G4C,1,0.004739460284,GSE120805
HAS1,1,0.9640615679,GSE120805
RAB3D,1,0.001175268498,GSE120805
DBP,1,0.3104463752,GSE120805
TMEM205,1,0.0135206996,GSE120805
CAPS,1,0.08307073806,GSE120805
PLPPR2,1,0.9980248707,GSE120805
SACK1E,-1,0.4690273746,GSE120805
RASIP1,1,0.3473211164,GSE120805
FGF21,-1,0.5780330509,GSE120805
BCAT2,-1,0.5489884653,GSE120805
MIER2,-1,0.9585768931,GSE120805
PLEKHA4,1,0.2417549452,GSE120805
PPP2R1A,1,0.9610120253,GSE120805
TNPO2,1,0.6235901608,GSE120805
WDR83OS,1,0.8877419739,GSE120805
CACNG7,1,NA,GSE120805
GCDH,-1,0.5931934237,GSE120805
KLF1,-1,NA,GSE120805
DNASE2,1,0.01374553304,GSE120805
MAST1,-1,0.3878034157,GSE120805
LENG1,1,0.4576575956,GSE120805
PRPF31,-1,0.9823794731,GSE120805
TFPT,1,0.2326392261,GSE120805
JAK3,1,0.5628629967,GSE120805
RPL18A,-1,0.002931664378,GSE120805
SLC5A5,1,NA,GSE120805
KCNN1,1,0.1771085351,GSE120805
ARRDC2,1,0.7968422246,GSE120805
PIK3R2,1,0.9346684462,GSE120805
RAB3A,-1,0.9137241496,GSE120805
PDE4C,1,2.46E-42,GSE120805
ISYNA1,1,0.1301447252,GSE120805
ELL,1,0.008455106974,GSE120805
CRTC1,-1,0.9981070468,GSE120805
COMP,-1,0.2370309857,GSE120805
UPK1A,1,NA,GSE120805
COPE,-1,0.5644704696,GSE120805
DDX49,-1,0.7666567861,GSE120805
ETV2,-1,0.9164714594,GSE120805
ARMC6,-1,0.1112824612,GSE120805
TMEM147,-1,0.253424008,GSE120805
GAPDHS,-1,NA,GSE120805
MAG,1,NA,GSE120805
TMEM59L,1,0.2137821961,GSE120805
HAMP,-1,0.3663934793,GSE120805
USF2,-1,0.3752644553,GSE120805
LSR,-1,0.6162257079,GSE120805
KXD1,-1,0.1991390958,GSE120805
FKBP8,-1,0.8520719069,GSE120805
SUGP1,1,0.4581100905,GSE120805
HPN,1,NA,GSE120805
ZNF14,-1,0.9110585514,GSE120805
SCN1B,-1,0.1250331019,GSE120805
PBX4,1,NA,GSE120805
ERF,-1,0.9661189853,GSE120805
GSK3A,-1,0.887865148,GSE120805
ATP13A1,-1,0.9820269509,GSE120805
ZNF574,-1,0.9242574321,GSE120805
GRIK5,1,0.4606886478,GSE120805
SIPA1L3,-1,0.9045961357,GSE120805
ZNF85,-1,0.5904463536,GSE120805
ETHE1,-1,0.8720574692,GSE120805
CADM4,1,0.04789836495,GSE120805
SMG9,-1,0.6973763646,GSE120805
AVL9,1,0.9156933064,GSE120805
RUNDC3B,-1,0.8830353158,GSE120805
CFAP69,1,6.28E-06,GSE120805
GTPBP10,1,0.3533963132,GSE120805
LOC101927446,1,0.3533963132,GSE120805
RASA4,1,0.742593357,GSE120805
CDK6,-1,0.0003669810978,GSE120805
PMPCB,1,0.6147227495,GSE120805
DNAJC2,-1,0.1711415507,GSE120805
TFPI2,-1,0.1196743215,GSE120805
BET1,1,0.5785278958,GSE120805
NAMPT,-1,0.4511350191,GSE120805
POLR1F,-1,0.4825033402,GSE120805
PIK3CG,1,9.37E-10,GSE120805
PON2,1,0.9845559186,GSE120805
ITGB8,-1,7.26E-06,GSE120805
HBP1,1,0.005428738398,GSE120805
DUS4L,1,0.6180845511,GSE120805
SP4,-1,0.002471662335,GSE120805
WDR91,-1,0.8150269295,GSE120805
DNAH11,-1,0.0007808386692,GSE120805
CBLL1,-1,0.7804032223,GSE120805
DLX5,1,0.9488814114,GSE120805
MTPN,1,0.6526549599,GSE120805
STEAP1B,-1,0.6388848612,GSE120805
LOC401312,-1,0.6388848612,GSE120805
PTN,-1,1.06E-07,GSE120805
PALS2,-1,0.007313028574,GSE120805
GSDME,-1,0.9622913854,GSE120805
ATP6V0A4,1,0.6706944069,GSE120805
ZC3HAV1,-1,0.8890607733,GSE120805
IFT56,-1,0.9804159521,GSE120805
OGDH,-1,0.7717078839,GSE120805
ADAP1,1,0.1470347602,GSE120805
TFEC,1,0.01667179741,GSE120805
H2AZ2,1,0.7323270132,GSE120805
CAV2,-1,0.2066150502,GSE120805
CAV1,-1,7.64E-11,GSE120805
MET,-1,0.0003074537584,GSE120805
RNF32,1,0.0004065598917,GSE120805
LMBR1,1,0.7264731272,GSE120805
WNT2,-1,0.1075740166,GSE120805
DNAJB6,-1,0.2956968527,GSE120805
HOXA3,-1,NA,GSE120805
LFNG,-1,0.001487360846,GSE120805
BRAT1,1,0.8228691724,GSE120805
IQCE,1,0.02417734658,GSE120805
ANKRD7,1,0.05048302292,GSE120805
TSPAN12,-1,0.2497304304,GSE120805
SSBP1,-1,0.7943746546,GSE120805
HOXA13,-1,0.6733105249,GSE120805
CPED1,-1,0.8105590889,GSE120805
HIBADH,-1,1.02E-05,GSE120805
TAX1BP1,1,0.5194719852,GSE120805
CPVL,1,0.7004427664,GSE120805
CHN2,1,0.4976430432,GSE120805
GRB10,-1,0.03283458028,GSE120805
ABHD11,1,0.5145173351,GSE120805
COBL,-1,NA,GSE120805
FKBP14,-1,0.7213788701,GSE120805
PLEKHA8,1,0.7326473196,GSE120805
STX1A,1,0.6002045413,GSE120805
NOD1,-1,0.2566659172,GSE120805
GARS1,-1,8.10E-11,GSE120805
MINDY4,1,0.8016462233,GSE120805
CASP2,-1,0.7222936381,GSE120805
CHCHD2,-1,0.9028863963,GSE120805
HSPB1,-1,0.4298390887,GSE120805
NPTX2,-1,NA,GSE120805
PDAP1,-1,0.7126416783,GSE120805
BUD31,-1,0.5808001162,GSE120805
PTCD1,-1,0.809445291,GSE120805
CYP3A5,1,NA,GSE120805
ZKSCAN1,1,0.1078967262,GSE120805
EIF3B,-1,7.43E-05,GSE120805
SNX8,-1,0.5635974509,GSE120805
NUDT1,-1,0.3397209082,GSE120805
PTPRZ1,1,0.8304391212,GSE120805
TAF6,-1,0.8956027115,GSE120805
WASL,1,0.9589833217,GSE120805
AIMP2,-1,0.07165885106,GSE120805
TFR2,-1,0.3747162338,GSE120805
FSCN3,1,0.7213788701,GSE120805
MOSPD3,-1,0.85907847,GSE120805
PCOLCE,-1,0.03905676255,GSE120805
FBXO24,-1,0.7001775826,GSE120805
RBM28,-1,0.1035042929,GSE120805
USP42,-1,0.3131181781,GSE120805
IMPDH1,-1,0.0003566710268,GSE120805
AGFG2,1,0.421959644,GSE120805
LSM5,1,0.16182311,GSE120805
SERPINE1,-1,3.00E-05,GSE120805
AP1S1,1,0.3945360032,GSE120805
C1GALT1,-1,0.3565294396,GSE120805
PLOD3,-1,0.6084470569,GSE120805
RPA3,1,0.798102442,GSE120805
ZNHIT1,-1,0.8468681703,GSE120805
CLDN15,1,0.5846047947,GSE120805
GLCCI1,1,0.5265719931,GSE120805
MYL10,-1,0.2750866332,GSE120805
PHF14,-1,0.7846782933,GSE120805
NRF1,1,0.8798332475,GSE120805
TMEM106B,1,0.1644110147,GSE120805
EZH2,-1,0.9249689264,GSE120805
CEP41,1,0.8983459499,GSE120805
ZNF862,1,0.0002643174678,GSE120805
SFRP4,-1,0.61778096,GSE120805
MEST,-1,2.78E-08,GSE120805
MEOX2,-1,1.52E-06,GSE120805
ANKMY2,-1,0.9184018846,GSE120805
ACTR3C,1,0.0005197423638,GSE120805
TSPAN13,-1,0.4565106985,GSE120805
RARRES2,-1,0.242542554,GSE120805
AHR,-1,0.02840966487,GSE120805
CHCHD3,-1,0.6602663513,GSE120805
GIMAP2,-1,NA,GSE120805
GLI3,-1,0.4431377948,GSE120805
PSMA2,1,0.9804156432,GSE120805
MRPL32,-1,0.47529988,GSE120805
COA1,1,0.9426769223,GSE120805
BLVRA,-1,0.9283277761,GSE120805
URGCP,1,0.3264960651,GSE120805
TMEM248,1,0.02811868739,GSE120805
RHEB,1,0.9472304225,GSE120805
PRKAG2,-1,0.00326439751,GSE120805
AEBP1,-1,0.9759754067,GSE120805
POLD2,-1,6.62E-09,GSE120805
MYL7,-1,0.8772456876,GSE120805
GCK,1,0.007370477359,GSE120805
BCL7B,-1,0.08701468301,GSE120805
YKT6,1,0.9465860754,GSE120805
TBL2,-1,0.04105149525,GSE120805
CLIP2,1,0.1079694202,GSE120805
EIF4H,-1,0.9302533338,GSE120805
LIMK1,1,0.993188372,GSE120805
SPATA6L,1,0.2422009698,GSE120805
SLC1A1,1,0.9820269509,GSE120805
FKTN,1,0.1747025009,GSE120805
FSD1L,-1,0.1969732484,GSE120805
CNTNAP3,-1,0.004268273692,GSE120805
CNTNAP3B,-1,0.004268273692,GSE120805
SPIN1,-1,0.002494797729,GSE120805
NMRK1,1,0.1773537018,GSE120805
TMEM245,-1,0.8434687491,GSE120805
PRUNE2,-1,0.004667648311,GSE120805
MEGF9,1,0.01875114381,GSE120805
TRIM14,-1,0.6643773561,GSE120805
CORO2A,-1,0.0003065784834,GSE120805
TGFBR1,-1,8.73E-07,GSE120805
SEC61B,-1,0.7303465467,GSE120805
C5,1,1.24E-13,GSE120805
ASPN,1,NA,GSE120805
ECM2,-1,0.003647166596,GSE120805
TLE4,-1,0.4105526704,GSE120805
LHX6,-1,0.9818550426,GSE120805
PTGR1,1,0.950616671,GSE120805
SUSD1,1,0.0004104349974,GSE120805
AMBP,1,NA,GSE120805
AKNA,1,0.9963536479,GSE120805
DNM1,1,0.8439983965,GSE120805
ENG,-1,0.924125279,GSE120805
AK1,1,3.32E-11,GSE120805
CDC37L1,-1,0.9214807816,GSE120805
RLN2,1,0.001083296564,GSE120805
RLN1,1,0.6928394072,GSE120805
PLGRKT,-1,0.9764395338,GSE120805
TBC1D13,-1,0.9663177167,GSE120805
RIC1,-1,0.08448107843,GSE120805
KDM4C,1,0.2357535637,GSE120805
DOCK8,-1,NA,GSE120805
KANK1,-1,3.23E-09,GSE120805
ELAVL2,-1,0.09083857925,GSE120805
NCS1,-1,2.85E-08,GSE120805
TESK1,1,0.8662409889,GSE120805
KCNT1,1,NA,GSE120805
CA9,-1,7.43E-05,GSE120805
FUBP3,1,0.9937320417,GSE120805
TYRP1,1,0.38960192,GSE120805
CREB3,1,0.5168155775,GSE120805
RGP1,1,0.8321499314,GSE120805
MPDZ,1,0.3518867809,GSE120805
LHX3,1,NA,GSE120805
RIGI,1,2.11E-05,GSE120805
EDF1,-1,0.819010872,GSE120805
PIP5K1B,-1,NA,GSE120805
GLIS3,-1,0.0007756883586,GSE120805
BAG1,-1,0.00316833616,GSE120805
RAPGEF1,1,0.9374527312,GSE120805
NPDC1,1,0.3858111506,GSE120805
APBA1,1,0.8462944684,GSE120805
SETX,1,0.6431655093,GSE120805
SH3GL2,1,0.921975984,GSE120805
PTGDS,-1,NA,GSE120805
ABCA2,-1,0.4767603961,GSE120805
SHB,-1,0.5367426832,GSE120805
UBE2R2,-1,0.9294733409,GSE120805
ABHD17B,1,0.01400194884,GSE120805
EXOSC3,-1,0.8029058915,GSE120805
ZFAND5,1,0.8661508763,GSE120805
DVL1,-1,0.7095060978,GSE120805
PDLIM1,-1,1.97E-05,GSE120805
CCNJ,-1,0.00691117954,GSE120805
GATA3,-1,NA,GSE120805
ATRNL1,1,0.9908704183,GSE120805
HPS1,-1,0.9286520624,GSE120805
PHYH,1,4.36E-08,GSE120805
RASSF4,1,0.9375347989,GSE120805
DNMBP,-1,0.9804159521,GSE120805
RAB11FIP2,-1,0.7237657245,GSE120805
CXCL12,-1,3.31E-19,GSE120805
ERLIN1,-1,0.001201220086,GSE120805
EIF3A,-1,0.2402623014,GSE120805
CUBN,1,0.3183307075,GSE120805
TRDMT1,-1,4.55E-06,GSE120805
DDX50,-1,0.9799962042,GSE120805
MAPK8,1,0.8217943951,GSE120805
SEC23IP,-1,0.9171749463,GSE120805
ATE1,1,0.9378612921,GSE120805
NSMCE4A,1,0.8257751706,GSE120805
PLEKHA1,-1,0.5449019833,GSE120805
PALD1,1,0.0857281381,GSE120805
UNC5B,-1,0.199818274,GSE120805
CDH23,1,0.0001062087248,GSE120805
VSIR,1,0.9178000149,GSE120805
SPOCK2,1,0.9529184927,GSE120805
MICU1,1,0.003220205429,GSE120805
PPP3CB,-1,0.000173666485,GSE120805
CCSER2,-1,0.8439983965,GSE120805
BMPR1A,1,0.3957711924,GSE120805
MINPP1,1,0.07410122708,GSE120805
ACTA2,-1,3.64E-09,GSE120805
LIPA,1,0.8935225789,GSE120805
TWNK,-1,0.0003108328246,GSE120805
LZTS2,1,0.5261782122,GSE120805
SFXN3,-1,0.7095060978,GSE120805
KAZALD1,1,0.008175368998,GSE120805
FBXW4,1,0.233588947,GSE120805
FGF8,-1,NA,GSE120805
NPM3,-1,0.06154537053,GSE120805
TNKS2,1,0.5597284093,GSE120805
PITX3,1,0.414660834,GSE120805
GBF1,1,0.9967693239,GSE120805
ARHGAP21,-1,0.07987799415,GSE120805
CPEB3,1,0.5661005632,GSE120805
FBXL15,1,0.7595966371,GSE120805
CUEDC2,1,0.738164529,GSE120805
SUFU,1,0.9942285054,GSE120805
ANKRD26,1,0.003337535651,GSE120805
ACBD5,1,0.5031639711,GSE120805
LHPP,-1,0.9469076172,GSE120805
LARP4B,-1,0.972948578,GSE120805
GTPBP4,-1,0.273428415,GSE120805
EDRF1,-1,0.7485280099,GSE120805
BCCIP,-1,0.2398918775,GSE120805
MTPAP,-1,2.61E-05,GSE120805
NEURL1,1,0.421959644,GSE120805
SH3PXD2A,1,0.6839980344,GSE120805
PITRM1,1,0.6542543985,GSE120805
STN1,1,0.3401477367,GSE120805
MAP3K8,-1,0.6093067695,GSE120805
DKK1,1,0.1084472225,GSE120805
GLRX3,-1,0.9046553576,GSE120805
TASOR2,-1,0.02368175484,GSE120805
XPNPEP1,1,0.8645410167,GSE120805
SMC3,-1,0.7525434163,GSE120805
SHOC2,1,0.7292379345,GSE120805
TFAM,-1,0.9054707696,GSE120805
CCDC6,-1,0.05735064864,GSE120805
CUL2,-1,0.8266313508,GSE120805
CCNY,-1,0.4360996519,GSE120805
UBE2S,1,0.00292153277,GSE120805
RPL28,-1,0.9153523743,GSE120805
ZMIZ1,-1,0.4602329881,GSE120805
DNAJC12,1,0.7049029171,GSE120805
PPIF,-1,5.31E-08,GSE120805
PBLD,1,1.92E-16,GSE120805
TSPAN14,-1,0.8935225789,GSE120805
TBC1D12,1,0.3495585694,GSE120805
CYP2C18,1,NA,GSE120805
KRT23,1,NA,GSE120805
CRYBA1,1,NA,GSE120805
NUFIP2,-1,0.961815648,GSE120805
GIT1,1,0.9908704183,GSE120805
RPL19,-1,0.9685455126,GSE120805
FBXL20,1,0.5441992354,GSE120805
RUNDC3A,1,0.01717499213,GSE120805
UBTF,-1,0.5180051032,GSE120805
CSF3,-1,NA,GSE120805
PSMD3,1,0.02901180247,GSE120805
CASC3,-1,0.8056912545,GSE120805
RAPGEFL1,-1,0.745895947,GSE120805
RGS9,1,0.9695878087,GSE120805
RNF43,1,0.8995959794,GSE120805
WNT3,1,0.5829869279,GSE120805
LOC101929777,1,0.5829869279,GSE120805
ASPA,1,NA,GSE120805
RAD51C,1,0.07670112155,GSE120805
SEPTIN4,1,0.01146214683,GSE120805
MTMR4,-1,1.78E-08,GSE120805
TRIM37,-1,0.5031639711,GSE120805
P2RX1,1,0.2265788991,GSE120805
DHX40,1,0.09030608567,GSE120805
TUBD1,-1,0.5675716134,GSE120805
KPNB1,-1,0.04891402406,GSE120805
GOSR2,1,0.3769036297,GSE120805
PNPO,1,0.6641816246,GSE120805
RPS6KB1,1,0.5883232003,GSE120805
CDK5RAP3,-1,0.9374987598,GSE120805
CBX1,-1,0.774832854,GSE120805
RECQL5,1,0.06347146195,GSE120805
PIGL,-1,0.7940933643,GSE120805
GALK1,1,0.5798017168,GSE120805
INTS2,1,0.03251680367,GSE120805
CAMTA2,-1,0.6907328203,GSE120805
MED13,1,0.8720688415,GSE120805
HOXB6,-1,0.7927138613,GSE120805
ENO3,1,0.8290210672,GSE120805
PFN1,-1,0.005415862404,GSE120805
RNF167,-1,0.7728742188,GSE120805
SLC25A11,1,0.3799685152,GSE120805
RASD1,1,0.1770095271,GSE120805
CHRNE,1,0.0001937173253,GSE120805
RAI1,-1,0.8293308025,GSE120805
NUP88,-1,0.4777268058,GSE120805
C1QBP,-1,0.1094024451,GSE120805
SLC6A4,1,0.5303875391,GSE120805
BLMH,-1,0.1366771336,GSE120805
CPD,1,0.007502548808,GSE120805
GOSR1,-1,0.9274252076,GSE120805
CCDC47,-1,0.07156347497,GSE120805
MED31,-1,0.908253972,GSE120805
DRG2,1,0.6465611826,GSE120805
FTSJ3,-1,0.0548179504,GSE120805
AKAP10,1,3.53E-05,GSE120805
ALDH3A1,1,0.07646023049,GSE120805
SMARCD2,1,0.2694368897,GSE120805
ICAM2,1,NA,GSE120805
SYNGR2,1,0.2416522169,GSE120805
B9D1,-1,0.5597846224,GSE120805
UTP6,-1,0.5956599932,GSE120805
DDX5,-1,0.8378010926,GSE120805
C17orf75,1,0.6039458542,GSE120805
CYTH1,1,0.6388618567,GSE120805
PSMD11,-1,0.9856051589,GSE120805
LGALS3BP,-1,0.8178142705,GSE120805
CCL7,-1,NA,GSE120805
CCL2,-1,0.3244339774,GSE120805
PEX12,-1,0.4418815214,GSE120805
KRT32,1,NA,GSE120805
DHX58,1,1.17E-09,GSE120805
KAT2A,-1,0.5669930393,GSE120805
RAB5C,1,0.9061755188,GSE120805
NAGLU,-1,0.9657407459,GSE120805
HSD17B1,1,0.9938666388,GSE120805
MLX,-1,0.5741848206,GSE120805
CNTNAP1,1,0.9193594707,GSE120805
ABI3,1,0.1711464471,GSE120805
EZH1,1,0.6186173901,GSE120805
DLX4,-1,0.8219203285,GSE120805
PPP1R9B,1,0.9955354615,GSE120805
COL1A1,-1,0.00202740249,GSE120805
SGCA,-1,0.9578979302,GSE120805
MRPL27,-1,0.637110351,GSE120805
VAT1,-1,0.4389108636,GSE120805
LRRC59,-1,2.24E-09,GSE120805
RND2,1,2.16E-07,GSE120805
HDAC5,1,0.002168853714,GSE120805
ABCC3,-1,0.5549324313,GSE120805
LUC7L3,1,0.3179708613,GSE120805
PPY,1,NA,GSE120805
MPP2,1,0.5779623855,GSE120805
SMURF2,-1,0.08557651092,GSE120805
DUSP3,1,0.06960345846,GSE120805
CACNG1,1,NA,GSE120805
EFTUD2,-1,0.2955735643,GSE120805
HLF,1,NA,GSE120805
SLC16A6,-1,0.4986021916,GSE120805
PRKAR1A,1,0.2916613732,GSE120805
EFNB3,1,0.5806656625,GSE120805
FAM20A,-1,0.3738648245,GSE120805
YWHAE,-1,0.3512130626,GSE120805
MMD,-1,0.1302827384,GSE120805
RANGRF,-1,0.8424784476,GSE120805
DPH1,-1,0.7021916836,GSE120805
MAP2K6,-1,0.204214146,GSE120805
DHRS7B,1,0.4811001456,GSE120805
WSB1,1,0.8475284437,GSE120805
NHERF1,1,0.7960946208,GSE120805
MYH3,-1,0.0004858035871,GSE120805
NAT9,-1,0.8857594157,GSE120805
SLC38A12,-1,0.9639988362,GSE120805
VTN,-1,0.9692556707,GSE120805
TNFAIP1,-1,1.31E-06,GSE120805
IFT20,1,0.3401477367,GSE120805
TMEM97,-1,6.57E-05,GSE120805
CDR2L,-1,0.2402623014,GSE120805
PMP22,-1,5.54E-10,GSE120805
FOXN1,1,NA,GSE120805
UNC119,1,2.31E-08,GSE120805
ALDOC,-1,5.85E-05,GSE120805
SUPT6H,1,0.8176820063,GSE120805
RAB34,-1,0.7735987796,GSE120805
PHF12,-1,0.9327475095,GSE120805
TMEM33,1,0.9576091254,GSE120805
SLAIN2,-1,0.460278942,GSE120805
OCIAD1,1,0.4993932217,GSE120805
DCUN1D4,-1,0.1481870079,GSE120805
USP46,-1,0.8043146647,GSE120805
SULT1E1,-1,0.9649274311,GSE120805
ODAM,1,NA,GSE120805
CHIC2,1,0.4931135982,GSE120805
NMU,1,0.05370193293,GSE120805
CRACD,-1,0.1115914038,GSE120805
LAMTOR3,1,0.9980104569,GSE120805
NFKB1,-1,0.2079165246,GSE120805
AREG,1,5.85E-70,GSE120805
MANBA,1,1.88E-10,GSE120805
UBE2D3,-1,0.5558390094,GSE120805
MAPK10,1,2.08E-05,GSE120805
ELF2,-1,0.964443069,GSE120805
NDUFC1,1,0.1332225151,GSE120805
UCP1,1,2.18E-06,GSE120805
TBC1D9,-1,0.5427599486,GSE120805
ZNF330,-1,0.05892116275,GSE120805
INPP4B,-1,0.1498313171,GSE120805
GAB1,-1,0.2025267725,GSE120805
KLHL2,1,0.6838069314,GSE120805
CPE,-1,0.8732855635,GSE120805
RPL34,-1,0.9651980112,GSE120805
WFS1,-1,0.9707592765,GSE120805
ANXA10,1,0.7435472855,GSE120805
GRPEL1,-1,0.03980675969,GSE120805
GAR1,-1,0.1006332008,GSE120805
FRG1,-1,0.3487304194,GSE120805
CLCN3,1,0.0006325919609,GSE120805
AADAT,-1,0.00147261146,GSE120805
GALNT7,-1,0.001573750839,GSE120805
DHX15,-1,0.6615710584,GSE120805
SOD3,-1,0.75154052,GSE120805
SEPSECS,1,0.02840719787,GSE120805
CPZ,-1,NA,GSE120805
TRIM2,1,3.22E-09,GSE120805
SLC2A9,-1,0.9689958598,GSE120805
FBXW7,1,0.2718869375,GSE120805
NEIL3,1,0.1724938091,GSE120805
TBC1D19,1,0.2627804805,GSE120805
NSD2,-1,0.742593357,GSE120805
SH3D19,-1,0.4673183043,GSE120805
STIM2,-1,0.4990053121,GSE120805
NKX3-2,1,0.3413499538,GSE120805
SLC75A1,-1,0.3699203931,GSE120805
GLRB,-1,0.8968619491,GSE120805
BST1,-1,0.7879637453,GSE120805
RAPGEF2,1,0.0117812291,GSE120805
HGFAC,1,0.6154915003,GSE120805
SNX25,-1,0.8054911218,GSE120805
LRP2BP,-1,0.9320948321,GSE120805
UFSP2,-1,0.3811187748,GSE120805
KLF3,-1,0.3036050723,GSE120805
KLHL5,1,0.04899986768,GSE120805
FAM149A,1,0.2429271976,GSE120805
NCAPG,1,0.3930195156,GSE120805
UGDH,-1,0.0001809884784,GSE120805
DDX25,1,NA,GSE120805
CRYAB,-1,0.4983038641,GSE120805
HTATIP2,1,0.3155668548,GSE120805
CTSC,-1,2.09E-07,GSE120805
CCDC34,1,0.2528713691,GSE120805
ELP4,1,0.595587329,GSE120805
ZPR1,-1,0.1508884486,GSE120805
MTCH2,-1,0.9760872044,GSE120805
FNBP4,-1,0.9699296317,GSE120805
TECTA,1,0.9358714488,GSE120805
TBCEL-TECTA,1,0.9358714488,GSE120805
SC5D,-1,0.3572344913,GSE120805
CRTAM,1,NA,GSE120805
JHY,1,0.1268247666,GSE120805
HSPA8,-1,0.07124567892,GSE120805
VWA5A,1,0.8468624819,GSE120805
DNAJC4,1,0.4095072161,GSE120805
SIAE,1,7.09E-06,GSE120805
SNX15,-1,0.9101029618,GSE120805
LPXN,1,1.20E-12,GSE120805
DTX4,1,0.8689949015,GSE120805
ATG2A,1,0.3871885041,GSE120805
EHD1,-1,0.866656989,GSE120805
OSBP,1,0.344584476,GSE120805
UNC93B1,1,0.7179822508,GSE120805
PUS3,-1,0.002722891162,GSE120805
DCPS,-1,0.3505442493,GSE120805
KMT5B,-1,0.7002830543,GSE120805
FOXRED1,-1,0.2096813772,GSE120805
PPP6R3,1,0.001350967926,GSE120805
NRXN2,1,0.1372354568,GSE120805
ST3GAL4,-1,0.1194025403,GSE120805
CPT1A,1,0.1297162722,GSE120805
CCND1,1,0.1542561392,GSE120805
CCDC86,-1,0.04506984861,GSE120805
PRPF19,-1,0.2776126821,GSE120805
TMEM109,-1,0.03587364809,GSE120805
HPX,1,0.2689472006,GSE120805
TRIM3,-1,0.3803856558,GSE120805
CHORDC1,-1,0.447576886,GSE120805
FOLR1,1,0.9490698012,GSE120805
ANAPC15,-1,0.02586095377,GSE120805
FOLR3,-1,NA,GSE120805
PANX1,-1,0.0007461114914,GSE120805
ARHGEF17,1,0.7101057332,GSE120805
APOA5,1,NA,GSE120805
CEP164,1,4.89E-11,GSE120805
RNF141,1,0.001637336203,GSE120805
CEP126,1,0.3070059266,GSE120805
EIF4G2,-1,0.0726404481,GSE120805
IL10RA,-1,NA,GSE120805
GALNT18,1,0.706103665,GSE120805
BIRC2,1,0.2106784031,GSE120805
UBE4A,1,0.4764065374,GSE120805
DDX6,1,0.6080323325,GSE120805
UPK2,1,NA,GSE120805
CBL,1,0.9848792104,GSE120805
NECTIN1,-1,0.1481870079,GSE120805
HIPK3,-1,0.744513713,GSE120805
KIAA1549L,-1,0.6661890576,GSE120805
FBXO3,1,0.1468368746,GSE120805
PDHX,1,0.9454137646,GSE120805
SLC1A2,-1,0.9175393485,GSE120805
COMMD9,-1,0.6378795903,GSE120805
SLC15A3,1,0.2205473723,GSE120805
ACCS,1,0.01193718692,GSE120805
MDK,-1,0.2303765174,GSE120805
AMBRA1,1,0.3921162946,GSE120805
MADD,1,0.8521578289,GSE120805
PTPMT1,1,0.1507936239,GSE120805
NAA40,1,0.2375825995,GSE120805
CARS1,-1,0.9071109982,GSE120805
SLC67A1,1,0.8835527032,GSE120805
CD81,-1,0.1778988399,GSE120805
SLC35F2,-1,0.0685689866,GSE120805
ELMOD1,1,0.1034017017,GSE120805
SOX6,1,NA,GSE120805
C11orf58,1,0.1271298537,GSE120805
PITPNM1,1,0.1937861245,GSE120805
RPS13,-1,0.7190526351,GSE120805
AIP,1,0.379207529,GSE120805
NUP98,1,0.0001473554286,GSE120805
NDUFS8,-1,0.5948572831,GSE120805
TCIRG1,1,0.9940717289,GSE120805
CHKA,1,4.19E-07,GSE120805
EXPH5,1,0.4684718132,GSE120805
HPS5,1,0.3565995988,GSE120805
GTF2H1,1,0.8056615257,GSE120805
POU2AF1,1,NA,GSE120805
VWF,1,0.3577707882,GSE120805
PSMD9,1,0.8973714389,GSE120805
P3H3,-1,0.3401566749,GSE120805
PPFIBP1,-1,0.8071723912,GSE120805
PRPF40B,1,0.0004015975296,GSE120805
PRDM4,-1,0.1100950219,GSE120805
CLEC2B,1,0.6830044399,GSE120805
COQ5,-1,0.8999709974,GSE120805
SELPLG,1,0.2310325306,GSE120805
CORO1C,-1,0.0004126916499,GSE120805
ASIC1,-1,0.8243432988,GSE120805
DAO,-1,NA,GSE120805
CAPRIN2,-1,0.8859432095,GSE120805
TSPAN11,1,1.66E-07,GSE120805
KCTD10,-1,0.2673144258,GSE120805
SLC11A2,1,0.2662229109,GSE120805
MLEC,-1,0.2059671782,GSE120805
MVK,1,0.8832755616,GSE120805
CSRNP2,1,0.6404230128,GSE120805
CAMKK2,-1,0.01446265497,GSE120805
BIN2,1,0.4055410812,GSE120805
IL23A,1,0.2856766163,GSE120805
ATP5F1B,1,0.474744223,GSE120805
PTGES3,-1,0.3463462747,GSE120805
SYT10,-1,NA,GSE120805
BCL7A,1,0.9736538938,GSE120805
RSRC2,-1,0.8115377455,GSE120805
CYP27B1,-1,0.2432200944,GSE120805
MYF6,1,0.6202730001,GSE120805
LIN7A,-1,0.1669473268,GSE120805
KRT18,-1,4.26E-09,GSE120805
ACSS3,1,3.88E-05,GSE120805
TNS2,1,0.9765411759,GSE120805
GLI1,-1,1.06E-06,GSE120805
PPM1H,-1,0.006905054768,GSE120805
METAP2,-1,0.8222291905,GSE120805
LTA4H,1,0.07878811628,GSE120805
ELK3,-1,0.9543198731,GSE120805
SLC6A12,1,0.8103796132,GSE120805
WNT5B,-1,8.75E-05,GSE120805
MAGOHB,-1,0.4129767736,GSE120805
TRPV4,1,0.4877081956,GSE120805
ITFG2,-1,0.1242217538,GSE120805
FOXM1,1,0.9804156432,GSE120805
PRH1,1,0.2441338773,GSE120805
PRR4,1,0.2441338773,GSE120805
PARP11,1,0.9967817872,GSE120805
ARPC3,-1,0.9803011151,GSE120805
GPN3,-1,0.6351644892,GSE120805
VPS29,-1,0.5374552306,GSE120805
RAD51AP1,-1,0.9424304225,GSE120805
SH2B3,-1,0.6371651134,GSE120805
AKAP3,1,0.0081343786,GSE120805
MANSC1,1,0.001608657539,GSE120805
DUSP16,-1,2.77E-07,GSE120805
CREBL2,1,1.37E-13,GSE120805
ACAD10,1,0.4713644471,GSE120805
ALDH2,1,2.09E-05,GSE120805
CDKN1B,1,0.4566892453,GSE120805
NAA25,-1,0.0475752483,GSE120805
GSG1,1,0.9540244121,GSE120805
SCNN1A,1,0.2724950212,GSE120805
LTBR,1,0.003221167374,GSE120805
OGFOD2,1,0.9445546623,GSE120805
CDK2AP1,-1,0.08050507608,GSE120805
OAS3,-1,0.9664681565,GSE120805
OAS2,1,0.3996930614,GSE120805
ART4,1,0.706103665,GSE120805
MGP,-1,0.01911238764,GSE120805
RASAL1,1,6.95E-05,GSE120805
ARHGDIB,-1,0.3550213956,GSE120805
GTF2H3,1,0.5726752167,GSE120805
EIF2B1,-1,0.05705151173,GSE120805
DDX55,-1,0.0001855385494,GSE120805
SLC38A1,-1,0.003126982724,GSE120805
RERGL,-1,0.8463856024,GSE120805
ENDOU,-1,NA,GSE120805
SPRING1,1,0.0857281381,GSE120805
VDR,-1,0.1466903431,GSE120805
RFC5,-1,0.7631018048,GSE120805
STX2,-1,2.68E-05,GSE120805
ADGRD1,1,NA,GSE120805
COPZ1,-1,0.2499249524,GSE120805
TBC1D30,1,0.8018956084,GSE120805
CAND1,-1,0.94180665,GSE120805
RAB5B,1,0.4440721565,GSE120805
SAXO6,1,0.1125531236,GSE120805
NUP107,-1,0.7594642946,GSE120805
CNOT2,1,0.9256993297,GSE120805
TIMELESS,-1,0.9341953263,GSE120805
CPSF6,-1,0.8985370201,GSE120805
KRR1,1,0.2537220958,GSE120805
MRPL51,1,0.9575818524,GSE120805
GAPDH,-1,9.75E-07,GSE120805
NOP2,-1,8.89E-10,GSE120805
CHD4,1,0.9597429339,GSE120805
ACRBP,1,0.5427661946,GSE120805
BLTP3B,1,0.6800616517,GSE120805
COPS7A,-1,0.003315826062,GSE120805
ING4,1,0.05660736956,GSE120805
GNB3,-1,0.002200028691,GSE120805
CDCA3,1,1.15E-13,GSE120805
CHPT1,-1,0.09268462149,GSE120805
USP5,1,0.9099200764,GSE120805
TPI1,-1,0.3472423427,GSE120805
GNPTAB,-1,0.05663971397,GSE120805
SPSB2,1,0.004595078133,GSE120805
LOC105369632,1,0.004595078133,GSE120805
ENO2,1,0.6875233149,GSE120805
ATN1,-1,0.9882957817,GSE120805
C12orf57,-1,0.9497454841,GSE120805
PTPN6,1,0.03293486357,GSE120805
LPCAT3,-1,0.7882282621,GSE120805
NT5DC3,-1,2.03E-06,GSE120805
SLCO1B3,-1,NA,GSE120805
SUDS3,1,3.35E-15,GSE120805
GOLT1B,-1,0.8573382785,GSE120805
GYS2,1,NA,GSE120805
LDHB,-1,0.2108806293,GSE120805
PRKAB1,1,0.20731885,GSE120805
CMAS,-1,0.7893302862,GSE120805
HCFC2,1,0.005607204656,GSE120805
ST8SIA1,-1,0.248874669,GSE120805
CLEC4A,-1,0.8014241748,GSE120805
C2CD5,-1,0.3871885041,GSE120805
RAB35,-1,0.8394681745,GSE120805
PHC1,-1,0.9859087336,GSE120805
COX6A1,1,0.979687103,GSE120805
RIC8B,-1,0.3969317711,GSE120805
SRSF9,1,0.8398630116,GSE120805
FGFR1OP2,1,0.3494598212,GSE120805
COL12A1,-1,3.02E-07,GSE120805
BTN3A3,-1,0.7073952665,GSE120805
TDP2,-1,0.6334282598,GSE120805
FRK,1,0.6014956493,GSE120805
DSE,-1,0.03054067215,GSE120805
RWDD1,-1,0.0678339864,GSE120805
RSPH4A,1,0.45020889,GSE120805
MAK,1,0.04017817445,GSE120805
TMEM14C,-1,0.9615226058,GSE120805
PAK1IP1,-1,0.00686902288,GSE120805
GCNT2,1,0.07155019423,GSE120805
SMIM8,1,0.1441472494,GSE120805
LINC01590,1,0.1441472494,GSE120805
NEDD9,1,0.07415802481,GSE120805
CEP85L,-1,0.8516285128,GSE120805
ADTRP,1,0.9979036866,GSE120805
ASF1A,1,0.003573265018,GSE120805
MCM9,-1,0.203568155,GSE120805
FAM184A,1,0.158644306,GSE120805
RNGTT,1,0.8038671652,GSE120805
MAN1A1,-1,2.17E-06,GSE120805
GABRR2,-1,0.6585307826,GSE120805
SERINC1,1,0.1265297556,GSE120805
HDDC2,-1,0.8547699919,GSE120805
TPD52L1,-1,0.002874049077,GSE120805
HINT3,1,0.2080518743,GSE120805
NCOA7,-1,0.2665011894,GSE120805
RIPOR2,1,0.01174727817,GSE120805
SASH1,1,0.4356190943,GSE120805
UST,1,0.7012312043,GSE120805
ULBP1,-1,0.5247385546,GSE120805
FBXO5,-1,0.2916488345,GSE120805
MTRF1L,-1,0.821250569,GSE120805
PPARD,1,0.9955823148,GSE120805
FANCE,1,0.9110585514,GSE120805
TULP1,-1,NA,GSE120805
MAPK14,-1,0.272109819,GSE120805
KCTD20,-1,0.00841057112,GSE120805
STK38,1,0.8089607593,GSE120805
SRSF3,-1,0.0003391250052,GSE120805
MRPL18,-1,0.01433323198,GSE120805
MCM3,-1,0.3076211028,GSE120805
RNF8,-1,0.9743953448,GSE120805
PHACTR1,-1,0.2795275368,GSE120805
MDGA1,1,0.0003137045404,GSE120805
CILK1,-1,0.08004028814,GSE120805
FBXO9,1,0.9215624035,GSE120805
CD83,1,0.9804156432,GSE120805
MDN1,-1,0.01175323871,GSE120805
SAYSD1,1,1.83E-06,GSE120805
BMP5,1,0.9962120216,GSE120805
BACH2,-1,8.73E-10,GSE120805
RBM24,1,0.8892009803,GSE120805
CAP2,-1,0.6841419508,GSE120805
ZNF451,1,0.6300989816,GSE120805
BAG2,-1,0.184820088,GSE120805
RAB23,-1,0.4986021916,GSE120805
GPR63,1,0.9017881966,GSE120805
FBXL4,-1,0.7551489149,GSE120805
CCNC,1,0.2613493595,GSE120805
PRDM13,-1,0.3440663156,GSE120805
E2F3,1,0.9398409305,GSE120805
PTP4A1,-1,0.03859142828,GSE120805
SIM1,-1,0.04532362508,GSE120805
ASCC3,-1,0.9978813249,GSE120805
POPDC1,-1,0.0004959528938,GSE120805
MED23,1,0.1137314931,GSE120805
WASF1,-1,0.4361920022,GSE120805
GPLD1,1,0.5878136093,GSE120805
ALDH5A1,1,0.1555219369,GSE120805
CRYBG1,-1,0.6388110035,GSE120805
VNN1,1,3.60E-05,GSE120805
VNN2,1,0.04194980563,GSE120805
ACOT13,1,0.8855850533,GSE120805
SMAP1,-1,0.5542082878,GSE120805
RPS12,-1,0.9714786141,GSE120805
C6orf62,1,0.9685965039,GSE120805
B3GAT2,1,NA,GSE120805
GMNN,-1,0.8507366906,GSE120805
EYA4,-1,0.0003832930996,GSE120805
SOBP,-1,0.4917314984,GSE120805
NR2E1,1,NA,GSE120805
SNX3,1,0.5930263474,GSE120805
HBS1L,1,0.9962834372,GSE120805
TRIM38,1,0.07218138753,GSE120805
PEX7,1,0.2659193185,GSE120805
ZBTB24,-1,0.0001109154185,GSE120805
FIG4,1,0.006178131388,GSE120805
PERP,1,0.2667067527,GSE120805
ARFGEF3,-1,0.7311761692,GSE120805
SLC16A10,1,0.6263421799,GSE120805
HECA,1,0.2371115855,GSE120805
ADGRG6,-1,0.5099138236,GSE120805
PHACTR2,1,0.8614072821,GSE120805
EPM2A,-1,0.1186529866,GSE120805
SLC39A7,-1,0.1930284114,GSE120805
SLC22A2,-1,0.04288508284,GSE120805
PHF1,1,0.006344679011,GSE120805
CUTA,-1,0.00055983848,GSE120805
PACRG,1,0.9108837511,GSE120805
QKI,-1,0.2075166674,GSE120805
C6orf118,-1,0.6386620409,GSE120805
PDE10A,1,0.9801010023,GSE120805
LINC00473,1,0.9801010023,GSE120805
MDFI,1,0.01178501054,GSE120805
TFEB,-1,0.7612866334,GSE120805
CCND3,1,1.68E-06,GSE120805
BYSL,-1,0.0116333267,GSE120805
FAM120B,1,0.6791916486,GSE120805
TBP,-1,0.6547653203,GSE120805
GUCA1B,1,0.9858141255,GSE120805
PRPH2,-1,0.6512204607,GSE120805
BICRAL,-1,0.3518336029,GSE120805
PPP2R5D,1,0.002148613388,GSE120805
MRPL2,-1,0.9060995735,GSE120805
PTK7,-1,0.7983293186,GSE120805
SRF,-1,1.65E-05,GSE120805
CUL9,1,1.84E-05,GSE120805
DNPH1,-1,0.393348037,GSE120805
DUSP22,-1,0.1391961243,GSE120805
LOC124907782,-1,0.1391961243,GSE120805
EXOC2,1,0.7178183066,GSE120805
COX7A2,1,0.9442037029,GSE120805
CDC50A,1,0.117385624,GSE120805
GMDS,-1,0.5822298377,GSE120805
SENP6,-1,0.9108306243,GSE120805
IMPG1,-1,NA,GSE120805
VEGFA,-1,0.05954392296,GSE120805
PRP4K,1,0.08014077456,GSE120805
TTK,1,5.15E-05,GSE120805
SLC29A1,-1,0.1003156457,GSE120805
CCN6,-1,NA,GSE120805
BTN2A1,1,0.3224323108,GSE120805
LAMA4,-1,0.3290609287,GSE120805
TENT5A,-1,1.58E-13,GSE120805
CLIC5,1,0.173105432,GSE120805
FBRSL1,-1,0.494925329,GSE120805
ENPP5,1,0.7274112442,GSE120805
PRSS16,1,0.6073376721,GSE120805
MEP1A,1,NA,GSE120805
TBX18,1,0.8115883525,GSE120805
ERBIN,-1,0.5179326628,GSE120805
PCDHB2,-1,0.9471667701,GSE120805
HARS2,1,0.8303651299,GSE120805
NUDT12,1,0.3334186688,GSE120805
CEP72,1,0.8761208124,GSE120805
MAN2A1,-1,3.21E-08,GSE120805
SEMA5A,-1,9.15E-12,GSE120805
C7,1,NA,GSE120805
TENT4A,-1,0.8075025831,GSE120805
GHR,1,0.9008834764,GSE120805
HMGCS1,-1,0.64211378,GSE120805
DAP,-1,0.04929379102,GSE120805
NME5,1,4.26E-05,GSE120805
BRD8,1,0.0002289246586,GSE120805
KIF20A,1,8.93E-14,GSE120805
NNT,1,0.00010786006,GSE120805
MRPS30,-1,0.7181385197,GSE120805
HSPA9,-1,0.005040529233,GSE120805
MRPS27,-1,0.0002899706351,GSE120805
PFDN1,-1,0.09607774053,GSE120805
HBEGF,-1,0.002075700085,GSE120805
SLC4A9,1,NA,GSE120805
LOX,-1,0.001676543247,GSE120805
CDH9,1,NA,GSE120805
APBB3,1,0.9141877784,GSE120805
TMCO6,-1,7.35E-06,GSE120805
SPARC,-1,3.82E-11,GSE120805
IK,1,0.1519123783,GSE120805
HMGCR,1,0.6727168549,GSE120805
CERT1,1,0.3293739448,GSE120805
FAF2,-1,0.7993783787,GSE120805
HAND1,-1,NA,GSE120805
PCDHB3,1,NA,GSE120805
PCDHB5,-1,0.8304391212,GSE120805
PCDHB6,1,NA,GSE120805
PCDHB7,1,NA,GSE120805
PDE8B,1,0.7846782933,GSE120805
CLK4,1,0.001487476962,GSE120805
PCDHB15,1,0.2429184842,GSE120805
ITK,1,NA,GSE120805
RNF130,1,0.1896992822,GSE120805
THG1L,-1,0.03054067215,GSE120805
ARSB,-1,0.02255028942,GSE120805
CLINT1,1,0.8542549399,GSE120805
THBS4,1,0.1042854977,GSE120805
CNOT6,1,0.3065115629,GSE120805
IL12B,1,0.6238192641,GSE120805
TTC1,-1,0.9328300423,GSE120805
MSH3,1,0.4471418484,GSE120805
RASGRF2,1,0.395404377,GSE120805
CCNG1,1,0.0736186943,GSE120805
POLR3G,-1,4.91E-07,GSE120805
DROSHA,-1,0.8370142384,GSE120805
CDH6,-1,NA,GSE120805
LMNB1,-1,0.5434770792,GSE120805
ARRDC3,-1,0.01125580525,GSE120805
GOLPH3,-1,0.6753624322,GSE120805
SUB1,-1,0.9704425077,GSE120805
NPR3,-1,0.0001074476986,GSE120805
ARB2A,-1,0.4238352822,GSE120805
SLC27A6,1,0.9795752675,GSE120805
TARS1,-1,0.7827614815,GSE120805
LNPEP,-1,0.5923928521,GSE120805
PDE4D,-1,0.8818070718,GSE120805
RAD1,-1,0.3703040867,GSE120805
BRIX1,-1,0.0002133852172,GSE120805
PRLR,1,0.6954156012,GSE120805
SLC12A7,1,NA,GSE120805
IL4,-1,0.9456519505,GSE120805
RAD50,1,0.09822908772,GSE120805
IL5,1,NA,GSE120805
ST8SIA4,1,0.7616624533,GSE120805
GNPDA1,1,0.5558182277,GSE120805
PCDH12,1,NA,GSE120805
SKP1,1,0.0013329518,GSE120805
NUP155,-1,0.0009648288777,GSE120805
PPP2CA,1,0.8935225789,GSE120805
FGF1,-1,0.02030588808,GSE120805
NR3C1,-1,0.03592284254,GSE120805
C5orf15,1,0.2516156058,GSE120805
PPWD1,-1,0.9245589239,GSE120805
LIFR,-1,0.3119233047,GSE120805
TRIM23,1,1.19E-05,GSE120805
TRAPPC13,1,0.4109852741,GSE120805
C9,-1,0.9093245763,GSE120805
SEC24A,-1,0.9558717812,GSE120805
TXNDC15,-1,0.8224156646,GSE120805
TTC33,1,0.9733879419,GSE120805
RARS1,-1,0.9009768433,GSE120805
WWC1,-1,0.04996625386,GSE120805
MACROH2A1,1,0.7799126666,GSE120805
TCERG1,-1,0.03056434119,GSE120805
DPYSL3,-1,8.15E-17,GSE120805
SMAD5,1,0.9589197089,GSE120805
CSNK1A1,1,0.3120767631,GSE120805
HMGXB3,1,0.6362740298,GSE120805
ERGIC1,-1,1.46E-09,GSE120805
PDGFRB,-1,4.30E-10,GSE120805
CDX1,-1,NA,GSE120805
ATP6V0E1,1,0.9848792104,GSE120805
BNIP1,-1,0.802629971,GSE120805
STC2,-1,3.77E-09,GSE120805
CPEB4,1,0.01513046167,GSE120805
DBN1,-1,0.8468783632,GSE120805
ZNF346,1,0.0480136444,GSE120805
UNC5A,1,NA,GSE120805
EHHADH,-1,0.4296714562,GSE120805
CNTN3,1,NA,GSE120805
SMC4,1,0.1085683049,GSE120805
SELENOK,1,0.8703039427,GSE120805
ACTR8,1,0.9575818524,GSE120805
TBCCD1,-1,4.84E-10,GSE120805
TIMMDC1,1,0.8783327483,GSE120805
CRBN,1,0.01187228124,GSE120805
BCL6,-1,0.8035498692,GSE120805
HGD,-1,0.8534739225,GSE120805
CLDN16,1,0.8987733087,GSE120805
ARL6,1,0.4581100905,GSE120805
NPHP3,-1,0.9981070468,GSE120805
AMOTL2,-1,0.4877000691,GSE120805
NIT2,1,0.8567239527,GSE120805
FAM162A,-1,0.006115599163,GSE120805
OGG1,-1,0.0008918003019,GSE120805
KPNA1,-1,0.6244538108,GSE120805
PCCB,-1,0.2377757656,GSE120805
UBE3A,1,0.9724993298,GSE120805
ARMC8,-1,0.4591742468,GSE120805
CEP70,1,3.00E-07,GSE120805
RBP1,-1,0.0003029949503,GSE120805
SLC25A36,-1,0.4223933534,GSE120805
GRK7,-1,NA,GSE120805
RNF7,1,0.9834981163,GSE120805
TFDP2,1,1.20E-08,GSE120805
XRN1,1,0.003891104464,GSE120805
KAT2B,1,3.79E-09,GSE120805
BCHE,1,0.9869411977,GSE120805
SERPINI2,-1,NA,GSE120805
PDCD10,1,0.876546211,GSE120805
WNT5A,-1,0.001088485256,GSE120805
PFKFB4,-1,0.0191206025,GSE120805
COL7A1,1,0.941464716,GSE120805
FGF12,-1,0.2671703699,GSE120805
PRKAR2A,-1,0.02156459805,GSE120805
HES1,-1,0.9986499334,GSE120805
USP4,-1,0.341525105,GSE120805
ACAP2,1,0.1128980111,GSE120805
ECT2,1,0.0001046091846,GSE120805
GNAT1,1,0.9967693239,GSE120805
GNAI2,-1,0.9243025692,GSE120805
TFG,-1,0.8538977319,GSE120805
USP9Y,1,0.2628897456,GSE120805
TTTY15,1,0.2628897456,GSE120805
HYAL1,1,0.8209763826,GSE120805
TUSC2,1,0.1459904608,GSE120805
NPRL2,1,0.09948277962,GSE120805
RPL24,-1,0.3370171784,GSE120805
CYB561D2,-1,0.7584265999,GSE120805
CEP15,-1,0.8350411308,GSE120805
FXR1,1,0.2216765223,GSE120805
CBLB,-1,0.003528702023,GSE120805
BBX,-1,0.9657407459,GSE120805
IFT57,1,0.1183701381,GSE120805
GNB4,-1,0.007416479126,GSE120805
DRC9,1,1.25E-07,GSE120805
GBE1,1,0.8966696239,GSE120805
UMPS,-1,0.2857189245,GSE120805
NCBP2,-1,0.2096813772,GSE120805
SNX4,1,0.7576042881,GSE120805
C3orf52,1,0.5193933671,GSE120805
FRMD4B,1,0.8701363897,GSE120805
SLC41A3,-1,0.4478209648,GSE120805
ROPN1B,-1,NA,GSE120805
PLXNA1,-1,0.009400676301,GSE120805
ATP6V1A,1,9.57E-12,GSE120805
ABTB1,1,0.0045447274,GSE120805
PODXL2,-1,NA,GSE120805
UPK1B,-1,NA,GSE120805
CSPG5,-1,0.9937320417,GSE120805
KLHL18,-1,0.8801225912,GSE120805
SCAP,1,0.7380348374,GSE120805
EFCC1,1,NA,GSE120805
CFAP92,1,1.21E-05,GSE120805
NEK11,1,0.005290303579,GSE120805
MRPL3,-1,0.008005974176,GSE120805
PLSCR4,1,0.6375854068,GSE120805
HEMK1,1,0.5503534091,GSE120805
CISH,1,0.2724499433,GSE120805
MAPKAPK3,-1,0.04742459742,GSE120805
ACVR2B,1,0.8176820063,GSE120805
WDR48,1,0.1870159945,GSE120805
COMMD2,-1,0.7563048124,GSE120805
GORASP1,-1,0.5803411856,GSE120805
PEX5L,1,NA,GSE120805
RRP9,-1,0.1005769641,GSE120805
ABCC5,-1,0.8662409889,GSE120805
ABHD14B,1,0.9589197089,GSE120805
EIF1B,-1,0.9537044432,GSE120805
ABHD14A-ACY1,-1,0.7537379411,GSE120805
ARHGEF26,-1,0.01166617098,GSE120805
KLHL24,1,5.80E-17,GSE120805
PLCH1,1,0.1107587279,GSE120805
VIPR1,-1,0.8239348594,GSE120805
DNAH1,1,0.4171162833,GSE120805
SSR3,-1,0.0001671326432,GSE120805
ZBTB47,-1,0.5753653994,GSE120805
TNNC1,-1,0.9346684462,GSE120805
NKTR,-1,0.02176246868,GSE120805
CLCN2,1,0.5098109966,GSE120805
FOXP1,-1,0.04601958149,GSE120805
EIF4G1,-1,0.2547516796,GSE120805
SPCS1,-1,0.8221875059,GSE120805
NEK4,1,2.22E-05,GSE120805
SLC4A3,1,0.6310387969,GSE120805
INO80D,-1,0.9256993297,GSE120805
EEF1B2,-1,0.02141196871,GSE120805
ADAM23,-1,0.5066400339,GSE120805
DGUOK,1,0.9549276457,GSE120805
MOB1A,1,0.8074659837,GSE120805
KANSL3,-1,0.1737331262,GSE120805
LMAN2L,1,0.04125766417,GSE120805
RTKN,1,0.07751140872,GSE120805
TTL,-1,2.44E-08,GSE120805
IL1A,1,0.02720337846,GSE120805
CCL20,1,0.7049656371,GSE120805
PIKFYVE,1,0.002229071121,GSE120805
KCNIP3,-1,0.8534307511,GSE120805
FAHD2A,1,0.7992526573,GSE120805
NCL,-1,0.07312196547,GSE120805
ACTR1B,-1,0.8419494313,GSE120805
SLC35F5,1,0.7637423124,GSE120805
ZAP70,1,0.908138807,GSE120805
ACTR3,-1,0.2615065561,GSE120805
STEAP3,-1,1.68E-19,GSE120805
EPB41L5,1,6.67E-05,GSE120805
TFCP2L1,1,NA,GSE120805
SF3B6,-1,0.9723583011,GSE120805
TP53I3,1,3.84E-15,GSE120805
DNAJC27,-1,0.9294733409,GSE120805
STAM2,1,0.7881634609,GSE120805
OTOF,1,5.61E-18,GSE120805
GPD2,-1,0.2451507183,GSE120805
CENPA,1,2.70E-12,GSE120805
CYTIP,1,NA,GSE120805
ACVR1,-1,0.91755528,GSE120805
TANC1,1,0.2347988183,GSE120805
SLC30A3,1,0.6492059219,GSE120805
MPV17,-1,0.4213777885,GSE120805
GTF3C2,-1,0.02362534116,GSE120805
EIF2B4,-1,0.04159296091,GSE120805
NRBP1,1,0.1578578586,GSE120805
ITGB6,-1,0.07457527234,GSE120805
FNDC4,1,1.50E-06,GSE120805
ITGA4,-1,1.89E-09,GSE120805
PSMD14,1,0.8468681703,GSE120805
SNX17,1,0.5273021508,GSE120805
ASB3,1,0.7586537877,GSE120805
GPR75-ASB3,1,0.7586537877,GSE120805
PPM1G,-1,0.298554675,GSE120805
PDE1A,-1,0.8732982242,GSE120805
REEP6,1,0.3413499538,GSE120805
PCSK4,1,0.0003377193377,GSE120805
GCG,1,0.9350185445,GSE120805
APC2,-1,0.242633579,GSE120805
IFIH1,1,0.03386105483,GSE120805
RPS15,-1,0.07363331647,GSE120805
GCA,1,0.2119753809,GSE120805
INO80B,1,0.9505861867,GSE120805
MOGS,-1,0.3656640656,GSE120805
TTC31,-1,0.7592561387,GSE120805
NDUFS7,1,0.9143686046,GSE120805
PCGF1,-1,8.76E-05,GSE120805
GRB14,-1,0.04731962549,GSE120805
CLIP4,1,0.727314212,GSE120805
TLX2,1,0.02335355599,GSE120805
SPTBN1,-1,0.6325055227,GSE120805
AUP1,-1,0.1187455591,GSE120805
RTN4,-1,0.364111877,GSE120805
HTRA2,1,0.9186472525,GSE120805
LOXL3,1,0.0336389543,GSE120805
DOK1,1,0.008362333566,GSE120805
GALNT3,-1,0.645477978,GSE120805
POLE4,-1,0.7012536413,GSE120805
TACR1,1,NA,GSE120805
CCDC88A,1,0.5368748635,GSE120805
ACADL,-1,0.9550163746,GSE120805
EVA1A,1,0.5224628729,GSE120805
MRPL19,-1,0.869163448,GSE120805
LANCL1,1,0.005993451083,GSE120805
WDR75,-1,0.1523302096,GSE120805
EFEMP1,-1,2.33E-09,GSE120805
FANCL,1,0.3938535294,GSE120805
FN1,-1,2.10E-06,GSE120805
STAT1,1,0.06088455197,GSE120805
GLS,-1,0.8241219941,GSE120805
PAPOLG,-1,0.9094380644,GSE120805
DNAH6,1,0.3002497314,GSE120805
PECR,1,0.05436681973,GSE120805
UNC50,1,2.30E-05,GSE120805
IGFBP2,1,0.5898384749,GSE120805
ELMOD3,1,4.02E-08,GSE120805
IGFBP5,-1,7.84E-08,GSE120805
USP34,1,0.8321499314,GSE120805
EFHD1,-1,0.3033443145,GSE120805
CCT4,-1,0.8727477642,GSE120805
GGCX,1,0.9521205881,GSE120805
EHBP1,-1,0.01063955289,GSE120805
OTX1,-1,0.1075888605,GSE120805
TXNDC9,1,0.9529184927,GSE120805
COQ10B,1,0.0003958335398,GSE120805
GNLY,-1,NA,GSE120805
SF3B1,1,0.9631672379,GSE120805
ST3GAL5,-1,0.001600446065,GSE120805
CHST10,-1,0.0001747949481,GSE120805
PDCL3,-1,0.01228245649,GSE120805
MOB4,-1,0.9801010023,GSE120805
HSPE1,-1,0.05546494192,GSE120805
KDM3A,-1,0.003906767863,GSE120805
PLCD4,1,2.25E-22,GSE120805
CHMP3,-1,0.6007577165,GSE120805
ZNF142,-1,0.5688763994,GSE120805
IL1R2,-1,0.566686596,GSE120805
PRKAG3,-1,NA,GSE120805
IL1R1,-1,0.9663177167,GSE120805
WNT6,-1,NA,GSE120805
IL1RL2,-1,0.0003582228349,GSE120805
IL18R1,-1,0.8938166491,GSE120805
SLC9A2,1,NA,GSE120805
FHL2,-1,0.000107249075,GSE120805
MLPH,-1,1.20E-08,GSE120805
CNPPD1,1,0.8893569557,GSE120805
UXS1,-1,0.01422063024,GSE120805
ABCB6,-1,0.1454483326,GSE120805
STK16,1,0.2237554612,GSE120805
HDLBP,-1,0.972948578,GSE120805
PPP1R7,-1,0.9085181571,GSE120805
PASK,-1,0.01142752448,GSE120805
STK25,-1,0.04603802586,GSE120805
TPO,1,0.941464716,GSE120805
PROC,1,0.09603628347,GSE120805
ID2,-1,0.7136868023,GSE120805
TAF1B,-1,0.800627378,GSE120805
HPCAL1,-1,0.9515546075,GSE120805
ODC1,-1,0.3347688983,GSE120805
BIRC6,1,0.2247593939,GSE120805
NOL10,-1,0.2379159075,GSE120805
PLEKHB2,1,0.0113072842,GSE120805
GORASP2,-1,0.5787250902,GSE120805
STRN,1,0.8016956356,GSE120805
CEBPZ,-1,0.6846852413,GSE120805
PRKD3,-1,0.6497240091,GSE120805
DCAF17,-1,0.6215532174,GSE120805
QPCT,-1,0.9131090672,GSE120805
RAB3GAP1,1,0.6103328174,GSE120805
SLC25A12,1,0.1667326297,GSE120805
RMDN2,-1,0.4695036387,GSE120805
DLX2,1,0.9334753349,GSE120805
LCT,-1,0.9808729264,GSE120805
DARS1,-1,0.6242931588,GSE120805
SRSF7,-1,0.2089642511,GSE120805
SDC1,1,0.9177655009,GSE120805
PLCL1,1,0.04104847422,GSE120805
SLC1A4,-1,8.56E-06,GSE120805
SOS1,-1,0.9370163036,GSE120805
KYNU,1,0.1093530172,GSE120805
WIPF1,-1,0.8056615257,GSE120805
ORC2,-1,0.99486317,GSE120805
COX7A2L,1,0.6209462181,GSE120805
PNO1,-1,1.69E-12,GSE120805
ORC4,1,0.6916903394,GSE120805
PLEK,-1,NA,GSE120805
RND3,-1,0.08022068455,GSE120805
ATF2,1,0.435756757,GSE120805
THADA,1,0.6245233937,GSE120805
AAK1,1,0.9817928942,GSE120805
TRAK2,-1,0.8056378136,GSE120805
C2orf42,1,0.1645094149,GSE120805
TIA1,1,0.6842158813,GSE120805
PCYOX1,1,0.03096532535,GSE120805
KISS1R,-1,0.9649274311,GSE120805
EPAS1,-1,0.5446571023,GSE120805
ARID3A,1,0.4513475355,GSE120805
SUMO1,1,0.9855006059,GSE120805
CD207,1,NA,GSE120805
GRIN3B,1,0.00808049812,GSE120805
VAX2,1,0.06286794592,GSE120805
ATP6V1B1,1,0.9954685022,GSE120805
NFE2L2,-1,0.6754861095,GSE120805
MSH6,-1,0.009981973632,GSE120805
PLEKHA3,1,0.9973794236,GSE120805
SPR,1,0.06419233797,GSE120805
EPHA4,-1,4.76E-06,GSE120805
PARD3B,-1,0.4796857308,GSE120805
FARSB,-1,8.70E-05,GSE120805
ALMS1,-1,0.03073703537,GSE120805
BCL9,-1,0.6212463487,GSE120805
PRRX1,-1,7.42E-11,GSE120805
DHCR24,-1,0.03441912779,GSE120805
DNAJC16,1,0.9946540881,GSE120805
MARK1,-1,0.1464844913,GSE120805
TNR,-1,NA,GSE120805
MORN1,1,0.2115136414,GSE120805
GPX7,1,0.06832736453,GSE120805
CACYBP,-1,0.2740000835,GSE120805
SCP2,1,0.8237380041,GSE120805
PAPPA2,-1,0.6317849199,GSE120805
RALGPS2,-1,0.3845644915,GSE120805
ANGPTL1,1,0.7905517409,GSE120805
CEP104,1,0.325849501,GSE120805
FAM20B,-1,0.09180070154,GSE120805
TCEANC2,-1,0.9543936954,GSE120805
TMEM59,1,0.01919043852,GSE120805
LRRC42,-1,0.04171579879,GSE120805
WRAP73,1,0.3753686966,GSE120805
MRPL37,-1,0.2915376322,GSE120805
ICMT,-1,0.4400996346,GSE120805
RPL22,-1,0.6679777966,GSE120805
CHD5,-1,0.7629578331,GSE120805
QSOX1,-1,0.9452705879,GSE120805
STXBP3,1,0.004290232113,GSE120805
PHF13,1,0.3160801719,GSE120805
ERRFI1,1,0.005876120599,GSE120805
PARK7,-1,0.05305293878,GSE120805
ELAPOR1,1,2.44E-11,GSE120805
OPRD1,-1,0.8093650808,GSE120805
AMPD2,-1,0.9594917432,GSE120805
SRSF4,-1,0.3489529998,GSE120805
MECR,-1,0.005334956178,GSE120805
KCNC4,-1,0.8287893683,GSE120805
EDEM3,1,0.4986021916,GSE120805
WDR77,-1,0.01822134063,GSE120805
ATP5PB,1,0.8534851281,GSE120805
RAP1A,-1,0.6156757785,GSE120805
HDAC1,1,0.001877354363,GSE120805
CAPZA1,-1,0.9522429523,GSE120805
S100PBP,1,0.94430947,GSE120805
RNF19B,1,0.04323112822,GSE120805
SCAMP3,-1,0.925896597,GSE120805
TRIM62,1,0.9995559892,GSE120805
ASH1L,-1,0.9954685022,GSE120805
DLGAP3,1,NA,GSE120805
SFPQ,-1,0.8089607593,GSE120805
RHOU,-1,0.6334433748,GSE120805
GON4L,1,0.9612671559,GSE120805
ARHGEF2,-1,0.9841296623,GSE120805
LAMTOR2,1,0.9561151573,GSE120805
MEF2D,-1,0.992791656,GSE120805
DOCK7,-1,0.4904611468,GSE120805
SRM,-1,0.01355405439,GSE120805
FBXO2,1,3.34E-05,GSE120805
FBXO6,1,2.26E-05,GSE120805
C1orf21,-1,3.42E-06,GSE120805
SWT1,1,0.96228451,GSE120805
MAD2L2,1,0.834124865,GSE120805
DNAJC6,-1,0.6695452701,GSE120805
LEPR,1,0.06527446018,GSE120805
IVNS1ABP,-1,2.80E-08,GSE120805
KIAA2013,-1,0.5192631847,GSE120805
MFN2,-1,0.4659496422,GSE120805
PRG4,1,0.9235801596,GSE120805
MIIP,-1,0.6044715792,GSE120805
SMG7,-1,0.7474239003,GSE120805
NCF2,1,0.6162257079,GSE120805
SLC35D1,1,0.9270053582,GSE120805
PLA2G4A,-1,0.674916471,GSE120805
GADD45A,-1,0.1130911983,GSE120805
PRAMEF12,-1,NA,GSE120805
WLS,1,0.02775937665,GSE120805
PRDM2,-1,0.7952274077,GSE120805
RGS2,-1,0.1727354461,GSE120805
RPE65,1,NA,GSE120805
RO60,1,0.9685455126,GSE120805
AMPD1,-1,NA,GSE120805
UCHL5,-1,0.3656925117,GSE120805
BCAS2,1,0.9234518135,GSE120805
SRSF11,-1,0.5951022177,GSE120805
CTH,-1,0.003137051075,GSE120805
AGMAT,-1,0.9867205367,GSE120805
OLFML3,-1,6.43E-27,GSE120805
TNNI3K,1,NA,GSE120805
CFHR3,1,0.1199259777,GSE120805
PLEKHM2,1,0.3974424251,GSE120805
CRYZ,-1,0.9435215682,GSE120805
PHTF1,1,6.31E-08,GSE120805
ZBTB17,1,0.8304391212,GSE120805
CD58,-1,0.628552169,GSE120805
TFAP2E,-1,0.8208269056,GSE120805
TTF2,-1,0.0262146377,GSE120805
NR5A2,1,0.5508348022,GSE120805
KIF21B,1,0.2003300235,GSE120805
TMEM9,-1,0.4899958867,GSE120805
ADPRS,-1,0.5096225131,GSE120805
MAP7D1,-1,0.9959983538,GSE120805
WARS2,-1,0.02403235333,GSE120805
OSCP1,1,1.08E-07,GSE120805
MRPS15,-1,0.1197469026,GSE120805
EXOC8,1,0.3246932768,GSE120805
GNPAT,-1,0.7006194248,GSE120805
TSNAX,1,0.2434719856,GSE120805
AIRIM,-1,0.7349673653,GSE120805
RRAGC,1,0.7462450368,GSE120805
NID1,-1,0.7610690339,GSE120805
LGALS8,-1,0.1960863242,GSE120805
NT5C1A,1,0.07531388488,GSE120805
HPCAL4,1,6.12E-08,GSE120805
MTR,-1,5.00E-07,GSE120805
BMP8B,1,0.5887019624,GSE120805
MYCL,-1,3.70E-08,GSE120805
SIPA1L2,-1,6.68E-25,GSE120805
RLF,-1,0.7960946208,GSE120805
KMO,1,0.8735086636,GSE120805
ZNF684,-1,0.7216721762,GSE120805
KCNQ4,-1,0.9555760971,GSE120805
RIMS3,-1,0.4179754044,GSE120805
AKT3,-1,0.06226141317,GSE120805
ETV3,1,0.508657718,GSE120805
ACADM,-1,0.9394208583,GSE120805
ST6GALNAC5,-1,7.61E-07,GSE120805
ADGRL2,-1,0.0019170877,GSE120805
PADI2,1,0.6719172383,GSE120805
SDHB,1,0.8407079779,GSE120805
MFAP2,-1,0.0006685249261,GSE120805
RPF1,-1,0.6305339657,GSE120805
KDM5B,1,0.487101386,GSE120805
UAP1,-1,0.02070049112,GSE120805
ACTL8,1,NA,GSE120805
CTBS,1,0.07124567892,GSE120805
RGS4,-1,0.001993702586,GSE120805
KLHL12,1,0.4485239021,GSE120805
SSX2IP,1,0.3518010694,GSE120805
ZNHIT6,-1,0.001631014101,GSE120805
RBBP5,-1,0.1764502813,GSE120805
GBP3,1,0.01722838067,GSE120805
GBP1,-1,1.92E-05,GSE120805
PINK1-AS,-1,0.9488814114,GSE120805
KIF17,1,0.293731398,GSE120805
GPHRB,1,0.9398409305,GSE120805
GPHRA,1,0.9398409305,GSE120805
CDK18,1,0.7298448293,GSE120805
RAB29,1,3.51E-05,GSE120805
CD160,-1,0.7623138028,GSE120805
ECE1,-1,0.9571883168,GSE120805
HMGCL,1,0.004759240514,GSE120805
GALE,1,0.9421299683,GSE120805
ID3,1,0.5799430949,GSE120805
CR2,-1,0.6508940696,GSE120805
CD46,1,0.9151750172,GSE120805
PRPF3,-1,0.6399997443,GSE120805
APH1A,-1,0.3008701656,GSE120805
P3H1,-1,0.0552256942,GSE120805
SLC2A1,-1,6.86E-24,GSE120805
EBNA1BP2,-1,0.04532861438,GSE120805
CDC20,1,1.70E-07,GSE120805
ARTN,-1,0.1711464471,GSE120805
IPO13,1,0.2713458096,GSE120805
ATP6V0B,1,0.7685971653,GSE120805
B4GALT2,-1,3.97E-06,GSE120805
ERI3,-1,0.3637928378,GSE120805
PTCH2,-1,0.6721160069,GSE120805
AKR1A1,-1,0.8935225789,GSE120805
PRDX1,-1,0.9403984977,GSE120805
PIK3R3,1,1.42E-28,GSE120805
TSPAN1,1,2.88E-06,GSE120805
BLZF1,1,0.945684327,GSE120805
CCDC181,1,0.5458777487,GSE120805
SLC19A2,-1,0.01537762669,GSE120805
FAAH,1,0.4162824004,GSE120805
NSUN4,-1,5.28E-06,GSE120805
TMED5,1,0.9670389648,GSE120805
MROH9,-1,0.9962834372,GSE120805
DR1,1,0.9685965039,GSE120805
CNN3,-1,2.21E-08,GSE120805
PRRC2C,-1,0.8622103356,GSE120805
F3,1,0.00281754561,GSE120805
ABCD3,1,0.6835400088,GSE120805
VAMP4,1,0.0003973714006,GSE120805
DPH5,-1,0.8875071851,GSE120805
PTBP2,-1,0.8919213535,GSE120805
TNFSF4,-1,0.2894716546,GSE120805
PRDX6,-1,0.07725650241,GSE120805
DARS2,1,0.9685455126,GSE120805
HSD11B1,1,NA,GSE120805
IRF6,1,0.519862074,GSE120805
UTP25,-1,0.0001140872481,GSE120805
PLPPR5,1,NA,GSE120805
PLPPR4,-1,0.0409886953,GSE120805
SERPINC1,1,0.5036083444,GSE120805
RCAN3,-1,0.7613430718,GSE120805
SYF2,1,0.3563015379,GSE120805
RSRP1,1,0.001620455375,GSE120805
SLC35A3,1,0.1154238424,GSE120805
RCOR3,-1,0.8767966258,GSE120805
STMN1,-1,0.5358788103,GSE120805
MTFR1L,1,0.1765268987,GSE120805
MAN1C1,-1,0.8624569214,GSE120805
NEK2,1,3.14E-17,GSE120805
RPS6KA1,1,6.89E-07,GSE120805
DHDDS,-1,1.50E-05,GSE120805
NENF,1,0.8830353158,GSE120805
NSL1,1,0.7615808199,GSE120805
PROX1,-1,0.8506169466,GSE120805
ARID1A,-1,0.8429471343,GSE120805
CENPF,1,2.06E-10,GSE120805
RPA2,1,0.94430947,GSE120805
PPP1R8,-1,0.638668101,GSE120805
STX12,1,1.67E-05,GSE120805
MTARC2,-1,0.743807835,GSE120805
OSBPL9,1,0.8586093738,GSE120805
TXNDC12,1,0.7575848512,GSE120805
ESYT2,-1,0.1143695386,GSE120805
POLR1G,-1,1.66E-07,GSE120805
MESD,-1,0.00400342869,GSE120805
RCN2,1,0.6795670093,GSE120805
CHRNB4,-1,NA,GSE120805
MUC5B,1,NA,GSE120805
CTSD,1,0.9806104387,GSE120805
COLEC11,1,0.9263365538,GSE120805
STAG1,-1,0.01557278674,GSE120805
A4GNT,-1,NA,GSE120805
STK11,1,0.2101492051,GSE120805
KMT2A,-1,0.9985512346,GSE120805
TREH,1,0.1934302131,GSE120805
IFT46,1,0.2066150502,GSE120805
MMP8,1,NA,GSE120805
APOA1,-1,0.8727824679,GSE120805
ZNF541,1,NA,GSE120805
SLC8A2,-1,NA,GSE120805
KPTN,1,0.669914126,GSE120805
RPS25,-1,0.9197482453,GSE120805
KIF14,1,2.34E-23,GSE120805
TNNT2,-1,0.1360146597,GSE120805
DDX59,1,0.4116019502,GSE120805
CAMSAP2,-1,0.9108306243,GSE120805
ATF6,1,0.05167708639,GSE120805
MREG,1,0.9858083665,GSE120805
FASTKD2,-1,0.8432964196,GSE120805
NRP2,-1,2.01E-10,GSE120805
CREB1,-1,0.03269369859,GSE120805
KLF7,-1,5.93E-06,GSE120805
B4GALT6,1,0.9424857644,GSE120805
C1orf54,1,1.12E-06,GSE120805
CA14,1,0.951491832,GSE120805
DNAI7,1,0.003183344266,GSE120805
IRAG2,1,NA,GSE120805
SPCS2,-1,0.771774851,GSE120805
USP35,1,0.02216240445,GSE120805
ELOVL4,1,6.71E-06,GSE120805
FILIP1,1,0.1010184378,GSE120805
CASP8AP2,1,0.1897762308,GSE120805
HMGN3,-1,0.9688329382,GSE120805
UBE3D,-1,0.009250778383,GSE120805
ANKRD13C,1,0.636176782,GSE120805
SGIP1,-1,0.9685455126,GSE120805
PHF3,1,0.9534936108,GSE120805
ZC2HC1B,-1,NA,GSE120805
ADGB,1,0.8986754504,GSE120805
PLAGL1,-1,0.2796841247,GSE120805
FBXO30,-1,0.6430985795,GSE120805
TNFAIP3,1,0.2954340361,GSE120805
AKAP7,-1,0.91755528,GSE120805
RAB32,-1,0.001390149576,GSE120805
MYB,-1,2.77E-11,GSE120805
ALDH8A1,-1,0.7573554946,GSE120805
SGK1,-1,0.00438542829,GSE120805
RNF146,1,0.006730704717,GSE120805
CCN2,-1,1.00E-05,GSE120805
TCF21,-1,0.897586113,GSE120805
PMFBP1,1,1.97E-05,GSE120805
FBXL5,-1,0.965792911,GSE120805
MED28,-1,0.7783766179,GSE120805
SLC16A7,-1,0.009965854226,GSE120805
RXYLT1,-1,0.891038896,GSE120805
ZNF430,-1,0.08431565454,GSE120805
VAMP8,1,0.001115986235,GSE120805
DCLRE1B,-1,0.01619003815,GSE120805
MYL12B,-1,0.8366825178,GSE120805
FOXO3,-1,0.008605864246,GSE120805
ARMC2,-1,0.5800298479,GSE120805
RPN2,-1,0.4383698234,GSE120805
TGIF2,1,0.5091318693,GSE120805
CASQ2,-1,NA,GSE120805
PKD2,1,0.6607065994,GSE120805
ABCG2,-1,0.1804142223,GSE120805
SPP1,1,0.2532737848,GSE120805
STBD1,-1,0.1470974934,GSE120805
CCNI,-1,0.9292397674,GSE120805
RARRES1,-1,0.3535907341,GSE120805
MFSD1,1,0.564073116,GSE120805
RAB3GAP2,1,0.7511081402,GSE120805
EEF2KMT,-1,3.48E-09,GSE120805
PPL,1,0.007109384097,GSE120805
UBN1,-1,0.9037338318,GSE120805
KLF12,-1,0.001029301781,GSE120805
UCHL3,-1,0.5510749491,GSE120805
PCDH17,1,NA,GSE120805
HS1BP3,1,2.37E-07,GSE120805
LDAH,-1,0.866656989,GSE120805
WDR35,-1,0.3729979294,GSE120805
CCND2,-1,0.9559899537,GSE120805
ELL2,-1,0.004444143423,GSE120805
DNAH7,1,2.23E-05,GSE120805
CYP20A1,1,0.2602235846,GSE120805
NDUFB3,1,0.6110996684,GSE120805
GTF3C3,1,0.4416811511,GSE120805
SATB2,-1,0.9643651901,GSE120805
UBE2B,1,0.3825551135,GSE120805
TRPM6,1,0.6410664922,GSE120805
GDA,1,NA,GSE120805
KLF9,1,0.006890714263,GSE120805
TJP2,1,7.61E-07,GSE120805
ITGB1BP1,-1,9.83E-05,GSE120805
CPSF3,1,0.9300108622,GSE120805
PIGZ,1,0.006490075539,GSE120805
SENP5,1,0.2455940735,GSE120805
CCDC92,-1,0.5440489335,GSE120805
C1orf198,-1,0.01101114246,GSE120805
HEATR1,-1,6.04E-09,GSE120805
PTBP3,-1,0.547920184,GSE120805
RAD23B,-1,0.859811093,GSE120805
FKBP15,1,0.2897744934,GSE120805
CTNNAL1,-1,0.1381669299,GSE120805
ABITRAM,-1,0.9403984977,GSE120805
DYNC2I2,-1,0.04068739361,GSE120805
SET,-1,0.06962621736,GSE120805
PTPA,1,0.3642850329,GSE120805
GLE1,1,0.0009437766128,GSE120805
RAB14,1,0.5382974,GSE120805
CNTRL,1,6.26E-27,GSE120805
TRIM32,-1,0.6830044399,GSE120805
FBXW2,1,0.7263630566,GSE120805
PHF19,1,1.04E-07,GSE120805
NEK6,-1,3.60E-10,GSE120805
PPP6C,-1,0.842369034,GSE120805
NDUFA8,-1,0.7898858013,GSE120805
HDHD3,1,0.1540002868,GSE120805
RBM18,-1,0.7055390199,GSE120805
HSDL2,-1,0.9286337511,GSE120805
MAPKAP1,1,0.7018966806,GSE120805
NR4A3,1,0.002626353445,GSE120805
INVS,1,0.1603183234,GSE120805
GALNT12,1,0.0004278930004,GSE120805
DENND1A,1,0.5192461194,GSE120805
ALG2,-1,0.6014085449,GSE120805
CSF3R,1,NA,GSE120805
KDSR,-1,0.0548179504,GSE120805
VPS4B,1,0.8242657889,GSE120805
ONECUT2,-1,0.9654864453,GSE120805
C19orf25,1,0.9060995735,GSE120805
ZBTB45,-1,0.3204102302,GSE120805
YLPM1,-1,0.9836840624,GSE120805
DCAF4,-1,1.16E-13,GSE120805
VSX2,-1,NA,GSE120805
FCF1,-1,0.4671577659,GSE120805
PGF,1,1.21E-11,GSE120805
IFI27L2,1,0.01272106558,GSE120805
BBOF1,1,0.614053713,GSE120805
NEK9,1,0.1873320387,GSE120805
ACYP1,1,0.7485280099,GSE120805
IFT43,1,2.58E-05,GSE120805
NPC2,1,8.84E-12,GSE120805
DNAL1,1,0.01360480584,GSE120805
IRF2BPL,1,0.6526549599,GSE120805
ACOT2,-1,0.03352252093,GSE120805
LTBP2,-1,0.344778775,GSE120805
AREL1,1,0.9589197089,GSE120805
MLH3,1,0.9369496251,GSE120805
TTLL5,1,0.9806016677,GSE120805
FLVCR2,-1,0.8463827068,GSE120805
ABCD4,1,0.5228384075,GSE120805
DLST,-1,0.4548686794,GSE120805
PPP4R4,-1,0.9741277111,GSE120805
TGFB3,-1,0.982857564,GSE120805
ZC2HC1C,1,5.58E-12,GSE120805
SLIRP,-1,0.964443069,GSE120805
RBM25,-1,0.4276554133,GSE120805
ALDH6A1,1,0.0009878355984,GSE120805
GPR68,1,0.7039588322,GSE120805
ESRRB,1,NA,GSE120805
EIF2B2,-1,0.005008641855,GSE120805
NRDE2,1,0.8568473845,GSE120805
COQ6,1,2.81E-05,GSE120805
ZNF410,1,0.01817898794,GSE120805
RHOQ,1,0.6669224044,GSE120805
GPR75,-1,0.8217943951,GSE120805
SUPT7L,1,0.394701458,GSE120805
KLHL29,-1,0.819010872,GSE120805
DNMT3A,1,0.4171162833,GSE120805
TMEM214,-1,0.4577260702,GSE120805
ATAD2B,-1,0.8248131261,GSE120805
FKBP1B,1,0.1461185872,GSE120805
ATL2,1,0.4343732118,GSE120805
YPEL5,1,5.44E-06,GSE120805
FAM98A,-1,0.09030223464,GSE120805
RASGRP3-AS1,-1,0.09030223464,GSE120805
YIPF4,1,0.002026347323,GSE120805
AFTPH,1,0.09018772045,GSE120805
LGALSL,1,0.03663103124,GSE120805
CNRIP1,1,0.001345493931,GSE120805
CRIPT,1,0.6871573816,GSE120805
EPCAM,1,0.9028863963,GSE120805
SLC17A5,1,0.2450505247,GSE120805
OGFRL1,-1,0.111143818,GSE120805
SLF2,-1,0.9876448854,GSE120805
IDE,1,0.0001790944439,GSE120805
ELOVL3,1,1.74E-06,GSE120805
IFIT3,1,8.40E-11,GSE120805
IFIT2,1,3.39E-12,GSE120805
GPAM,-1,0.7684687884,GSE120805
CUTC,-1,0.001118693868,GSE120805
PPP1R3C,-1,0.005923045123,GSE120805
PYROXD2,1,2.64E-10,GSE120805
CNNM1,1,NA,GSE120805
MXI1,-1,0.0185697248,GSE120805
SMNDC1,-1,0.7001775826,GSE120805
C10orf88,1,0.1023348546,GSE120805
HELLS,-1,0.02350961035,GSE120805
TCTN3,-1,0.8973714389,GSE120805
DENND10,1,0.9511068086,GSE120805
AVPI1,1,0.6258862488,GSE120805
WDR11,1,0.04886519318,GSE120805
ARMH3,1,0.8508825055,GSE120805
KCNIP2,-1,0.9054707696,GSE120805
CFAP58,1,0.9063693683,GSE120805
GOT1,1,0.0003871869201,GSE120805
C10orf95,-1,NA,GSE120805
GNA13,-1,0.2619314146,GSE120805
HOXB8,-1,0.9800063294,GSE120805
KANSL1,-1,0.9471667701,GSE120805
HOXB5,-1,0.9986499334,GSE120805
HOXB3,-1,0.7528932773,GSE120805
DUSP1,-1,0.01445356476,GSE120805
PANK3,-1,0.9151401659,GSE120805
MSX2,-1,0.7265109542,GSE120805
TEK,1,0.6671043961,GSE120805
RCL1,-1,7.57E-14,GSE120805
CAAP1,1,0.2670212892,GSE120805
MOB3B,-1,0.2117161013,GSE120805
INSL4,-1,0.4109852741,GSE120805
CD274,-1,1.09E-07,GSE120805
GRIA2,-1,0.938239448,GSE120805
NUP43,-1,0.4877081956,GSE120805
MTHFD1L,-1,4.60E-12,GSE120805
LRP11,-1,2.18E-05,GSE120805
CCDC170,1,0.01804907017,GSE120805
PCMT1,1,0.9489994326,GSE120805
PLEKHG1,1,0.02112695072,GSE120805
MYCT1,1,0.7734617735,GSE120805
TASL,1,NA,GSE120805
CYSTM1,1,0.3856051668,GSE120805
WDR55,-1,0.6481777293,GSE120805
ARAP3,-1,0.8616974901,GSE120805
PCDHB8,-1,0.961815648,GSE120805
PCDHB10,-1,0.4117032531,GSE120805
PCDHB14,1,0.2047868306,GSE120805
PCDHB12,1,0.8966696239,GSE120805
SLC25A2,1,NA,GSE120805
TNN,1,NA,GSE120805
MRPS14,1,0.03560230967,GSE120805
CENPL,1,0.6481777293,GSE120805
TNFSF18,1,0.6331886542,GSE120805
SEC16B,1,NA,GSE120805
CRYZL2P-SEC16B,1,NA,GSE120805
GORAB,-1,0.6845476155,GSE120805
ACAT2,-1,0.06675059572,GSE120805
TCP1,-1,0.6570199143,GSE120805
SNX19,1,0.9346684462,GSE120805
KCNJ5,1,NA,GSE120805
MSANTD2,-1,0.7070560905,GSE120805
TP53AIP1,1,NA,GSE120805
PDZD11,-1,0.9421299683,GSE120805
SLC10A7,-1,0.03145536474,GSE120805
NUDCD1,-1,0.703814312,GSE120805
ENY2,-1,0.9636442667,GSE120805
MASTL,1,0.7316751758,GSE120805
KIAA1217,-1,0.9384368552,GSE120805
PLXDC2,-1,2.81E-12,GSE120805
EPC1,-1,0.5640433988,GSE120805
IQSEC3,1,NA,GSE120805
CCDC77,1,0.2032236221,GSE120805
TAF12,1,0.5755895615,GSE120805
ENOX1,-1,6.09E-09,GSE120805
MTRF1,1,0.5931934237,GSE120805
SPART-AS1,-1,0.6791916486,GSE120805
SOHLH2,-1,0.8802654503,GSE120805
DNAJC15,-1,0.7311761692,GSE120805
PROSER1,-1,0.8935225789,GSE120805
UFM1,1,0.9998562827,GSE120805
WBP4,-1,0.3773031333,GSE120805
ELF1,1,0.4690273746,GSE120805
SMAD9,1,3.17E-07,GSE120805
HSPH1,-1,0.4822232201,GSE120805
KBTBD7,-1,0.5001266047,GSE120805
ALG5,-1,0.1506351926,GSE120805
EXOSC8,-1,0.7213788701,GSE120805
ETF1,-1,0.3669481768,GSE120805
TGFBI,-1,3.30E-15,GSE120805
FAM53C,1,9.65E-09,GSE120805
LOC100128966,1,9.65E-09,GSE120805
SIL1,1,0.1166230241,GSE120805
PAIP2,1,0.4507030928,GSE120805
MYOT,-1,NA,GSE120805
KDM3B,1,0.1221929597,GSE120805
EGR1,-1,0.5741848206,GSE120805
SERP1,-1,0.249831936,GSE120805
PLS1,1,0.8120652388,GSE120805
ZFP30,1,0.9888713789,GSE120805
NR2C1,1,0.903598911,GSE120805
UTP20,-1,2.71E-10,GSE120805
TMPO,-1,0.8965436348,GSE120805
ARL1,1,0.8655480309,GSE120805
GLT8D2,1,0.0004278930004,GSE120805
MTERF2,1,0.01156020838,GSE120805
SOCS2,1,0.0004959528938,GSE120805
NFYB,1,0.7806592046,GSE120805
WASHC3,1,0.3049381068,GSE120805
APAF1,1,0.7211066668,GSE120805
DUSP4,1,0.1993332711,GSE120805
CLU,1,0.1107994001,GSE120805
TNFRSF10B,1,1.36E-16,GSE120805
SORBS3,-1,0.5938904535,GSE120805
PTK2B,-1,0.03588948008,GSE120805
CHRNA2,1,NA,GSE120805
PPP3CC,-1,0.8250276586,GSE120805
PDLIM2,1,0.957693893,GSE120805
EPHX2,1,0.1545974246,GSE120805
RNF170,1,0.001338174587,GSE120805
NPPB,-1,0.07515138559,GSE120805
UBIAD1,-1,0.006898847766,GSE120805
TARDBP,-1,0.2797347489,GSE120805
TNFRSF8,-1,0.9888983697,GSE120805
ZNF706,-1,0.3675288177,GSE120805
LYPLA1,-1,0.9907972763,GSE120805
CRISPLD1,-1,0.4690273746,GSE120805
COPS5,1,0.7420429021,GSE120805
RDH10,1,0.001962567368,GSE120805
AKAP1,-1,4.89E-11,GSE120805
COIL,-1,0.9963400408,GSE120805
TRIM25,-1,0.5390586218,GSE120805
SCPEP1,1,0.008965165599,GSE120805
SPOP,1,0.7637136833,GSE120805
TBX2,1,0.02045647797,GSE120805
SLC35B1,1,0.7720831452,GSE120805
TBX4,1,0.7960946208,GSE120805
NACA3P,-1,0.5204785614,GSE120805
TEX14,1,3.34E-07,GSE120805
FAM117A,1,0.06175713068,GSE120805
NCAPH,1,0.8935225789,GSE120805
LRAT,1,0.9986499334,GSE120805
TMEM131L,-1,0.009090730024,GSE120805
MND1,-1,0.9294733409,GSE120805
TRIM6,1,0.8927841418,GSE120805
ABCC11,1,0.3828010363,GSE120805
TENT4B,1,0.5837577695,GSE120805
ADCY7,-1,0.07529941144,GSE120805
CEP89,-1,0.8462445069,GSE120805
TSHZ3,-1,0.1831331019,GSE120805
ECHDC2,1,1.53E-05,GSE120805
TAS2R8,-1,0.5928280739,GSE120805
PLBD1,1,0.5599837882,GSE120805
TAS2R10,1,0.8987733087,GSE120805
PYROXD1,-1,0.002591550318,GSE120805
KCNJ8,1,0.7326372143,GSE120805
TAS2R7,1,NA,GSE120805
BCL2L14,1,0.08678511586,GSE120805
TAS2R9,-1,0.082213833,GSE120805
PSPC1,1,0.1210547114,GSE120805
ZNF549,-1,0.7285433525,GSE120805
A1BG,-1,0.9097291844,GSE120805
ZSCAN18,1,0.1607769873,GSE120805
ZNF211,1,0.8662409889,GSE120805
PDZRN3,-1,3.58E-16,GSE120805
LHX4,1,0.2787356586,GSE120805
RNF2,-1,0.9980147593,GSE120805
TRMT1L,1,0.03498834522,GSE120805
SEC22A,1,0.891038896,GSE120805
CSTA,1,0.001000183195,GSE120805
DPPA4,-1,0.8426700508,GSE120805
POPDC2,1,0.04459538882,GSE120805
B4GALT4,1,0.4355809038,GSE120805
NAA50,-1,0.1000152055,GSE120805
CD80,-1,NA,GSE120805
KIF18A,1,0.0003222248398,GSE120805
GJA8,-1,NA,GSE120805
DESI2,1,0.7976526166,GSE120805
MAPK8IP1,1,0.01743321035,GSE120805
CRY2,1,0.105230825,GSE120805
PEX16,1,0.6579331867,GSE120805
DEPDC7,-1,0.02025314635,GSE120805
CAT,1,0.7681154394,GSE120805
PILRB,1,0.2293329772,GSE120805
ZMYM2,1,0.03509322498,GSE120805
GJA3,1,0.00580033851,GSE120805
TBC1D15,1,0.3768039164,GSE120805
ADGRB2,1,0.6020756725,GSE120805
HCRTR1,1,NA,GSE120805
ZCCHC17,1,0.6907096756,GSE120805
FABP3,1,0.6874175795,GSE120805
KHDRBS1,1,0.2653496917,GSE120805
TMEM39B,-1,0.0346219426,GSE120805
CCRL2,1,NA,GSE120805
POLR3GL,1,0.02113110108,GSE120805
TNFSF10,-1,0.7103362959,GSE120805
ZNF639,-1,0.7360474994,GSE120805
SLITRK3,1,0.1970916952,GSE120805
PIK3CA,1,0.1617437707,GSE120805
PDS5A,1,0.9622913854,GSE120805
TMEM156,1,0.1884127937,GSE120805
LIAS,1,0.6452192112,GSE120805
TMEM54,1,0.0005663095172,GSE120805
ZSCAN20,1,0.3654983589,GSE120805
CSMD2,-1,NA,GSE120805
HPCA,-1,NA,GSE120805
LRIF1,1,0.7898858013,GSE120805
TMIGD3,1,NA,GSE120805
CLCC1,1,0.3149643291,GSE120805
GPSM2,1,0.2992310469,GSE120805
QTMAN,-1,1.65E-10,GSE120805
ZRANB3,1,0.5874730209,GSE120805
ACVR2A,-1,6.31E-08,GSE120805
POLK,1,0.8038671652,GSE120805
FLT3,-1,NA,GSE120805
RPL21,-1,0.8556346505,GSE120805
MTIF3,-1,0.724514729,GSE120805
GTF3A,-1,0.2977419242,GSE120805
RASL11A,-1,0.4517769875,GSE120805
UBL3,-1,0.0004327002481,GSE120805
FYTTD1,1,0.7242051797,GSE120805
MTERF4,-1,0.4644777012,GSE120805
OCRL,1,0.3519283278,GSE120805
PAEP,1,NA,GSE120805
MRPS2,-1,0.02952326114,GSE120805
FMOD,1,0.406931984,GSE120805
LAX1,1,NA,GSE120805
KIAA1191,-1,0.9630428924,GSE120805
COPA,-1,0.6089406483,GSE120805
RBBP6,-1,0.8516905414,GSE120805
ZC3H7A,1,0.1669732687,GSE120805
SERAC1,-1,0.01117679687,GSE120805
ANXA11,-1,0.7419429928,GSE120805
LDB3,1,0.6584696567,GSE120805
OPN4,1,0.8884872555,GSE120805
SHLD2,-1,0.1536266568,GSE120805
PRXL2A,1,NA,GSE120805
ZNF205,1,0.5850681788,GSE120805
NAA60,-1,0.6306912234,GSE120805
RPL5,-1,0.5934904578,GSE120805
ODF2L,1,0.4690856621,GSE120805
PTGFR,-1,0.004318039606,GSE120805
SPATA1,1,0.7804032223,GSE120805
TRMT13,-1,0.9883721348,GSE120805
LRRC39,-1,0.4020914428,GSE120805
RWDD3,1,0.8142600559,GSE120805
ZNF644,1,0.9585596702,GSE120805
CCDC18,1,2.69E-10,GSE120805
RPAP2,1,0.9977731905,GSE120805
SLC66A2,-1,0.6109054211,GSE120805
BBS9,1,2.08E-05,GSE120805
PMS2,1,0.006850366786,GSE120805
ZMIZ2,-1,0.9549276457,GSE120805
OCM,1,NA,GSE120805
SEPTIN7,1,0.727314212,GSE120805
EEPD1,-1,0.5813769205,GSE120805
KLHL7,1,0.3473541777,GSE120805
HERPUD2,1,0.9093245763,GSE120805
CBX3,-1,0.9514454972,GSE120805
HNRNPA2B1,1,0.3674078142,GSE120805
NPY,-1,0.3738648245,GSE120805
HYCC1,1,0.3654547772,GSE120805
INHBA,-1,0.001287020163,GSE120805
FKBP9,-1,6.40E-06,GSE120805
NT5C3A,-1,0.6483094718,GSE120805
ARL4A,-1,0.24000976,GSE120805
CCZ1,1,0.941516198,GSE120805
POLM,1,0.9855006059,GSE120805
MRM2,-1,0.04970221274,GSE120805
TWIST1,-1,0.633409606,GSE120805
SMU1,1,0.8883229179,GSE120805
GLIPR2,-1,0.008485606121,GSE120805
SLC25A51,-1,0.3124817085,GSE120805
CLTA,1,0.9198352542,GSE120805
RECK,1,0.00179123193,GSE120805
TAF1L,-1,0.9650865512,GSE120805
ACO1,-1,0.06149056322,GSE120805
PHF24,-1,NA,GSE120805
DNAI1,1,0.4448704949,GSE120805
DCAF10,1,0.7644195485,GSE120805
CNTFR,1,NA,GSE120805
KIAA1549,1,0.9346684462,GSE120805
TRIM24,-1,0.5574391761,GSE120805
CYREN,-1,0.3595009461,GSE120805
CALD1,-1,4.98E-06,GSE120805
AKR1D1,-1,NA,GSE120805
PLAU,-1,0.004867304441,GSE120805
SRGN,1,0.9962834372,GSE120805
CHST3,-1,0.4058028762,GSE120805
BICC1,-1,1.13E-15,GSE120805
CISD1,1,0.9804159521,GSE120805
EGR2,-1,0.05121125041,GSE120805
ECD,1,0.2264316353,GSE120805
P4HA1,-1,0.0004386407396,GSE120805
SLC25A16,1,0.1449433868,GSE120805
ZWINT,-1,0.7806592046,GSE120805
VPS26A,-1,0.3471629249,GSE120805
RBM19,-1,0.001366603206,GSE120805
CIT,1,0.3605808519,GSE120805
IFT81,1,0.003917019832,GSE120805
ACADS,1,0.000699870449,GSE120805
HVCN1,1,4.21E-11,GSE120805
DDX54,-1,0.8718753217,GSE120805
MED13L,-1,0.8819874085,GSE120805
CDKN2C,1,1.32E-05,GSE120805
RNF11,1,0.6704736118,GSE120805
RASSF8,-1,0.8208269056,GSE120805
BHLHE41,-1,0.7322623142,GSE120805
SSPN,-1,0.002022264348,GSE120805
ITPR2,1,0.1878500135,GSE120805
CCDC91,1,0.1806796793,GSE120805
NECAB1,-1,0.8142756992,GSE120805
WWP1,1,0.4821937697,GSE120805
ACOT9,-1,0.4174416818,GSE120805
PRDX4,-1,0.1475804532,GSE120805
DDX39A,1,0.8309622365,GSE120805
PKN1,1,0.08371423776,GSE120805
TRIR,-1,0.2037611092,GSE120805
ADGRE5,-1,0.9430015715,GSE120805
WDR83,1,0.3104750319,GSE120805
GIPC1,1,0.9380372072,GSE120805
CCDC70,1,NA,GSE120805
SPRYD7,-1,0.1465877351,GSE120805
EBPL,-1,0.9654576418,GSE120805
ATP7B,-1,0.4965410359,GSE120805
ZC3H13,-1,0.5057327409,GSE120805
NLN,-1,1.89E-14,GSE120805
CENPK,-1,0.9757337237,GSE120805
OPTN,1,0.4364960708,GSE120805
ITIH5,1,NA,GSE120805
ATF1,1,0.9848055943,GSE120805
TSFM,-1,0.2129041773,GSE120805
ARHGAP9,1,0.6766108281,GSE120805
NCKAP1L,1,0.7301997261,GSE120805
MMP19,1,0.6034366912,GSE120805
PFDN5,1,0.9670154195,GSE120805
SPATS2,1,0.000155573915,GSE120805
ORMDL2,1,0.7785605332,GSE120805
NR4A1,1,0.3315940049,GSE120805
HOXC13,-1,0.8662409889,GSE120805
CDK2,1,0.5821457821,GSE120805
LRP1,-1,0.5908687324,GSE120805
HOXC11,-1,0.8556346505,GSE120805
ATG101,-1,0.5752968191,GSE120805
NFE2,1,0.9080636257,GSE120805
IKZF4,-1,0.8820030483,GSE120805
SMUG1,1,0.7964582018,GSE120805
TUBA1B,-1,3.37E-08,GSE120805
EEF1AKMT3,-1,0.9799962042,GSE120805
KBTBD4,-1,0.6318022201,GSE120805
SARDH,1,0.8302926616,GSE120805
DBH,-1,NA,GSE120805
ATPAF1,1,0.1814166905,GSE120805
STIL,1,0.5884373481,GSE120805
HJURP,-1,0.2307875701,GSE120805
IL13RA2,1,NA,GSE120805
COL10A1,1,NA,GSE120805
AMD1,-1,0.07204742468,GSE120805
NDUFAF4,-1,0.09167565099,GSE120805
USP45,-1,0.8801225912,GSE120805
MORF4L2,1,0.9976190444,GSE120805
RAB9B,1,0.6704004248,GSE120805
NRK,-1,0.8087658883,GSE120805
FAM199X,1,0.06574171143,GSE120805
RAB9A,-1,0.9750329921,GSE120805
METTL8,-1,0.05005369038,GSE120805
TTC21B,1,0.02347911241,GSE120805
NMI,1,2.39E-08,GSE120805
TNFAIP6,-1,NA,GSE120805
ACVR1C,1,0.89867304,GSE120805
BAZ2B,1,0.0001246707764,GSE120805
SLC36A1,-1,0.5194719852,GSE120805
LPGAT1,1,0.5643236714,GSE120805
BATF3,-1,0.06501135429,GSE120805
G0S2,1,0.7241415036,GSE120805
KCNJ2,1,0.1615129661,GSE120805
RAP2C,-1,0.8487048419,GSE120805
EXOSC9,-1,0.3595486836,GSE120805
PLA2G12A,1,0.8700577184,GSE120805
B9D2,1,0.3654873334,GSE120805
COQ8B,1,0.3850964823,GSE120805
PFKFB2,1,0.5300325384,GSE120805
C4BPB,-1,0.001134156314,GSE120805
RAB38,1,0.9632744347,GSE120805
GPR83,1,0.7816773737,GSE120805
AGO2,-1,0.3384365612,GSE120805
MXD4,1,1.63E-17,GSE120805
CKS2,1,5.55E-05,GSE120805
DAW1,-1,0.04487568571,GSE120805
ACSL3,-1,0.8632499254,GSE120805
CHPF,1,0.5209613047,GSE120805
DNPEP,-1,0.7869896916,GSE120805
INHA,-1,0.7136868023,GSE120805
MOGAT1,-1,NA,GSE120805
OBSL1,1,0.0006820389564,GSE120805
FAM124B,-1,NA,GSE120805
SLC12A4,1,0.891038896,GSE120805
ENKD1,1,0.004793345211,GSE120805
MIMS2,1,0.003493007419,GSE120805
FAM209A,1,0.635130853,GSE120805
SNX21,1,3.41E-05,GSE120805
WFDC3,-1,0.4521480423,GSE120805
TTPAL,-1,0.9549276457,GSE120805
PREX1,1,0.1734918851,GSE120805
KCNS1,1,NA,GSE120805
SLC12A5,1,NA,GSE120805
ARHGAP40,1,NA,GSE120805
SDC4,-1,0.1969732484,GSE120805
NCOA3,1,0.6364924825,GSE120805
PIGT,-1,0.632559389,GSE120805
MATN4,1,0.576491927,GSE120805
NCOA5,-1,0.5204388233,GSE120805
VAPB,1,0.6375854068,GSE120805
PARD6B,1,0.6398407969,GSE120805
ATP5F1E,-1,0.9100085886,GSE120805
CHD6,1,0.06226141317,GSE120805
PLCG1,1,0.6317849199,GSE120805
TOX2,-1,0.3091510136,GSE120805
SRSF6,-1,0.002197343963,GSE120805
GDAP1L1,-1,0.5658785729,GSE120805
ARFGEF2,1,4.97E-10,GSE120805
ZNFX1,1,0.0009537276039,GSE120805
CSE1L,1,0.8995096815,GSE120805
RAB22A,1,0.185853635,GSE120805
PTGIS,-1,0.5766221391,GSE120805
STAU1,1,0.857198584,GSE120805
CDH26,1,0.7753950811,GSE120805
SNAI1,-1,0.6664867851,GSE120805
MOCS3,-1,0.4730146198,GSE120805
STX16,1,0.4769368219,GSE120805
PMEPA1,-1,0.0005558969251,GSE120805
RNF114,1,0.2032770253,GSE120805
ANKRD60,1,NA,GSE120805
DDX27,-1,0.7595558033,GSE120805
BCAS4,1,1.43E-05,GSE120805
KCNK15,1,NA,GSE120805
TP53TG5,1,0.953767674,GSE120805
NEURL2,1,0.06276146804,GSE120805
MTRR,-1,0.05023013948,GSE120805
FASTKD3,-1,0.03217161348,GSE120805
PEPD,1,0.09363569852,GSE120805
IQSEC2,1,0.0604497289,GSE120805
VAMP7,1,0.09763108562,GSE120805
IL9R,1,NA,GSE120805
XG,-1,NA,GSE120805
STAMBP,1,0.02727208501,GSE120805
NAGK,-1,0.5501645901,GSE120805
MCEE,-1,0.005448065852,GSE120805
PAIP2B,1,0.7331991616,GSE120805
SNRNP27,1,0.8376922313,GSE120805
MPHOSPH10,-1,0.07928725667,GSE120805
IL17C,-1,NA,GSE120805
NDUFB4P12,-1,0.6553601081,GSE120805
ATP8A1,-1,0.9234518135,GSE120805
USP22,1,0.6322898145,GSE120805
HIF3A,-1,NA,GSE120805
ZNF576,-1,0.9967693239,GSE120805
ZNF45,1,0.5750923928,GSE120805
LYPD3,1,0.8614097165,GSE120805
PSG8,1,NA,GSE120805
USP9X,1,0.3160801719,GSE120805
GRM4,1,NA,GSE120805
TRERF1,-1,0.8582412794,GSE120805
PACSIN1,1,0.0002999068366,GSE120805
BTN2A2,1,3.34E-06,GSE120805
SIRT5,1,0.7095060978,GSE120805
MRS2,-1,0.9538447448,GSE120805
WRNIP1,-1,0.8419494313,GSE120805
RRP36,-1,0.7941523968,GSE120805
BTN1A1,1,NA,GSE120805
SNRPC,1,0.6773469673,GSE120805
SERPINB6,-1,0.8991472994,GSE120805
XPO5,-1,3.39E-08,GSE120805
ABCC10,-1,0.4844598598,GSE120805
H1-3,-1,8.19E-10,GSE120805
PEX6,1,0.4782316265,GSE120805
NQO2,-1,0.7524407928,GSE120805
OARD1,1,0.4183373139,GSE120805
UNC5CL,-1,0.9814222433,GSE120805
AARS2,1,0.7859081743,GSE120805
H1-1,-1,2.97E-25,GSE120805
ZNF391,1,0.9962834372,GSE120805
RPS10,-1,0.8987733087,GSE120805
MOCS1,-1,0.3806100593,GSE120805
H2BC11,-1,1.65E-08,GSE120805
MED20,1,0.05884273461,GSE120805
OR2B6,1,0.3241055541,GSE120805
TBCC,-1,0.94153286,GSE120805
SPDEF,-1,0.8740621029,GSE120805
TCP11,1,0.4338466361,GSE120805
MAD2L1BP,-1,0.9471818136,GSE120805
APOBEC2,1,0.6742227602,GSE120805
KLHDC3,1,0.7232662163,GSE120805
GNMT,1,0.6462861591,GSE120805
CNPY3-GNMT,1,0.6462861591,GSE120805
DNAH8,1,NA,GSE120805
MEA1,1,0.2280642576,GSE120805
KLHL31,-1,0.6414200622,GSE120805
COL21A1,-1,0.221007008,GSE120805
CDKN1A,1,9.52E-75,GSE120805
SOX4,-1,0.005136217416,GSE120805
GLO1,-1,0.8558124258,GSE120805
CPNE5,1,2.25E-11,GSE120805
RREB1,-1,0.1902464285,GSE120805
SSR1,-1,0.08286831842,GSE120805
RIOK1,-1,1.39E-08,GSE120805
NRN1,1,0.03230606575,GSE120805
SLC35B3,1,0.3982458399,GSE120805
RPP40,-1,0.001511683136,GSE120805
ATXN1,-1,0.0179183818,GSE120805
NUP153,-1,0.2481645324,GSE120805
DEK,-1,0.7685971653,GSE120805
EEF1E1,-1,0.6678184882,GSE120805
RUNX2,-1,0.06747046862,GSE120805
LRRFIP1,-1,0.1347977419,GSE120805
LOC93463,1,0.7402163586,GSE120805
RAB17,1,0.006468377397,GSE120805
CXCL6,-1,0.9366319842,GSE120805
EREG,1,0.03866624476,GSE120805
MYRF-AS1,1,0.6981362532,GSE120805
MYRF,-1,0.972390191,GSE120805
AHNAK,-1,0.3866101604,GSE120805
EMC3,1,0.783895541,GSE120805
SSUH2,1,0.05951339436,GSE120805
WNT1,1,NA,GSE120805
SH3TC1,1,0.02390261795,GSE120805
CNOT1,1,0.8881363303,GSE120805
BBS2,1,0.001270416577,GSE120805
MT1G,1,0.02332020996,GSE120805
MT2A,-1,0.09338192486,GSE120805
PHAF1,-1,0.3614950638,GSE120805
GOT2,-1,0.01995634935,GSE120805
DOK4,1,8.39E-08,GSE120805
GPR18,-1,NA,GSE120805
CLYBL,1,0.7247277111,GSE120805
TMTC4,-1,6.55E-10,GSE120805
RAP2A,-1,0.9716015694,GSE120805
ABCC4,-1,3.17E-13,GSE120805
EFNB2,-1,0.000204344874,GSE120805
TM9SF2,1,0.08764579858,GSE120805
HROB,1,0.7452618491,GSE120805
KIF25,1,NA,GSE120805
IRF1,1,8.22E-05,GSE120805
UPF3B,1,0.4235799341,GSE120805
RNF113A,-1,0.009216873375,GSE120805
SEPTIN6,1,0.9586600251,GSE120805
TMEM255A,-1,0.01759442865,GSE120805
NDUFA1,-1,0.9801010023,GSE120805
DMAC2L,1,0.00519484572,GSE120805
BMP4,-1,0.5669930393,GSE120805
PTGER2,-1,4.82E-14,GSE120805
FAM193A,-1,0.9750329921,GSE120805
GRK4,1,0.7448826703,GSE120805
SOX9,-1,0.5442501637,GSE120805
TEKT3,1,0.5508221224,GSE120805
MYH2,-1,NA,GSE120805
HS3ST3B1,-1,4.49E-09,GSE120805
SLC25A35,1,0.8948047201,GSE120805
MRPS7,-1,0.9193594707,GSE120805
GGA3,-1,0.9471796454,GSE120805
ARMC7,-1,0.889940363,GSE120805
NUP85,-1,0.04168697818,GSE120805
SLC25A19,-1,0.2054168927,GSE120805
MIF4GD,1,0.01447254465,GSE120805
NT5C,-1,0.007061385905,GSE120805
MSTO1,-1,0.3436835958,GSE120805
MIR9-1HG,1,0.9806016677,GSE120805
TTF1,-1,0.5057327409,GSE120805
GTF3C4,-1,0.146785568,GSE120805
DDX31,-1,2.14E-11,GSE120805
PPP1R12C,1,0.7813735943,GSE120805
MBOAT7,1,0.9846637157,GSE120805
OPRL1,1,3.56E-05,GSE120805
SLC2A4RG,-1,0.05538677833,GSE120805
FNDC11,1,0.6184069154,GSE120805
PPDPF,-1,0.4088223455,GSE120805
IL1B,1,0.002927148659,GSE120805
PLGLB2,-1,NA,GSE120805
IL37,1,0.0009002032511,GSE120805
CHCHD5,-1,0.5043094118,GSE120805
PAX8,-1,0.0113072842,GSE120805
INSIG2,-1,0.1329579594,GSE120805
POLR1B,-1,7.05E-10,GSE120805
CCDC93,1,0.4117032531,GSE120805
PSD4,1,0.07515138559,GSE120805
SLC25A23,-1,0.5098109966,GSE120805
PSPN,-1,0.9149203639,GSE120805
GTF2F1,1,0.8543117119,GSE120805
ALKBH7,-1,0.7236457439,GSE120805
CLPP,-1,0.09363657134,GSE120805
TNFSF9,1,0.019315626,GSE120805
GRIA3,-1,0.5649587694,GSE120805
THOC2,1,1.55E-06,GSE120805
MED1,-1,0.9604363593,GSE120805
RPL23,-1,0.9336943034,GSE120805
ATG4C,-1,0.4407683417,GSE120805
CD70,1,0.07120182238,GSE120805
C3,-1,0.8468681703,GSE120805
SH2D3A,1,0.5782735739,GSE120805
TRIP10,-1,0.0009704219671,GSE120805
GPR108,1,0.01564282889,GSE120805
TNFSF14,1,NA,GSE120805
FOSB,-1,0.5611258272,GSE120805
OPA3,-1,0.7986288908,GSE120805
SNRPD2,-1,0.7717634024,GSE120805
RTN2,1,0.2624208461,GSE120805
EML2,1,2.35E-08,GSE120805
VASP,-1,0.005019667273,GSE120805
SYMPK,-1,0.4040599692,GSE120805
GPCPD1,-1,0.3552077763,GSE120805
SDCBP2,1,0.5441783122,GSE120805
PANK2,1,0.9604363593,GSE120805
TGM3,1,NA,GSE120805
GNRH2,-1,0.8935225789,GSE120805
FAM182A,-1,NA,GSE120805
CD93,1,NA,GSE120805
GZF1,-1,0.441164881,GSE120805
NAPB,1,0.0001125279938,GSE120805
CENPB,-1,0.7912327119,GSE120805
PSMF1,-1,0.8475284437,GSE120805
DTD1,-1,0.6046511189,GSE120805
RBCK1,1,0.1404444618,GSE120805
TMX4,1,0.4719005115,GSE120805
STK35,-1,0.8048173719,GSE120805
SNRPB,-1,0.6570199143,GSE120805
NRSN2,-1,0.3972417617,GSE120805
AP5S1,1,0.1323351421,GSE120805
RRBP1,-1,0.1887264203,GSE120805
ZNF133,-1,0.9304470611,GSE120805
MKKS,-1,0.02354291134,GSE120805
BFSP1,1,1.24E-05,GSE120805
DSTN,-1,0.001245344346,GSE120805
SNRPB2,1,0.949343156,GSE120805
MGME1,1,0.893162451,GSE120805
LRRN4,-1,NA,GSE120805
TBC1D20,-1,0.7738773618,GSE120805
ITPA,-1,0.3893186061,GSE120805
MCM8,1,0.8857172156,GSE120805
TMEM74B,-1,NA,GSE120805
FAM110A,1,0.004454688566,GSE120805
MRPS26,-1,0.8142104649,GSE120805
S1PR4,1,NA,GSE120805
NCLN,-1,0.8645410167,GSE120805
CITED1,1,0.8972325414,GSE120805
HNRNPR,1,0.6815764668,GSE120805
ZNF436,1,0.9156933064,GSE120805
MAX,-1,0.3963203052,GSE120805
ARMCX5,-1,0.7203882523,GSE120805
GDF5,-1,0.5611922339,GSE120805
MMP24,-1,0.151579341,GSE120805
NECAB3,1,1.00E-05,GSE120805
ID1,1,0.0726404481,GSE120805
RALY,-1,0.3723413488,GSE120805
DYNLRB1,-1,0.9094421925,GSE120805
EIF2S2,-1,0.7785605332,GSE120805
ERGIC3,1,0.6855288515,GSE120805
ROMO1,1,0.9462549495,GSE120805
SACK1C,-1,NA,GSE120805
CEP250,-1,0.4616403547,GSE120805
PLAGL2,-1,0.8358437565,GSE120805
MMP24OS,-1,0.7118054558,GSE120805
GRPR,-1,0.3192863168,GSE120805
KDM5C,1,0.8691701993,GSE120805
AMOT,-1,3.21E-05,GSE120805
TMEM115,1,0.5452373413,GSE120805
PSMB2,-1,0.9847940455,GSE120805
AGO3,1,0.8256831525,GSE120805
UROD,1,0.3914227318,GSE120805
ST3GAL3,1,0.5904463536,GSE120805
TMEM53,1,0.9369496251,GSE120805
HECTD3,-1,0.7168525123,GSE120805
KLC1,1,0.9395733176,GSE120805
XRCC3,-1,0.1605783577,GSE120805
TUBGCP3,-1,0.159452722,GSE120805
MCF2L,1,0.3443314016,GSE120805
F10,1,0.1837544941,GSE120805
PCID2,1,0.8161035939,GSE120805
LRFN3,-1,0.9799962042,GSE120805
IGFLR1,-1,0.6342843732,GSE120805
CAPNS1,-1,0.2794584829,GSE120805
PDCD2L,-1,0.269924855,GSE120805
RBM42,1,0.2152557115,GSE120805
KIRREL2,1,NA,GSE120805
UBA2,-1,0.9471667701,GSE120805
HCST,1,0.6728041755,GSE120805
COX6B1,-1,0.8426700508,GSE120805
THRA,1,0.6252461042,GSE120805
CCR7,1,0.3842780101,GSE120805
NR1D1,-1,0.9458011777,GSE120805
FRMD8,1,0.8102127987,GSE120805
PRDX5,-1,0.7126416783,GSE120805
BCL2L12,-1,0.9600406677,GSE120805
IRF3,-1,0.9590412418,GSE120805
PRMT1,-1,0.2203273107,GSE120805
RRAS,-1,0.0008191942631,GSE120805
PRRG2,1,0.5345356507,GSE120805
SCAF1,-1,0.9643651901,GSE120805
PRR12,-1,0.9689958598,GSE120805
TSKS,1,0.9471667701,GSE120805
FLRT1,1,0.570174177,GSE120805
ASL,-1,0.02761453686,GSE120805
SBDS,-1,0.5442314597,GSE120805
STAT5A,1,1.00E-05,GSE120805
WNK4,1,0.7220385904,GSE120805
BECN1,1,0.002199898615,GSE120805
PRKCG,-1,NA,GSE120805
TRAP1,-1,1.07E-06,GSE120805
GLIS2,-1,0.9615226058,GSE120805
NSRP1,1,0.3919678906,GSE120805
DNAJC8,1,0.8929248421,GSE120805
AHDC1,-1,0.9215624035,GSE120805
IFI6,1,0.002009523556,GSE120805
ZNF384,-1,0.690874443,GSE120805
EMG1,-1,0.2557584707,GSE120805
UXT,-1,0.714858405,GSE120805
CFP,1,0.8255912073,GSE120805
ELK1,-1,0.6817167181,GSE120805
TIMM17B,1,0.4251934863,GSE120805
PCNX4,-1,0.9485617638,GSE120805
ATG14,1,0.809069295,GSE120805
KTN1,1,0.8589285493,GSE120805
SIX1,-1,0.2356461577,GSE120805
RHOJ,-1,0.002217367653,GSE120805
DLGAP5,1,6.36E-06,GSE120805
L3HYPDH,-1,0.0007231625119,GSE120805
HSPA2,-1,0.7636494526,GSE120805
ZBTB1,1,0.880020387,GSE120805
TRMT5,-1,0.04346425408,GSE120805
SGPP1,1,0.5768441171,GSE120805
PLEKHG3,1,0.9375053917,GSE120805
RHOT1,1,0.7076153272,GSE120805
EVI2A,1,0.3512325736,GSE120805
DYNC2I1,1,0.4346689447,GSE120805
AIF1L,-1,0.7222936381,GSE120805
FAM78A,-1,0.5382695345,GSE120805
NUP214,-1,0.7531940646,GSE120805
AVPR2,1,NA,GSE120805
SLC10A3,-1,0.4676324749,GSE120805
MAP2K2,1,0.0239283657,GSE120805
HNRNPH2,1,0.000190053244,GSE120805
ARMCX1,1,0.09486089364,GSE120805
TMEM35A,1,0.5223284947,GSE120805
TIMM8A,-1,2.57E-06,GSE120805
ZC4H2,-1,0.01179892521,GSE120805
CANX,-1,0.02994288886,GSE120805
INTS11,-1,0.2665011894,GSE120805
IPPK,1,0.7960946208,GSE120805
ZNF484,1,0.6936016749,GSE120805
FGD3,1,NA,GSE120805
HIVEP3,-1,0.3064895038,GSE120805
PPCS,1,1.00E-05,GSE120805
EDN2,1,0.5770786209,GSE120805
BCL11B,1,0.9469076172,GSE120805
COX7C,1,0.9500763719,GSE120805
TRAF2,1,0.901077074,GSE120805
ABHD8,1,0.0004962048058,GSE120805
MASP1,1,NA,GSE120805
ATP13A4,1,NA,GSE120805
HELB,-1,0.8256831525,GSE120805
RAP1B,-1,0.447576886,GSE120805
TSPAN8,-1,NA,GSE120805
BEST3,1,0.9804838584,GSE120805
RAB3IP,1,0.9721435506,GSE120805
PTPRB,-1,8.65E-08,GSE120805
DYRK2,-1,1.32E-07,GSE120805
YEATS4,-1,0.9901338316,GSE120805
TAS2R3,-1,0.9256993297,GSE120805
TAS2R4,-1,0.8600161171,GSE120805
TAS2R5,-1,0.9437411987,GSE120805
CRYGN,1,NA,GSE120805
LRRC61,-1,0.8414208248,GSE120805
IDUA,1,0.9306551101,GSE120805
FGFRL1,-1,5.76E-05,GSE120805
TMEM175,1,0.2091737165,GSE120805
AUNIP,-1,0.9422974613,GSE120805
PIN1,1,0.2193637353,GSE120805
FBXL12,-1,0.01515702407,GSE120805
EMC1,-1,0.9704097851,GSE120805
UBR4,-1,0.9878066665,GSE120805
HP1BP3,1,1.19E-13,GSE120805
ADGRE2,-1,NA,GSE120805
SIN3B,1,0.913338775,GSE120805
SLC35E1,-1,0.9155904213,GSE120805
EPS15L1,-1,0.8457225764,GSE120805
KLF2,1,0.2925569974,GSE120805
UQCR11,-1,0.9643651901,GSE120805
GFER,1,0.3936386948,GSE120805
SYNGR3,1,0.1642404087,GSE120805
PKMYT1,-1,0.4503759478,GSE120805
WFIKKN1,-1,0.488124214,GSE120805
WDR24,-1,0.9670154195,GSE120805
FBXL16,-1,NA,GSE120805
CHTF18,-1,0.9859087336,GSE120805
MACF1,1,0.7675215765,GSE120805
SMARCA4,-1,0.8769714725,GSE120805
KDM4B,-1,0.9712347794,GSE120805
TICAM1,-1,0.993188372,GSE120805
METTL25,-1,0.861580548,GSE120805
IL17B,-1,NA,GSE120805
EMC6,-1,0.9332535209,GSE120805
METTL16,-1,0.3224725273,GSE120805
TUBA4A,-1,8.51E-05,GSE120805
VIL1,1,0.09457882294,GSE120805
AAMP,1,0.8761208124,GSE120805
PNKD,-1,0.8061497637,GSE120805
TNFRSF19,-1,1.71E-09,GSE120805
RNF6,1,0.01151907217,GSE120805
ECHS1,1,0.800400824,GSE120805
AKAP9,1,0.0004605694035,GSE120805
GNG11,1,0.4218317641,GSE120805
SEM1,-1,0.6334433748,GSE120805
GNGT1,-1,NA,GSE120805
HIP1,1,0.6236699184,GSE120805
PTPN12,-1,0.6242881433,GSE120805
POR,1,0.4124837719,GSE120805
STYXL1,1,0.001127596079,GSE120805
STEAP4,-1,0.7012536413,GSE120805
GNAI1,-1,0.6170372772,GSE120805
PEX1,1,0.001551885138,GSE120805
MTERF1,-1,0.964443069,GSE120805
SGCE,-1,0.7923963866,GSE120805
RBM48,1,0.9876394238,GSE120805
CASD1,1,0.7004586706,GSE120805
ZNF780B,1,0.105864683,GSE120805
LRFN1,-1,0.2740044252,GSE120805
ZFP36,-1,0.9704790674,GSE120805
SRD5A3,-1,0.005642752948,GSE120805
RASL11B,-1,0.3115076046,GSE120805
PAICS,-1,9.37E-10,GSE120805
KDR,1,NA,GSE120805
PPAT,-1,0.001618495464,GSE120805
TUBGCP6,1,0.8302342651,GSE120805
ADM2,-1,0.7311318593,GSE120805
DGCR6L,1,0.183553114,GSE120805
DGCR8,-1,0.503314955,GSE120805
ASPHD2,1,0.628552169,GSE120805
VPREB3,1,0.8351759787,GSE120805
SDF2L1,-1,0.001069411334,GSE120805
GAL3ST1,1,0.838809069,GSE120805
YWHAH,-1,5.82E-05,GSE120805
YWHAH-AS1,-1,0.9279964584,GSE120805
GNAZ,-1,0.1397292433,GSE120805
MGAT3,1,0.4499922638,GSE120805
ADORA2A,-1,0.4947619852,GSE120805
ATF4,-1,0.01567275201,GSE120805
A4GALT,1,0.1250331019,GSE120805
CDC42EP1,-1,0.4496757412,GSE120805
APOL3,1,0.01739170731,GSE120805
MCHR1,1,0.8857594157,GSE120805
TPST2,-1,5.75E-09,GSE120805
BAIAP2L2,1,0.6345870568,GSE120805
MPST,-1,0.02338010035,GSE120805
GALR3,1,NA,GSE120805
TST,1,0.9043639192,GSE120805
APOL2,1,0.000410536602,GSE120805
RAC2,1,0.07815441363,GSE120805
LIF,-1,0.001337441882,GSE120805
C22orf23,1,0.5910963685,GSE120805
APOBEC3A,1,NA,GSE120805
APOBEC3A_B,1,NA,GSE120805
APOBEC3F,1,0.0002075130997,GSE120805
KRT17,-1,2.51E-12,GSE120805
EMC4,1,0.7063595495,GSE120805
RNF112,1,0.4246714776,GSE120805
SPECC1,-1,0.9895975519,GSE120805
CPA4,-1,8.98E-08,GSE120805
DOCK4,1,0.9160972681,GSE120805
POT1,1,0.1894794235,GSE120805
ATP6V1F,1,0.000485517792,GSE120805
LSM8,1,0.2165137841,GSE120805
CDHR3,-1,0.3313270463,GSE120805
PRKRIP1,1,0.6123492957,GSE120805
VGF,1,0.2678302562,GSE120805
PODXL,1,0.9914125816,GSE120805
FOXP2,-1,0.1143306511,GSE120805
STRIP2,1,0.001042697103,GSE120805
IFT22,1,0.01592656077,GSE120805
MKLN1,1,0.9407177227,GSE120805
DNAJB9,-1,0.6514084652,GSE120805
FLNC,-1,0.8946669708,GSE120805
LRRC4,1,0.0002287358286,GSE120805
CALU,-1,0.03780502253,GSE120805
CCDC136,1,4.45E-07,GSE120805
SMO,1,0.02253020622,GSE120805
IRF5,1,4.84E-10,GSE120805
LRRC17,-1,0.04886519318,GSE120805
KLHDC10,1,0.7943746546,GSE120805
NDUFA5,1,0.6797030104,GSE120805
OPN1SW,1,NA,GSE120805
MRPS12,-1,0.2215645537,GSE120805
MYO1B,-1,0.001547650469,GSE120805
HOXD3,1,NA,GSE120805
MTX2,1,0.2173144263,GSE120805
PDE11A,1,0.2894231609,GSE120805
CHN1,1,0.9954685022,GSE120805
GAD1,1,0.05863213002,GSE120805
OSGEPL1,-1,0.3654547772,GSE120805
ORMDL1,1,0.8962074409,GSE120805
HAT1,1,0.8475284437,GSE120805
HERC2,1,0.648971756,GSE120805
SNRPN,-1,0.8307514508,GSE120805
PSMG2,1,0.945395708,GSE120805
TWSG1,1,0.2567507145,GSE120805
ARHGAP22,-1,0.001378502839,GSE120805
WDFY4,1,NA,GSE120805
EIF2AK4,1,0.9471667701,GSE120805
MYO5C,1,0.000646995799,GSE120805
CGNL1,-1,0.00864756135,GSE120805
TMOD2,1,3.87E-06,GSE120805
TTBK2,1,0.001099203155,GSE120805
ELL3,1,0.5209613047,GSE120805
CCDC32,1,0.4839243314,GSE120805
INO80,-1,0.148819601,GSE120805
ICE2,-1,0.8966696239,GSE120805
DLL4,1,7.85E-06,GSE120805
ALDH1A2,-1,0.03455924671,GSE120805
MINDY2,-1,0.2824291056,GSE120805
IVD,-1,0.9346684462,GSE120805
KNSTRN,1,3.71E-07,GSE120805
DUT,-1,3.37E-06,GSE120805
CHAC1,-1,0.06924907366,GSE120805
CLN6,-1,3.61E-07,GSE120805
ARPP19,1,0.8216030081,GSE120805
VPS13C,1,0.005533956191,GSE120805
CALML4,-1,0.0007844349643,GSE120805
ISLR,-1,0.06989855927,GSE120805
THAP10,1,0.75154052,GSE120805
LOXL1,-1,5.51E-16,GSE120805
ACKR4,1,NA,GSE120805
ANAPC13,1,0.05248097746,GSE120805
MBD4,-1,0.006032575223,GSE120805
COPB1,1,0.8282022915,GSE120805
PSMA1,1,0.4458224966,GSE120805
SUMF2,-1,0.00100701293,GSE120805
PALLD,-1,0.003380500129,GSE120805
SPCS3,-1,0.05426669129,GSE120805
SERGEF,1,0.3800924715,GSE120805
TPH1,-1,0.8228622978,GSE120805
CSRP3,1,0.8940897384,GSE120805
E2F8,-1,0.06638790648,GSE120805
DCTD,1,0.8988170072,GSE120805
SOX15,1,0.1901525499,GSE120805
PIMREG,1,9.80E-07,GSE120805
RPAIN,1,0.3142923411,GSE120805
USP6,1,NA,GSE120805
SHBG,1,0.0009344066642,GSE120805
PLD2,1,0.6244983426,GSE120805
CD68,1,0.810222291,GSE120805
TXNDC17,-1,0.03849100894,GSE120805
ATP1B2,1,0.570174177,GSE120805
FXR2,1,0.02926114411,GSE120805
KIF1C,-1,0.3995324092,GSE120805
MPDU1,-1,0.3006373706,GSE120805
PHF20L1,1,0.003118087718,GSE120805
DNAAF11,1,0.9669799932,GSE120805
CCNT1,1,0.2263467182,GSE120805
PUS7L,-1,0.6738393968,GSE120805
KRI1,-1,0.4316588796,GSE120805
ILF3,-1,0.5665108854,GSE120805
SLC44A2,-1,0.9861730339,GSE120805
AP1M2,1,0.9590090212,GSE120805
CDKN2D,1,3.65E-05,GSE120805
MTUS1,-1,0.6482945716,GSE120805
KLK14,1,NA,GSE120805
NGDN,-1,0.9302533338,GSE120805
RAB2B,1,0.05431783207,GSE120805
BCL2L2,1,0.7849139818,GSE120805
AJUBA,-1,0.02795793382,GSE120805
DTD2,-1,0.961312257,GSE120805
PARP2,-1,0.269924855,GSE120805
HEATR5A,1,0.3962929648,GSE120805
FOXA1,1,0.848242618,GSE120805
SNX6,1,0.6083619804,GSE120805
EAPP,1,0.18844828,GSE120805
EGLN3,-1,1.04E-05,GSE120805
MIS18BP1,1,0.2931214552,GSE120805
NRL,1,0.7181614354,GSE120805
NEDD8,-1,0.9601069002,GSE120805
DAD1,-1,0.6089406483,GSE120805
TEP1,1,0.4393285688,GSE120805
EPB41L4A,-1,0.8742016108,GSE120805
CDO1,1,0.01703440194,GSE120805
REEP5,-1,0.0002006190924,GSE120805
ITFG1,1,7.85E-05,GSE120805
QRICH2,1,0.8721579169,GSE120805
FOXJ1,1,0.590050127,GSE120805
SEC14L1,-1,0.4503759478,GSE120805
RHBDF2,-1,0.5549417602,GSE120805
AANAT,-1,0.7190557657,GSE120805
ARHGEF6,1,0.61778096,GSE120805
MAP7D3,-1,0.0003582228349,GSE120805
ASH2L,-1,0.4923137889,GSE120805
TTI2,-1,0.09196989385,GSE120805
CHRNA10,1,0.8366825178,GSE120805
CDKN1C,1,0.85907847,GSE120805
SGO1,1,0.0003699902672,GSE120805
RPS4Y1,-1,0.8720688415,GSE120805
CDH15,1,0.1724047526,GSE120805
KLF16,-1,0.2953536013,GSE120805
PGAP6,1,0.0005519589104,GSE120805
DOHH,-1,0.8297064542,GSE120805
MAU2,1,0.251904439,GSE120805
SHC2,-1,NA,GSE120805
PLPPR3,1,0.4990843738,GSE120805
ABHD17A,1,0.6825585861,GSE120805
LBP,1,NA,GSE120805
SYT5,1,NA,GSE120805
TNNI3,1,0.9341307672,GSE120805
CBFA2T3,1,NA,GSE120805
GAMT,-1,0.9270841505,GSE120805
PUDP,-1,0.03656585457,GSE120805
ERMARD,-1,0.6085516241,GSE120805
PHF10,-1,0.02718280373,GSE120805
PRRG3,1,0.8859432095,GSE120805
CRACR2A,1,0.8020488279,GSE120805
NXNL2,1,0.5589486841,GSE120805
STARD8,1,0.006519646864,GSE120805
GDPD2,1,0.817205697,GSE120805
SAT1,1,0.6297546928,GSE120805
GNL3L,-1,0.01136523501,GSE120805
SH3BP4,-1,0.5741848206,GSE120805
MOSPD2,-1,0.7571875879,GSE120805
DOCK6,-1,0.9319767187,GSE120805
ECSIT,-1,0.3155668548,GSE120805
LDLR,-1,0.2806058488,GSE120805
ELOF1,-1,0.9628325394,GSE120805
ANGPTL8,1,NA,GSE120805
PRKCSH,-1,0.6723213027,GSE120805
CNN1,-1,0.08990005184,GSE120805
CDC16,1,0.9374283261,GSE120805
ZSCAN10,1,NA,GSE120805
THEM6,-1,0.6290403051,GSE120805
NECTIN2,1,0.4458542765,GSE120805
APOE,1,0.2451212944,GSE120805
TOMM40,-1,0.01675454054,GSE120805
APOC1,1,0.9723583011,GSE120805
GADD45G,1,NA,GSE120805
LRCH2,1,0.05192188966,GSE120805
DPP6,1,NA,GSE120805
XPO7,1,0.9914140982,GSE120805
ACE2,-1,NA,GSE120805
FAM98C,1,0.09406042945,GSE120805
SAFB2,-1,0.8029195191,GSE120805
RPL36,-1,0.3300568814,GSE120805
ATP8B3,1,0.437322396,GSE120805
NCAN,1,0.8154751404,GSE120805
KIF1A,1,0.4251900733,GSE120805
GTPBP3,-1,2.36E-06,GSE120805
BST2,1,0.5693522576,GSE120805
SLC27A1,1,0.8660791114,GSE120805
NSUN5,1,0.6452192112,GSE120805
USHBP1,1,NA,GSE120805
COLGALT1,-1,7.41E-08,GSE120805
DDA1,1,0.9531161924,GSE120805
MRPL34,-1,0.3294672351,GSE120805
PGLS,1,0.4917979755,GSE120805
LSM7,-1,0.6581290653,GSE120805
TULP4,-1,0.8081478054,GSE120805
SNX9,1,0.009669598446,GSE120805
RTN4IP1,-1,0.8375180144,GSE120805
QRSL1,1,0.8686901212,GSE120805
MTRES1,-1,0.2237809686,GSE120805
RSPH3,1,2.03E-13,GSE120805
MAS1,-1,NA,GSE120805
ACSBG2,1,NA,GSE120805
MLLT1,-1,0.8366825178,GSE120805
FUT5,1,NA,GSE120805
AFDN,1,0.2461675796,GSE120805
ACTN4,-1,0.243516371,GSE120805
STK33,1,7.89E-08,GSE120805
NDUFA10,1,0.7287699161,GSE120805
EPO,-1,NA,GSE120805
ARPC1B,-1,0.4119154608,GSE120805
CACNG6,1,1.40E-07,GSE120805
ZSWIM6,1,0.006247998066,GSE120805
FCHO1,1,0.9211810813,GSE120805
UNC13A,1,9.97E-22,GSE120805
MAP1S,-1,0.9801010023,GSE120805
KLHDC7B,-1,0.5204657928,GSE120805
PXDN,-1,0.002797771786,GSE120805
SSBP4,-1,0.001445665917,GSE120805
GDF15,1,9.13E-42,GSE120805
PGPEP1,1,2.28E-27,GSE120805
IQCN,-1,0.1986637326,GSE120805
LSM4,-1,0.8016879668,GSE120805
JUND,-1,0.06274312621,GSE120805
HRC,-1,NA,GSE120805
TRPM4,1,0.9807059891,GSE120805
ZNF557,-1,0.9428848331,GSE120805
CRB3,1,0.9669951377,GSE120805
CAMSAP1,-1,0.07454469907,GSE120805
UBAC1,1,0.9212177871,GSE120805
SAG,-1,NA,GSE120805
ZBTB46,1,0.6151827391,GSE120805
HELZ2,1,0.8843834409,GSE120805
SAMD10,1,0.9804156432,GSE120805
LSP1,1,0.7878101722,GSE120805
TNNT3,1,NA,GSE120805
TNNI2,1,NA,GSE120805
H19,1,4.84E-05,GSE120805
COL5A1,-1,1.36E-09,GSE120805
ATXN10,-1,0.2115461994,GSE120805
TUBGCP2,1,0.6524537742,GSE120805
CYP2E1,-1,0.8791792716,GSE120805
PNPLA7,-1,0.8217943951,GSE120805
PAK4,1,0.9585252845,GSE120805
MNX1,1,0.2566659172,GSE120805
ZNF337,1,0.6897203761,GSE120805
CEP85,1,0.06462954223,GSE120805
TAF4,-1,0.9212177871,GSE120805
LAMA5,1,0.9177655009,GSE120805
OSBPL2,1,2.78E-07,GSE120805
LOC105369209,1,2.78E-07,GSE120805
ADRM1,-1,0.7165962949,GSE120805
ASS1,-1,0.000338990362,GSE120805
PRDM12,-1,0.9724993298,GSE120805
EXOSC2,-1,5.20E-05,GSE120805
POMT1,1,6.41E-12,GSE120805
UCK1,-1,0.9471667701,GSE120805
FIBCD1,-1,0.6318022201,GSE120805
CHMP2A,1,0.5592996126,GSE120805
UBE2M,1,0.3579983675,GSE120805
TRIM28,-1,0.5594316962,GSE120805
METTL26,-1,0.03283458028,GSE120805
YIPF2,1,0.4624714548,GSE120805
ATG4D,1,0.03263088089,GSE120805
EIF2S3,-1,2.64E-05,GSE120805
TMEM160,-1,0.8166535887,GSE120805
ZC3H4,-1,0.965518538,GSE120805
NPAS1,-1,0.2757055835,GSE120805
GMFG,-1,0.9804156432,GSE120805
MAP3K10,1,0.002763320294,GSE120805
ARHGEF16,1,0.5802266558,GSE120805
LRRC47,-1,0.9839789748,GSE120805
SESN2,1,0.1223573672,GSE120805
SMPDL3B,1,0.0002890473864,GSE120805
ATP5IF1,1,0.6742753285,GSE120805
MED18,1,0.9151401659,GSE120805
THEMIS2,1,0.09607774053,GSE120805
CLIP1,1,0.6486660006,GSE120805
CCDC62,1,0.3464437666,GSE120805
HIP1R,1,6.91E-06,GSE120805
ZNF317,-1,0.9067794051,GSE120805
PPAN,-1,1.91E-05,GSE120805
EIF3G,1,0.8475284437,GSE120805
ANGPTL6,1,0.4797334736,GSE120805
SHFL,1,0.003139063994,GSE120805
DNMT1,-1,0.9741277111,GSE120805
ZNF426,1,0.4382665606,GSE120805
SLC6A8,-1,0.5275016434,GSE120805
PNCK,1,0.5066400339,GSE120805
DKC1,-1,2.77E-11,GSE120805
PLXNA3,-1,0.926561577,GSE120805
DUSP9,1,NA,GSE120805
MPP1,1,7.16E-06,GSE120805
ZNF331,1,0.5530409219,GSE120805
ZNF236,-1,0.7859323236,GSE120805
LRP3,1,0.6907328203,GSE120805
MTRFR,-1,0.05972681132,GSE120805
NOL11,-1,0.1126438261,GSE120805
UBE4B,-1,0.8784575293,GSE120805
CASZ1,-1,0.8952730709,GSE120805
PKDREJ,1,NA,GSE120805
HSD17B3,1,0.0726404481,GSE120805
HABP4,-1,0.1959292679,GSE120805
FBP2,1,NA,GSE120805
SLC35D2,1,0.007873424462,GSE120805
PRRG1,-1,0.3512325736,GSE120805
UBA1,-1,0.9917138868,GSE120805
RGN,1,NA,GSE120805
POLN,1,0.07299146593,GSE120805
PPIL4,1,0.1128980111,GSE120805
ULBP2,1,2.52E-10,GSE120805
AKAP12,-1,0.01868168824,GSE120805
SYNE1,-1,0.9256993297,GSE120805
ULBP3,-1,0.1253081744,GSE120805
LATS1,-1,0.6776010176,GSE120805
EPS8L1,-1,0.09782677708,GSE120805
AAR2,-1,0.1712400774,GSE120805
TTLL9,1,0.1441467701,GSE120805
RBM39,-1,0.9520212235,GSE120805
ZNF341,-1,0.8703672419,GSE120805
GGT7,1,0.7584265999,GSE120805
ACSS2,1,7.44E-11,GSE120805
EDA2R,1,NA,GSE120805
ARHGEF9,-1,0.2118762822,GSE120805
C1QL1,-1,0.0540155842,GSE120805
GFAP,1,NA,GSE120805
PYY,-1,0.5029289972,GSE120805
ATP6V1E1,1,0.3203314207,GSE120805
ZNF227,1,0.8380067316,GSE120805
ZNF428,1,0.2794495993,GSE120805
ZNF141,1,0.8619449408,GSE120805
CCL25,1,NA,GSE120805
COX4I1,-1,0.7245146765,GSE120805
EMC8,-1,0.7813735943,GSE120805
GSE1,1,0.7237848951,GSE120805
GINS2,-1,0.01774956434,GSE120805
CHMP1A,1,0.3391112681,GSE120805
SH3BGRL,1,0.9665133767,GSE120805
COX7B,-1,0.9440785771,GSE120805
SLC34A1,1,NA,GSE120805
F12,-1,0.8452655544,GSE120805
PRR7,-1,0.2272146341,GSE120805
NFATC1,1,0.5695348192,GSE120805
IDO1,-1,NA,GSE120805
CAP1,-1,0.06942933656,GSE120805
PPT1,-1,0.1863787639,GSE120805
RAB11FIP4,1,0.1528511384,GSE120805
RLIM,1,0.7964174682,GSE120805
ABCB7,1,0.08046621007,GSE120805
TRAF3,1,0.836780503,GSE120805
HAUS8,-1,0.6452192112,GSE120805
MRPS25,-1,0.04089483038,GSE120805
SH3BP5,-1,4.90E-06,GSE120805
HACL1,1,0.03023700729,GSE120805
TBC1D5,1,0.008645138387,GSE120805
CAPN7,1,0.0004976759169,GSE120805
RFTN1,-1,3.05E-10,GSE120805
C3orf20,-1,NA,GSE120805
RBSN,-1,0.894221967,GSE120805
GALNT15,-1,0.04849556721,GSE120805
SLC6A6,-1,0.005270095776,GSE120805
NAPSA,1,0.9856051589,GSE120805
NR1H2,1,0.7237848951,GSE120805
PDLIM4,1,0.3280912395,GSE120805
KIF3A,1,0.0007875024689,GSE120805
MGAT1,-1,1.55E-07,GSE120805
GFPT2,-1,0.4126303044,GSE120805
TUBG1,-1,0.453569684,GSE120805
PSME3,-1,0.287263882,GSE120805
RPL27,-1,0.5488081893,GSE120805
PSMC3IP,-1,0.05142976267,GSE120805
AOC3,1,0.8780945913,GSE120805
ACLY,-1,8.57E-05,GSE120805
VPS25,-1,0.7078161275,GSE120805
RAMP2,1,0.6996699191,GSE120805
AOC2,1,0.9138710982,GSE120805
NDUFA2,1,0.3955317069,GSE120805
ANKHD1,1,0.6762292438,GSE120805
DIAPH1,-1,0.392483837,GSE120805
NDFIP1,-1,0.9236368564,GSE120805
UBE2D2,-1,0.7222936381,GSE120805
EXOC4,1,0.001624469753,GSE120805
ACAP3,-1,0.9814452839,GSE120805
C1orf159,-1,0.780650319,GSE120805
ANO1,-1,0.6608207462,GSE120805
PPFIA1,1,1.67E-06,GSE120805
TMEM204,1,NA,GSE120805
KREMEN2,1,0.6483094718,GSE120805
THOC6,-1,3.26E-06,GSE120805
TRAF7,1,0.7179822508,GSE120805
BARX1,-1,NA,GSE120805
NINJ1,1,0.5770786209,GSE120805
NPHP4,-1,0.6923038712,GSE120805
MAP1B,-1,0.4909452419,GSE120805
IL13RA1,1,0.02657858673,GSE120805
WDR44,1,0.9615226058,GSE120805
ZCCHC9,1,0.9955823148,GSE120805
KRT34,-1,0.7183337811,GSE120805
KRT33B,-1,0.3807575514,GSE120805
TNS4,1,0.9556938946,GSE120805
TOP2A,1,1.17E-18,GSE120805
STARD3,1,0.002824010776,GSE120805
RARA,-1,0.9858141255,GSE120805
PPP1R1B,1,0.3344407287,GSE120805
KHDRBS3,-1,0.5297790616,GSE120805
CHD1L,-1,0.1109016538,GSE120805
PEX11B,1,0.2034510158,GSE120805
FMO5,1,0.06570914509,GSE120805
PIAS3,-1,0.979539536,GSE120805
PRKAB2,-1,5.38E-08,GSE120805
PDHA1,-1,0.6705993789,GSE120805
MCCC2,-1,0.6684089602,GSE120805
ZNF304,-1,0.6921030392,GSE120805
ZSCAN5A,-1,0.8950429809,GSE120805
ZNF132,1,0.9798904251,GSE120805
USP29,1,NA,GSE120805
SELENOS,-1,0.9585252845,GSE120805
CHSY1,-1,0.0003783113821,GSE120805
SNRPA1,-1,0.4245600685,GSE120805
LLGL1,-1,0.7430728052,GSE120805
LIN28A,-1,NA,GSE120805
THAP1,-1,0.972782196,GSE120805
RHPN2,1,0.7226781909,GSE120805
C19orf12,1,0.7811792513,GSE120805
FAAP24,1,0.2819360898,GSE120805
ACTR10,1,0.9554797993,GSE120805
ABHD12B,-1,NA,GSE120805
GCH1,1,6.73E-14,GSE120805
LGALS3,1,0.9148239327,GSE120805
PODNL1,1,0.85907847,GSE120805
DNAJB1,-1,0.7576997406,GSE120805
ZSWIM4,1,0.8932517825,GSE120805
FBXW9,-1,0.2049947389,GSE120805
RFX1,-1,0.9589197089,GSE120805
ZNF20,1,0.09530092094,GSE120805
BRME1,1,0.09193043941,GSE120805
DCAF15,1,0.9725044153,GSE120805
CC2D1A,1,0.9597429339,GSE120805
RTBDN,-1,0.1801859359,GSE120805
MATN3,1,0.2738691502,GSE120805
TRIM21,-1,0.03505713356,GSE120805
SPATA6,1,0.7861110316,GSE120805
LRRC41,1,6.44E-08,GSE120805
CCT6B,1,0.7519692944,GSE120805
DHX30,1,0.6320472709,GSE120805
RAF1,1,0.706103665,GSE120805
SLC6A11,-1,NA,GSE120805
PPARG,-1,0.0001096274365,GSE120805
NUP210,-1,0.9958872506,GSE120805
FCRLA,1,0.414660834,GSE120805
HSD17B7,1,0.4589387251,GSE120805
ENOSF1,-1,0.5237037888,GSE120805
EMILIN2,-1,0.9382958325,GSE120805
SLX1B,-1,0.9137933838,GSE120805
SLX1A,-1,0.9137933838,GSE120805
LOC130134321,-1,0.9137933838,GSE120805
ARFIP2,-1,0.3232168607,GSE120805
TRIM5,1,8.39E-05,GSE120805
CNGA4,1,NA,GSE120805
TRIM22,1,1.38E-20,GSE120805
RRP8,-1,0.005881855897,GSE120805
TIMM10B,1,0.8806177075,GSE120805
EFR3A,-1,0.9945254335,GSE120805
PTCD3,1,0.8474898933,GSE120805
IMMT,-1,0.2630805599,GSE120805
MRPL35,1,0.940931519,GSE120805
DRC11,-1,0.964443069,GSE120805
ILKAP,-1,0.8439983965,GSE120805
PER2,1,0.9806016677,GSE120805
RAMP1,-1,0.5270374917,GSE120805
SCLY,-1,0.06752979927,GSE120805
PTPRE,-1,0.4805588983,GSE120805
RAN,-1,0.1427756708,GSE120805
PRKAA1,1,0.2775515887,GSE120805
CARD6,1,0.103467979,GSE120805
RAP1GAP2,-1,6.52E-06,GSE120805
CLUH,-1,0.0459837891,GSE120805
INPP5K,-1,0.7430728052,GSE120805
MYBBP1A,-1,3.54E-06,GSE120805
RPA1,-1,0.1417855761,GSE120805
SERPINF1,1,0.669216774,GSE120805
UBE2G1,1,0.9055313784,GSE120805
EEFSEC,-1,0.8492032341,GSE120805
TBC1D14,1,0.5967881863,GSE120805
TMEM128,1,0.3436835958,GSE120805
COQ3,-1,0.4968029652,GSE120805
PNISR,1,0.2982333497,GSE120805
POPDC3,-1,0.4630292675,GSE120805
SEC61G,-1,0.9670389648,GSE120805
LANCL2,-1,0.1418534869,GSE120805
FIGNL1,-1,0.9723224253,GSE120805
GRSF1,-1,0.6445885733,GSE120805
ENAM,1,0.9959983538,GSE120805
JCHAIN,1,0.5974958309,GSE120805
ANKRD17,-1,0.817834047,GSE120805
UTP3,-1,0.2144065051,GSE120805
ITGB4,1,0.8005576277,GSE120805
WBP2,1,0.7261592024,GSE120805
H3-3B,-1,0.9350185445,GSE120805
UNK,-1,0.8807778428,GSE120805
TRIM47,1,0.5309996447,GSE120805
ZRANB2,-1,0.6382475,GSE120805
EIF5A,-1,1.24E-05,GSE120805
KDM6B,1,0.9959983538,GSE120805
SLC52A1,1,3.34E-14,GSE120805
GUCY2D,1,0.1530385277,GSE120805
GPS2,-1,0.4713644471,GSE120805
XAF1,-1,0.8755590061,GSE120805
DLG4,1,0.7880150045,GSE120805
RIDA,1,0.01335378988,GSE120805
VPS13B,1,0.9092875032,GSE120805
RGS22,1,NA,GSE120805
MATN2,-1,0.1366771336,GSE120805
REEP2,1,7.00E-21,GSE120805
PCBD2,1,3.43E-20,GSE120805
SDF2,1,0.8798332475,GSE120805
FLOT2,1,0.9320721374,GSE120805
ERAL1,-1,0.8832755616,GSE120805
PRMT7,1,0.9272238729,GSE120805
NIP7,-1,7.31E-09,GSE120805
TERF2,-1,0.4400703585,GSE120805
VPS4A,1,0.9733130644,GSE120805
MTSS2,-1,0.09444648282,GSE120805
HSPA12B,1,NA,GSE120805
ANKEF1,1,1.56E-17,GSE120805
PCED1A,1,0.1250877565,GSE120805
SNAP25,-1,0.0001281384802,GSE120805
BTBD3,-1,1.80E-06,GSE120805
PCNA,-1,0.7927138613,GSE120805
NXT1,-1,0.001319356392,GSE120805
POLR3F,1,0.9954685022,GSE120805
RIN2,-1,3.38E-11,GSE120805
PTPRA,-1,0.9685455126,GSE120805
DAP3,-1,0.8929248421,GSE120805
RHBG,1,NA,GSE120805
KHDC4,1,0.05422283359,GSE120805
ATP1A4,-1,NA,GSE120805
NES,-1,0.01344952164,GSE120805
BCAN,1,NA,GSE120805
ARHGEF11,1,0.4762322091,GSE120805
RAB25,1,NA,GSE120805
HAPLN2,1,NA,GSE120805
DCAF8,1,5.55E-08,GSE120805
SYT11,1,0.7167103135,GSE120805
IGHMBP2,1,0.979539536,GSE120805
TESMIN,-1,0.9817777439,GSE120805
MMACHC,-1,0.8958454031,GSE120805
DPH2,-1,4.67E-17,GSE120805
TOE1,-1,0.03713412606,GSE120805
NASP,1,0.6238192641,GSE120805
MUTYH,1,0.7320129877,GSE120805
CTNNBL1,1,0.7645762958,GSE120805
LPIN3,1,1.27E-14,GSE120805
ZSWIM3,1,0.2002385038,GSE120805
RBM38,1,0.8810938234,GSE120805
VSTM2L,-1,0.8213523596,GSE120805
OSER1,-1,0.911615399,GSE120805
SERINC3,1,3.43E-28,GSE120805
PPP1R3D,1,0.8080029902,GSE120805
DMGDH,1,4.20E-05,GSE120805
BHMT2,1,0.0003013455636,GSE120805
AP3B1,-1,0.9857847553,GSE120805
ZBED3,-1,0.7261592024,GSE120805
PATJ,1,0.007454357025,GSE120805
KANK4,-1,0.001480211463,GSE120805
SLC14A2,1,NA,GSE120805
FBXO44,1,3.47E-09,GSE120805
CPLANE2,1,0.0004622616033,GSE120805
CASP9,1,0.003027406513,GSE120805
DCTN4,1,0.1691745361,GSE120805
PDE6A,1,0.6481777293,GSE120805
ATP8A2,-1,0.9386557109,GSE120805
MTUS2,-1,NA,GSE120805
ZMYM5,1,0.001975468611,GSE120805
USPL1,-1,6.35E-07,GSE120805
XPO4,-1,0.4366751347,GSE120805
TPTE2,1,0.5114388987,GSE120805
POMP,1,0.9015590517,GSE120805
CDK8,-1,0.3903527288,GSE120805
ALOX5AP,-1,0.132972018,GSE120805
WASF3,-1,0.6511401128,GSE120805
CHRM3,-1,1.48E-20,GSE120805
MYH10,-1,0.02415309565,GSE120805
PEMT,-1,0.0001054588809,GSE120805
SCO1,-1,0.8142600559,GSE120805
MPRIP,-1,0.152937541,GSE120805
CHI3L1,1,NA,GSE120805
PIK3C2B,-1,0.5308402891,GSE120805
DSTYK,1,0.6972959011,GSE120805
CHIT1,1,NA,GSE120805
SLC41A1,1,0.8716753044,GSE120805
LGR6,1,0.4553925072,GSE120805
TMCC2,1,0.04997707726,GSE120805
DCLK1,-1,0.0001044299539,GSE120805
CCNA1,1,0.000126243642,GSE120805
COG6,1,0.004636502547,GSE120805
SPART,1,0.8948047201,GSE120805
RXFP2,-1,NA,GSE120805
EPSTI1,-1,0.05848171782,GSE120805
TRPC4,-1,3.69E-11,GSE120805
POSTN,-1,1.40E-07,GSE120805
RFXAP,1,0.6073376721,GSE120805
TPT1,1,0.7933746255,GSE120805
GPALPP1,1,0.008462520755,GSE120805
STOML3,1,NA,GSE120805
KL,-1,NA,GSE120805
RFC3,-1,0.8304391212,GSE120805
STARD13,-1,7.79E-05,GSE120805
IRS4,1,NA,GSE120805
MORC4,-1,0.1717233083,GSE120805
BEX2,1,0.04705331334,GSE120805
RNF128,1,0.1236491583,GSE120805
GNG5B,-1,NA,GSE120805
TBC1D8B,-1,0.001050823543,GSE120805
TCEAL4,-1,0.6230266254,GSE120805
BEX1,-1,0.9471667701,GSE120805
VCF1,1,0.9883291689,GSE120805
SLC39A11,1,0.009762573283,GSE120805
EPHB2,-1,0.9920395766,GSE120805
SRRM1,-1,0.7976526166,GSE120805
BTBD2,1,0.9428848331,GSE120805
PRAM1,1,NA,GSE120805
KMT5C,1,0.1427107652,GSE120805
ZNF414,-1,0.9252795528,GSE120805
PDE6B,1,NA,GSE120805
HSPBP1,-1,0.7869896916,GSE120805
CSNK1G2,1,0.7310075271,GSE120805
SLF1,1,0.905763679,GSE120805
CNDP2,-1,0.1995979434,GSE120805
MACROD1,-1,0.004366874903,GSE120805
WDR74,-1,0.0630630476,GSE120805
RTN3,-1,0.9229276002,GSE120805
PLAAT4,1,0.001287608747,GSE120805
PLAAT2,-1,0.5300325384,GSE120805
MYH11,1,0.5752992063,GSE120805
CEP20,1,0.2265240895,GSE120805
MED10,-1,0.9605881686,GSE120805
PDZD2,-1,0.9191266684,GSE120805
MORC2,-1,0.5271238022,GSE120805
LARGE1,-1,0.8761208124,GSE120805
GSTT2B,1,0.6084229995,GSE120805
MYO18B,-1,6.33E-06,GSE120805
SLC2A11,1,1.85E-07,GSE120805
C1QTNF6,1,0.1515794441,GSE120805
SACK1F,1,0.6162712049,GSE120805
SEC14L4,1,NA,GSE120805
ADCK2,-1,0.6318022201,GSE120805
MKRN1,1,3.97E-05,GSE120805
AGAP3,1,0.9748154471,GSE120805
KRABD3,1,0.05975207748,GSE120805
ACTR3B,-1,0.9249689264,GSE120805
NTS,1,0.4798872938,GSE120805
BTG1,-1,0.7779007286,GSE120805
LRRIQ1,1,1.76E-07,GSE120805
RLIG1,-1,0.6224089799,GSE120805
ATP13A3,1,0.5551478211,GSE120805
TMEM254,-1,0.8256831525,GSE120805
TMTC1,1,0.7985345798,GSE120805
KRAS,-1,0.4030424524,GSE120805
IPO8,1,0.04763443848,GSE120805
LARS1,-1,0.008362957349,GSE120805
IMPA1,1,0.1301125905,GSE120805
LRRCC1,1,0.6753624322,GSE120805
E2F5,-1,0.8832755616,GSE120805
CCDC59,-1,0.8907207933,GSE120805
SWAP70,1,0.1648760255,GSE120805
BMAL1,-1,0.662246345,GSE120805
AMPD3,1,0.006387962709,GSE120805
SBF2,-1,0.07285206205,GSE120805
MICAL2,-1,3.52E-09,GSE120805
RRAS2,-1,0.8920698402,GSE120805
HSD17B4,1,0.4719414351,GSE120805
ZFC3H1,1,0.3043612619,GSE120805
TEX15,-1,0.001170394114,GSE120805
SARAF,1,0.005136217416,GSE120805
RNF122,-1,0.0001747908672,GSE120805
DUSP26,1,NA,GSE120805
DPF2,1,0.7485280099,GSE120805
MEN1,-1,0.941464716,GSE120805
ERG28,-1,0.3139187075,GSE120805
DGLUCY,1,0.0001161946291,GSE120805
UNC79,1,0.5759313401,GSE120805
NUMB,-1,0.9801010023,GSE120805
LOC101928143,-1,0.9801010023,GSE120805
COX16,-1,0.8188010159,GSE120805
TTC9,1,0.9981136249,GSE120805
MED6,1,0.8599965879,GSE120805
EIF2S1,-1,0.2348845588,GSE120805
ADAM20,1,0.9784694689,GSE120805
LOXL2,-1,5.62E-07,GSE120805
ELP3,1,0.8935225789,GSE120805
PEBP4,1,NA,GSE120805
CTIF,-1,0.0004257391159,GSE120805
MRO,1,NA,GSE120805
MBD2,-1,0.733256769,GSE120805
IER3IP1,-1,0.8178983126,GSE120805
KGD4,1,0.8093650808,GSE120805
CCNB1,1,2.83E-07,GSE120805
CDK7,1,0.9589197089,GSE120805
CD180,-1,NA,GSE120805
IRAK2,1,8.49E-12,GSE120805
CAMK1,1,0.00179328276,GSE120805
THUMPD3,1,0.8892009803,GSE120805
VHL,1,0.3710623523,GSE120805
BHLHE40,-1,0.2104596632,GSE120805
ARL8B,1,0.2601860231,GSE120805
EDEM1,-1,0.8043146647,GSE120805
CNTN6,-1,NA,GSE120805
CHL1,1,NA,GSE120805
MEIS2,-1,1.70E-05,GSE120805
DPH6,1,0.8251079429,GSE120805
KATNBL1,1,0.7495995051,GSE120805
EMC7,-1,0.6797030104,GSE120805
TRPM1,-1,NA,GSE120805
GNAT2,1,0.8469667355,GSE120805
GSTM1,1,0.4818046616,GSE120805
PRPF38B,-1,0.4055410812,GSE120805
TSPAN2,-1,3.01E-06,GSE120805
GSTM5,-1,NA,GSE120805
GSTM3,1,0.006898847766,GSE120805
VAV3,-1,NA,GSE120805
PSRC1,1,0.09160873556,GSE120805
PTPN22,1,0.05164008663,GSE120805
SORT1,1,0.4564081421,GSE120805
WNT2B,-1,0.1227685511,GSE120805
PTGFRN,-1,0.9875897876,GSE120805
LAMTOR5,-1,0.9184018846,GSE120805
NOTCH2,-1,0.7940237183,GSE120805
TRIM45,-1,0.6845476155,GSE120805
CEPT1,1,0.5669454776,GSE120805
CD101,-1,0.7116629356,GSE120805
NGF,-1,0.1863418683,GSE120805
AP4B1,-1,5.75E-05,GSE120805
NAPG,1,0.7313146459,GSE120805
SPIRE1,-1,0.7952473386,GSE120805
PPHLN1,1,0.9294733409,GSE120805
FKBP11,-1,6.38E-14,GSE120805
ARF3,1,0.9981070468,GSE120805
TMEM106C,1,0.7924499907,GSE120805
SLC38A2,1,0.3961536212,GSE120805
YWHAQ,-1,0.9556938946,GSE120805
KIDINS220,1,0.1982380038,GSE120805
GRHL1,1,0.1251726492,GSE120805
ROCK2,1,0.09288105995,GSE120805
RSAD2,-1,0.922533737,GSE120805
LPIN1,1,0.0001514200632,GSE120805
CMPK2,1,0.964240052,GSE120805
IAH1,1,0.8853663482,GSE120805
LDHA,-1,1.18E-08,GSE120805
SAA2,1,0.8935225789,GSE120805
ANO3,1,NA,GSE120805
IL6ST,1,0.9564226925,GSE120805
FST,1,0.5114388987,GSE120805
NAV1,-1,0.2569271452,GSE120805
CDC73,-1,0.7897742744,GSE120805
TIMM17A,-1,0.437322396,GSE120805
CRB1,-1,0.5305633951,GSE120805
ERN2,-1,NA,GSE120805
RPS15A,-1,0.8625648089,GSE120805
NARS1,-1,0.3196261896,GSE120805
RELCH,1,0.00128194818,GSE120805
FBH1,1,0.2139373241,GSE120805
RBM17,-1,0.3804145256,GSE120805
IL2RA,-1,NA,GSE120805
ANKRD16,-1,0.1988534058,GSE120805
ECHDC3,-1,NA,GSE120805
IL15RA,-1,0.9815587038,GSE120805
CCNH,1,0.8853252014,GSE120805
HRH4,1,NA,GSE120805
SLC35D4,-1,3.66E-06,GSE120805
KCTD1,-1,0.2374108345,GSE120805
CABLES1,-1,0.7095315684,GSE120805
DOCK2,1,0.6154915003,GSE120805
EMP1,-1,0.0001855385494,GSE120805
SOX5,1,0.7849332238,GSE120805
RERG,-1,NA,GSE120805
KLRD1,1,0.3923883605,GSE120805
KLRC1,1,NA,GSE120805
SPX,1,0.8085047191,GSE120805
PRH2,1,0.3022533566,GSE120805
LRP4,1,0.8160081138,GSE120805
MYBPC3,1,NA,GSE120805
DDB2,1,2.55E-06,GSE120805
ACP2,1,0.5300325384,GSE120805
RTL8C,-1,0.1302151479,GSE120805
RAB33A,-1,0.007898389091,GSE120805
RBMX2,-1,0.7881634609,GSE120805
STK26,1,0.9857847553,GSE120805
PIWIL4,-1,0.89584385,GSE120805
PUM1,-1,0.9827363203,GSE120805
SPOCD1,-1,0.1363555249,GSE120805
YARS1,-1,0.1887507842,GSE120805
PHC2,-1,0.2321840152,GSE120805
CDCA8,1,0.5052769402,GSE120805
GNL2,-1,0.2665011894,GSE120805
AGO4,1,0.004207949944,GSE120805
HOOK1,-1,NA,GSE120805
CYP2J2,-1,NA,GSE120805
BTF3L4,-1,0.7078161275,GSE120805
TUT4,1,0.9661189853,GSE120805
PRPF38A,-1,0.4842278698,GSE120805
DSC2,-1,0.5410598184,GSE120805
DSG3,1,NA,GSE120805
RNF138,-1,0.9027567944,GSE120805
ELP2,-1,0.1415950656,GSE120805
DSC3,-1,0.06679060749,GSE120805
DSC1,1,NA,GSE120805
DTNA,1,0.4780581718,GSE120805
FHOD3,-1,9.69E-18,GSE120805
TPGS2,-1,0.05620891395,GSE120805
DAGLA,-1,0.993188372,GSE120805
SLC43A3,-1,3.03E-08,GSE120805
TIMM10,-1,0.8741217391,GSE120805
DHX34,-1,0.7215774228,GSE120805
FADS2,-1,5.53E-07,GSE120805
TMEM258,-1,0.7095939518,GSE120805
C5AR2,1,NA,GSE120805
TMEM165,-1,0.9912702549,GSE120805
CLOCK,1,0.9938666388,GSE120805
PDGFRA,1,0.484712116,GSE120805
GGACT,-1,0.5530409219,GSE120805
COL4A2,-1,5.76E-06,GSE120805
CLDN10,-1,NA,GSE120805
DZIP1,1,0.1401583162,GSE120805
UBAC2,1,0.4391481759,GSE120805
ARGLU1,1,0.9551024362,GSE120805
BIVM,1,0.01366937992,GSE120805
ERCC5,1,0.02267312953,GSE120805
TPP2,-1,0.7645144489,GSE120805
POGLUT2,-1,0.8843460341,GSE120805
CARS2,-1,0.01221869986,GSE120805
ARHGAP32,-1,0.1983699328,GSE120805
STT3A,-1,3.00E-11,GSE120805
ADAMTS8,-1,2.80E-07,GSE120805
ACRV1,1,NA,GSE120805
ETS1,-1,0.003540919348,GSE120805
SLC37A2,1,0.001382588114,GSE120805
TMED7,1,0.911615399,GSE120805
APC,-1,0.9332707652,GSE120805
NREP,-1,2.83E-09,GSE120805
WDR36,-1,0.0001982438171,GSE120805
OSTF1,-1,0.7880150045,GSE120805
RFK,-1,0.9346684462,GSE120805
UBQLN1,1,0.2459622234,GSE120805
NAA35,1,0.5374121308,GSE120805
C9orf40,1,0.9711575346,GSE120805
ANXA1,-1,0.5672941259,GSE120805
CTSL,1,0.3582415379,GSE120805
CEMIP2,-1,0.5693801654,GSE120805
AGTPBP1,-1,0.9571311766,GSE120805
GOLM1,-1,0.4343732118,GSE120805
ENTREP1,-1,0.9240636774,GSE120805
PSAT1,-1,0.02670861514,GSE120805
ISCA1,-1,0.945395708,GSE120805
ADAM19,-1,7.66E-05,GSE120805
HAVCR2,-1,0.6846852413,GSE120805
CCNJL,-1,0.167529564,GSE120805
TAOK3,1,0.3397010424,GSE120805
USP30,1,0.001236601888,GSE120805
MSI1,-1,0.9707887734,GSE120805
HNF1A,1,NA,GSE120805
FBXO21,-1,0.9021882474,GSE120805
TBX3,1,0.7993783787,GSE120805
OASL,1,0.01218259247,GSE120805
HRK,1,0.2570905282,GSE120805
RNFT2,1,2.00E-06,GSE120805
P2RX4,1,3.28E-05,GSE120805
BICDL1,1,0.6486971498,GSE120805
TRAFD1,1,0.2449873602,GSE120805
DMTF1,-1,0.8416582809,GSE120805
TMEM243,1,0.9913043071,GSE120805
CCDC146,1,0.4821937697,GSE120805
TMEM60,1,0.03862510072,GSE120805
CD36,1,0.4957413554,GSE120805
PNPLA8,1,0.8597732573,GSE120805
HILPDA,-1,7.87E-07,GSE120805
GARIN1B,-1,0.9818550426,GSE120805
RINT1,-1,0.7584265999,GSE120805
SRPK2,1,0.3757856627,GSE120805
KCP,1,0.8974517982,GSE120805
TES,-1,0.08066689008,GSE120805
MDFIC,1,0.06303146787,GSE120805
MTO1,-1,0.01385742379,GSE120805
ADGRB3,1,0.6486660006,GSE120805
ANKRD6,1,0.04612430892,GSE120805
HTR1B,-1,1.62E-05,GSE120805
KHDC1,1,0.06701906127,GSE120805
CEP162,-1,0.9515546075,GSE120805
SYNCRIP,-1,0.0009143797474,GSE120805
SNX14,1,0.4354391689,GSE120805
NT5E,-1,0.4985272566,GSE120805
MRAP2,1,0.8057442967,GSE120805
AKIRIN2,-1,0.8908826177,GSE120805
ORC3,1,0.4888170281,GSE120805
LCA5,-1,0.9854154319,GSE120805
MAP3K7,1,0.9163495587,GSE120805
PRR5L,-1,3.33E-13,GSE120805
LMO2,1,0.5242899258,GSE120805
PHF21A,1,0.9716015694,GSE120805
NAT10,-1,0.004806121266,GSE120805
EHF,1,0.8732855635,GSE120805
PRRG4,1,0.7141396745,GSE120805
CAPRIN1,1,0.4986021916,GSE120805
ATP5MC2,-1,0.07410122708,GSE120805
DNAJC14,-1,0.001883843221,GSE120805
CD63,1,0.9426449311,GSE120805
PRPH,1,0.2011457266,GSE120805
AVIL,1,0.8161771342,GSE120805
AMHR2,1,NA,GSE120805
GDF11,1,9.20E-05,GSE120805
GLS2,1,6.81E-43,GSE120805
ITGA7,1,0.5943783229,GSE120805
FAM186B,1,0.001762306878,GSE120805
RDH5,1,0.5549417602,GSE120805
AGAP2,1,2.99E-05,GSE120805
BLOC1S1,1,0.3738648245,GSE120805
CDK4,-1,1.15E-13,GSE120805
TROAP,1,0.004949508324,GSE120805
TSPAN31,1,0.01118236604,GSE120805
B4GALNT1,1,0.9585252845,GSE120805
TFCP2,-1,0.441164881,GSE120805
COQ10A,1,6.63E-05,GSE120805
FAIM2,1,0.07804378746,GSE120805
PAN2,1,0.0001101228226,GSE120805
ESPL1,1,0.5194719852,GSE120805
KRT87P,-1,NA,GSE120805
KRT7,-1,0.1075945241,GSE120805
ZC3H10,-1,0.002690202388,GSE120805
HNRNPA1,-1,0.3075250522,GSE120805
ACVR1B,1,0.9008834764,GSE120805
OS9,1,0.1684508095,GSE120805
MIP,1,0.8038014442,GSE120805
KCNH3,1,0.8761552203,GSE120805
LTV1,-1,0.4206904752,GSE120805
MAP7,1,0.0008760118232,GSE120805
CD164,-1,0.8676516433,GSE120805
AFG1L,1,0.0233651389,GSE120805
NHSL1,-1,0.5780543725,GSE120805
AHI1,-1,0.1759758348,GSE120805
HEY2,-1,0.1559288172,GSE120805
PKIB,-1,1.93E-12,GSE120805
NMBR,1,0.1482014373,GSE120805
SMPD2,-1,0.6907328203,GSE120805
MICAL1,-1,0.2349933171,GSE120805
REPS1,-1,0.6742227602,GSE120805
STX11,-1,0.5741848206,GSE120805
TEC,1,2.85E-06,GSE120805
PRADC1,1,0.5141414468,GSE120805
SEMA4F,1,3.71E-05,GSE120805
CCT7,1,0.7849332238,GSE120805
RAB11FIP5,-1,0.8568473845,GSE120805
SMYD5,-1,1.21E-07,GSE120805
DYSF,-1,0.3588949156,GSE120805
CCDC142,-1,0.765575006,GSE120805
EMX1,1,NA,GSE120805
KCNMB4,-1,0.1669422867,GSE120805
USP15,-1,0.9730247359,GSE120805
GNS,1,0.001118706961,GSE120805
CPM,-1,0.7242829816,GSE120805
MDM2,1,1.57E-44,GSE120805
KLHL36,1,0.1699668455,GSE120805
BCO1,1,NA,GSE120805
MPHOSPH6,-1,0.00281754561,GSE120805
CHST5,-1,NA,GSE120805
KIAA0513,1,2.32E-10,GSE120805
DYNC1LI2,-1,0.3832099808,GSE120805
FBXL8,1,0.2115708701,GSE120805
FHOD1,-1,0.9301529829,GSE120805
CCDC102A,1,0.2477399881,GSE120805
SLC9A5,1,0.7735987796,GSE120805
AGT,1,NA,GSE120805
ZNF670-ZNF695,1,0.582376352,GSE120805
PCNX2,1,0.0006044578911,GSE120805
KCNK1,1,0.2422720329,GSE120805
URB2,-1,1.03E-12,GSE120805
EGLN1,-1,0.0009202752923,GSE120805
COG2,1,0.7849139818,GSE120805
ABCB10,-1,0.9549276457,GSE120805
NTPCR,-1,0.6363555446,GSE120805
TAF5L,-1,0.01717848725,GSE120805
GLUL,1,0.500624429,GSE120805
STX6,1,3.86E-06,GSE120805
RNASEL,1,0.0002147811626,GSE120805
DHX9,-1,0.013977809,GSE120805
KIAA1614,1,7.52E-06,GSE120805
CEP350,1,0.05954392296,GSE120805
NPL,-1,0.9120174538,GSE120805
NIBAN1,-1,0.8016879668,GSE120805
PIGC,1,0.635796751,GSE120805
LAMC1,-1,0.0009974503938,GSE120805
RC3H1,1,0.9990929658,GSE120805
GPR55,1,NA,GSE120805
SP110,-1,0.4361920022,GSE120805
MRPL44,-1,0.3781631711,GSE120805
CHRND,1,NA,GSE120805
DOCK10,-1,0.0001168214846,GSE120805
TTLL4,-1,0.5651292936,GSE120805
USP37,-1,0.6853723672,GSE120805
ITM2C,1,1.77E-09,GSE120805
SLC19A3,-1,0.3789422089,GSE120805
SERPINE2,-1,0.03116064724,GSE120805
DNAJB2,1,0.1900710812,GSE120805
WNT10A,1,0.3868480841,GSE120805
TMBIM1,1,0.4883327658,GSE120805
CYP27A1,1,0.01374553304,GSE120805
EIF4E2,-1,4.08E-05,GSE120805
ARMC9,1,0.01010632666,GSE120805
CAB39,1,0.1646110582,GSE120805
COX5B,-1,0.7046181701,GSE120805
REV1,1,0.8030469842,GSE120805
TSGA10,1,5.02E-05,GSE120805
SLC67A2,1,0.184524806,GSE120805
TMEM127,1,0.6835810192,GSE120805
EDAR,1,NA,GSE120805
TGFBRAP1,1,0.9794100943,GSE120805
GCC2,1,0.01125580525,GSE120805
MRPS9,-1,0.8570656091,GSE120805
C2orf49,1,0.3323552802,GSE120805
ANKRD36,-1,0.1103394168,GSE120805
EPC2,1,0.4729580679,GSE120805
ARHGEF4,-1,0.7654725171,GSE120805
ISCU,1,6.23E-05,GSE120805
ALDH1L2,-1,0.06422207926,GSE120805
USP44,1,0.6869384052,GSE120805
SCYL2,1,0.5181793074,GSE120805
CKAP4,-1,1.23E-09,GSE120805
PLXNC1,1,1.76E-06,GSE120805
APPL2,1,0.7402163586,GSE120805
PWP1,-1,0.0430258639,GSE120805
DRAM1,-1,0.09644721438,GSE120805
WASHC4,1,0.9440785771,GSE120805
SLC41A2,1,0.8985987362,GSE120805
VILL,1,0.00458438668,GSE120805
FLNB,-1,0.0003687868241,GSE120805
NEK3,-1,0.2400926337,GSE120805
VPS36,-1,0.7168485519,GSE120805
RNASEH2B,-1,0.3583893468,GSE120805
CKAP2,1,3.38E-07,GSE120805
TBC1D4,-1,2.80E-09,GSE120805
THSD1,1,0.2432850302,GSE120805
BORA,1,0.0117811219,GSE120805
LRCH1,-1,0.1811236444,GSE120805
SUCLA2,1,0.9531161924,GSE120805
RCBTB1,1,0.007274396745,GSE120805
MED4,-1,0.4697037485,GSE120805
PHF11,1,0.02449715688,GSE120805
RPL13AP25,1,0.7143160267,GSE120805
COG3,1,0.9801010023,GSE120805
LMO7,1,3.99E-05,GSE120805
SCEL,1,NA,GSE120805
ITM2B,1,0.2720946836,GSE120805
SPRY2,1,1.86E-05,GSE120805
NUDT15,-1,0.9186521986,GSE120805
EDNRB,-1,NA,GSE120805
RCBTB2,1,0.0506065956,GSE120805
LCP1,1,0.9631091697,GSE120805
SETDB2,1,0.9280597476,GSE120805
SCRN1,-1,0.8420174099,GSE120805
C7orf25,1,0.8056912545,GSE120805
TNS3,-1,2.05E-06,GSE120805
CHST12,1,0.3062684324,GSE120805
IGF2BP3,-1,0.398158638,GSE120805
GPNMB,1,0.00106648841,GSE120805
RAPGEF5,-1,0.6703569512,GSE120805
RAC1,-1,0.3313513783,GSE120805
KDELR2,-1,0.0188477115,GSE120805
NUP42,-1,0.9413511762,GSE120805
IL6,-1,0.02367907782,GSE120805
ZDHHC4,1,0.1554701618,GSE120805
BZW2,-1,5.13E-08,GSE120805
DGKB,-1,0.9721031946,GSE120805
TBRG4,-1,0.09026251574,GSE120805
DDX56,-1,0.002613906873,GSE120805
HUS1,-1,0.7246671611,GSE120805
NACAD,-1,0.934021688,GSE120805
PKD1L1-AS1,-1,0.00300201467,GSE120805
DBNL,1,0.9285295036,GSE120805
CCM2,-1,0.08822169473,GSE120805
MYO1G,-1,0.103116537,GSE120805
TTYH3,-1,0.9912702549,GSE120805
CIDEB,1,0.427287661,GSE120805
TTC5,1,0.4108774001,GSE120805
ZFHX2,1,0.9907972763,GSE120805
MTHFS,1,0.9601177559,GSE120805
ADAMTS7,1,0.001085584365,GSE120805
ABHD17C,-1,1.39E-11,GSE120805
IREB2,1,0.2411171916,GSE120805
ALPK3,-1,0.9403984977,GSE120805
TM6SF1,1,0.1497276087,GSE120805
CIB2,1,0.001161088942,GSE120805
CALCOCO2,1,0.0002455741747,GSE120805
RSAD1,-1,0.002494797729,GSE120805
NMT1,-1,0.1810961735,GSE120805
MYCBPAP,1,3.06E-08,GSE120805
SRSF1,-1,0.03790535879,GSE120805
VEZF1,1,0.6875233149,GSE120805
TACO1,-1,0.5182258188,GSE120805
TEX2,-1,0.3959798905,GSE120805
DCAF7,1,0.9664258148,GSE120805
LIMD2,1,0.3936821798,GSE120805
BRIP1,-1,0.2936741585,GSE120805
KAT7,-1,0.8267514881,GSE120805
RTP4,1,NA,GSE120805
ACTL6A,-1,0.02148146572,GSE120805
NDUFB5,1,0.3850701569,GSE120805
MRPL47,-1,0.9263365538,GSE120805
TRA2B,-1,0.02711186556,GSE120805
SCN2A,1,0.01304779872,GSE120805
TBR1,-1,0.3920568626,GSE120805
MARCHF7,1,0.8773365831,GSE120805
ERMN,1,NA,GSE120805
GALNT5,-1,0.7241152847,GSE120805
SCN7A,1,0.6042427585,GSE120805
TANK,1,0.9815587038,GSE120805
BLK,1,NA,GSE120805
SKIL,1,0.5334636789,GSE120805
EPRS1,-1,0.06230750369,GSE120805
HLX,-1,0.01331498021,GSE120805
VPS45,1,0.2457175698,GSE120805
KCTD3,-1,0.02611260217,GSE120805
RPS6KC1,1,0.5179121301,GSE120805
ZNG1B,1,0.9659783472,GSE120805
IL36G,1,NA,GSE120805
SMPD4,-1,0.1950085495,GSE120805
WDR33,1,0.9231619149,GSE120805
VMA22,-1,0.3344989331,GSE120805
SAP130,-1,0.9716425794,GSE120805
BIN1,-1,0.0649470724,GSE120805
IMP4,-1,1.60E-20,GSE120805
HS6ST1,-1,0.0001391275432,GSE120805
UGGT1,-1,0.1078967262,GSE120805
GYPC,1,0.08099958903,GSE120805
STAM,-1,0.9723583011,GSE120805
ABI1,-1,0.5679991759,GSE120805
YME1L1,1,0.7106284866,GSE120805
DNAJC1,-1,0.2016927036,GSE120805
NIPSNAP3A,-1,0.9949228873,GSE120805
LRRC8A,1,0.8054185568,GSE120805
CDK9,1,0.2633314335,GSE120805
TXN,-1,0.4562776708,GSE120805
ODF2,1,0.00751840521,GSE120805
ECPAS,-1,1.08E-05,GSE120805
TOR1B,1,0.2805527668,GSE120805
C9orf78,1,0.7661838654,GSE120805
SMC2,-1,0.9820261744,GSE120805
KLF4,1,0.4713644471,GSE120805
TOR1A,1,8.51E-05,GSE120805
RALGPS1,1,0.01150014993,GSE120805
NIBAN2,-1,0.4237372406,GSE120805
ST6GALNAC4,-1,0.9246146702,GSE120805
TMOD1,1,0.3779982946,GSE120805
DAB2IP,1,0.9689958598,GSE120805
STXBP1,1,0.8657627344,GSE120805
SLC2A8,1,0.08251970672,GSE120805
ANGPTL2,1,1.57E-07,GSE120805
CDK5RAP2,1,0.6798452236,GSE120805
ZFP37,-1,0.9854144492,GSE120805
SLC31A2,1,0.09463536078,GSE120805
SLC31A1,-1,0.5805913692,GSE120805
TLR4,1,0.2634871085,GSE120805
ZNF189,1,0.002719877009,GSE120805
STX17,1,1.74E-12,GSE120805
PRPF4,-1,0.002572679645,GSE120805
FPGS,-1,0.000159382357,GSE120805
USP20,1,0.1344281557,GSE120805
BAAT,1,0.550164059,GSE120805
KIF12,-1,NA,GSE120805
ATP6V1G1,1,0.04886519318,GSE120805
TEX10,-1,0.9569030237,GSE120805
GARNL3,-1,0.9867205367,GSE120805
MRPL50,-1,0.9977423222,GSE120805
DPM2,-1,0.6087398919,GSE120805
WDR38,-1,NA,GSE120805
TSTD2,-1,0.3956197021,GSE120805
GABBR2,1,0.7401024819,GSE120805
HEMGN,-1,NA,GSE120805
PSMB7,1,0.1929908856,GSE120805
NR5A1,1,NA,GSE120805
TRMO,-1,0.85907847,GSE120805
RABEPK,-1,4.39E-05,GSE120805
GOLGA1,1,0.3818954906,GSE120805
XPA,1,0.5044082415,GSE120805
NCBP1,-1,0.02464323474,GSE120805
ANP32B,-1,0.1174043449,GSE120805
PDCL,1,0.943940116,GSE120805
RPL35,-1,0.4348449791,GSE120805
CTSV,1,0.05511233488,GSE120805
LMX1B,1,NA,GSE120805
ARPC5L,1,0.7536055485,GSE120805
ENPP2,-1,6.38E-07,GSE120805
DSCC1,-1,0.02206275102,GSE120805
DERL1,-1,0.9549276457,GSE120805
MYC,-1,0.0005876018579,GSE120805
CCN3,-1,0.002591550318,GSE120805
DMAC1,1,0.9744485217,GSE120805
RANBP6,1,0.979539536,GSE120805
POLR1E,-1,3.39E-06,GSE120805
PLAA,1,0.8735086636,GSE120805
IL11RA,1,0.5031622884,GSE120805
UBAP2,-1,0.9336842607,GSE120805
APTX,1,0.8958454031,GSE120805
RNF38,-1,0.9071449363,GSE120805
TLN1,-1,0.2220937978,GSE120805
DNAJB5,1,0.9589197089,GSE120805
SPAG8,1,0.06605182601,GSE120805
DCTN3,1,0.01190755696,GSE120805
CD72,1,0.005349018508,GSE120805
TMEM8B,1,0.001461488697,GSE120805
GRHPR,-1,0.4654506632,GSE120805
ALDH1B1,-1,1.24E-17,GSE120805
HINT2,1,0.06128183922,GSE120805
ARHGEF39,1,1.42E-11,GSE120805
IGFBPL1,-1,0.6234435586,GSE120805
DENND4C,1,0.0003747385747,GSE120805
RPS6,-1,0.7186607289,GSE120805
CNPY3,-1,0.697002095,GSE120805
FOXP4,-1,0.9827363203,GSE120805
PPIL1,-1,0.7431488463,GSE120805
KLC4,1,0.0008500004506,GSE120805
KIF13A,-1,8.69E-06,GSE120805
ZSCAN9,-1,0.7337221477,GSE120805
PIM1,1,0.9977731905,GSE120805
GMPR,1,0.1081974073,GSE120805
CMTR1,1,0.0832631831,GSE120805
TFAP2A,-1,0.3919465586,GSE120805
YIPF3,1,1.12E-05,GSE120805
TMEM14B,-1,0.941516198,GSE120805
TMEM63B,1,0.05320523425,GSE120805
FRS3,1,0.09814550491,GSE120805
TJAP1,1,0.7881634609,GSE120805
CAPN11,1,0.01303580596,GSE120805
TINAG,-1,NA,GSE120805
HCRTR2,-1,0.5182464902,GSE120805
KIAA0319,1,0.4542345538,GSE120805
IRF4,1,0.9426115836,GSE120805
SLC22A23,1,8.64E-05,GSE120805
TUBB2A,-1,5.34E-08,GSE120805
LRRC1,1,0.9121148686,GSE120805
GCM1,-1,NA,GSE120805
FOXF2,-1,1.83E-05,GSE120805
BPHL,-1,0.5204388233,GSE120805
RIPK1,-1,0.7130473001,GSE120805
TUBB2B,-1,0.02370478013,GSE120805
UQCC2,-1,0.8863336465,GSE120805
HMGA1,1,0.9226437867,GSE120805
TCF19,-1,3.10E-09,GSE120805
FLOT1,-1,0.4732810671,GSE120805
IER3,-1,0.1494334385,GSE120805
MDC1,-1,0.8703039427,GSE120805
PGBD1,-1,0.4195801493,GSE120805
ATAT1,-1,0.9037429255,GSE120805
TPMT,1,0.5582709268,GSE120805
RNF144B,-1,0.3113699426,GSE120805
NRM,-1,0.07647924791,GSE120805
MTCH1,1,0.6800968817,GSE120805
VARS2,-1,0.8129842518,GSE120805
TAF8,1,5.86E-09,GSE120805
FAM8A1,1,4.36E-12,GSE120805
C6orf52,1,0.08009838314,GSE120805
FGFBP1,1,NA,GSE120805
CPEB2,-1,0.224668735,GSE120805
FHDC1,-1,8.41E-10,GSE120805
TLR2,1,1.20E-07,GSE120805
MGARP,1,0.1401583162,GSE120805
TTC29,1,NA,GSE120805
MYO7A,1,0.02070049112,GSE120805
FCHSD2,1,0.3038854234,GSE120805
ARRB1,1,4.24E-05,GSE120805
SLCO2B1,1,NA,GSE120805
THAP12,-1,0.6664859752,GSE120805
ANKRD42,1,0.02937567814,GSE120805
IL18BP,-1,0.7898858013,GSE120805
NUMA1,1,0.7091246182,GSE120805
CCDC90B,1,0.3742534968,GSE120805
SYTL2,1,0.000333233727,GSE120805
RAB30,-1,0.01589924472,GSE120805
CREBZF,1,0.162253871,GSE120805
LRRC32,-1,0.5427160137,GSE120805
PRCP,1,0.0003958335398,GSE120805
NARS2,-1,0.1669473268,GSE120805
RNF121,-1,0.9669951377,GSE120805
MRPL15,-1,3.09E-07,GSE120805
TTPA,1,0.7424950807,GSE120805
GGH,1,0.9969408638,GSE120805
SLCO5A1,-1,0.07531388488,GSE120805
SULF1,-1,0.003271751495,GSE120805
TGS1,1,0.6664859752,GSE120805
SDCBP,1,0.04649767454,GSE120805
NEK1,1,0.2198089943,GSE120805
DDX60,1,4.36E-12,GSE120805
SORL1,-1,0.5031639711,GSE120805
BUD13,-1,0.6055659703,GSE120805
TRPC6,-1,0.964443069,GSE120805
MMP7,1,0.7515719489,GSE120805
MMP20,1,NA,GSE120805
CFAP300,1,0.00279739534,GSE120805
DCUN1D5,-1,0.2314139067,GSE120805
YAP1,-1,0.6685787425,GSE120805
TRIM29,-1,0.7203882523,GSE120805
SLC37A4,-1,0.003321289741,GSE120805
BTG4,1,0.8120652388,GSE120805
POU2F3,1,0.9804156432,GSE120805
RDX,1,0.9818550426,GSE120805
PPP2R1B,-1,0.9037429255,GSE120805
FDX1,1,0.9378084185,GSE120805
CFAP68,1,0.1178572053,GSE120805
FXYD6,-1,NA,GSE120805
ARHGAP20,-1,0.2730838488,GSE120805
FXYD2,1,NA,GSE120805
MMP13,1,0.7852625334,GSE120805
CASP1,1,0.4809911631,GSE120805
ALKBH8,-1,0.5785743478,GSE120805
MAP2K5,1,0.9717481479,GSE120805
SQOR,1,0.6334433748,GSE120805
CTDSPL2,1,0.9985512346,GSE120805
SLTM,1,0.6997514331,GSE120805
THBS1,-1,1.73E-07,GSE120805
MAPKBP1,1,0.2919046814,GSE120805
NUSAP1,1,1.35E-06,GSE120805
NDUFAF1,-1,0.9028863963,GSE120805
KIF23,1,1.63E-05,GSE120805
ITGA11,-1,0.000156655136,GSE120805
KNL1,1,2.87E-07,GSE120805
HAUS2,-1,0.02089171139,GSE120805
RTF1,1,0.9061556487,GSE120805
PARP6,1,0.8399890244,GSE120805
RPLP1,-1,0.663458271,GSE120805
PAQR5,-1,0.0002987251706,GSE120805
LRRC49,1,0.7357650106,GSE120805
TUBGCP4,-1,0.4348449791,GSE120805
RMDN3,-1,0.9490293645,GSE120805
ITPKA,1,0.059199404,GSE120805
UACA,1,0.1538861356,GSE120805
SMAD6,1,0.2592972956,GSE120805
PLCB2,-1,0.04692329336,GSE120805
TMEM62,1,0.02844645722,GSE120805
PAK6,1,1.12E-14,GSE120805
BUB1B-PAK6,1,1.12E-14,GSE120805
ADAM10,-1,0.1976328883,GSE120805
DUOX1,1,6.64E-06,GSE120805
STRA6,-1,0.1440858886,GSE120805
CYP19A1,1,NA,GSE120805
ZNF280D,-1,0.8686901212,GSE120805
SEMA6D,-1,NA,GSE120805
BCL2L10,1,0.607270804,GSE120805
RSL24D1,-1,0.8513917675,GSE120805
SPTBN5,1,0.8720688415,GSE120805
GCOM1,-1,0.9108306243,GSE120805
GCHFR,1,1.69E-06,GSE120805
BCAR3,-1,1.88E-09,GSE120805
TTLL7,-1,0.4713644471,GSE120805
FNBP1L,1,0.5923022747,GSE120805
KYAT3,-1,0.9601697564,GSE120805
GTF2B,1,0.8359217284,GSE120805
BRDT,-1,NA,GSE120805
RABGGTB,-1,0.8626211996,GSE120805
IFI44L,-1,0.9663177167,GSE120805
GIPC2,1,0.3522234535,GSE120805
ARHGAP29,-1,0.01668857812,GSE120805
LOC105378858,-1,0.01668857812,GSE120805
IFI44,1,1.21E-06,GSE120805
SLC44A5,1,0.2081821045,GSE120805
RPL7P9,-1,0.01540449456,GSE120805
CLCA2,1,1.16E-29,GSE120805
DBT,-1,0.7164649333,GSE120805
RTCA,1,0.1196391045,GSE120805
IFT172,1,0.8195832852,GSE120805
SELENOI,-1,0.3410155602,GSE120805
CGREF1,-1,0.005246487111,GSE120805
HADHB,1,0.9131090672,GSE120805
KHK,1,0.6907096756,GSE120805
ADCY3,-1,2.95E-11,GSE120805
PPM1B,1,0.2305661267,GSE120805
PNPT1,-1,0.7928830693,GSE120805
DYNC2LI1,1,2.23E-05,GSE120805
THUMPD2,-1,0.3155938792,GSE120805
CYP1B1,-1,0.5834170332,GSE120805
SULT6B1,1,NA,GSE120805
RAB1A,-1,0.4524603241,GSE120805
ACTR2,-1,0.3458170012,GSE120805
PREB,-1,0.07359529968,GSE120805
SLC5A6,-1,1.23E-08,GSE120805
PREPL,1,0.00561112156,GSE120805
SLC3A1,-1,0.6318335809,GSE120805
EMILIN1,1,0.2132581397,GSE120805
FBXO11,-1,0.4068966828,GSE120805
SIX3,-1,0.7591079483,GSE120805
ATRAID,1,0.9018786091,GSE120805
CENPO,-1,0.7044944922,GSE120805
LRPPRC,-1,0.03725691908,GSE120805
TRIM54,1,0.5467233334,GSE120805
DTNB,1,0.9549276457,GSE120805
ACTR1A,1,0.07531388488,GSE120805
SLC68A1,1,0.2721721485,GSE120805
MYOF,-1,4.20E-05,GSE120805
LOXL4,1,0.2030412592,GSE120805
STAMBPL1,1,0.2574847614,GSE120805
CH25H,1,NA,GSE120805
ATAD1,1,0.4986021916,GSE120805
BTBD16,1,NA,GSE120805
KIF11,1,0.0001116609018,GSE120805
CUZD1,-1,0.6731137141,GSE120805
TACC2,-1,0.9615226058,GSE120805
DUSP5,1,2.57E-06,GSE120805
CALHM2,1,0.03295365112,GSE120805
ARL3,-1,0.06303146787,GSE120805
CEP55,1,0.007898389091,GSE120805
KIF20B,1,1.49E-11,GSE120805
ENTPD1,1,NA,GSE120805
EXOC6,1,0.3663787445,GSE120805
PLCE1,-1,7.30E-05,GSE120805
RBP4,1,0.7353071432,GSE120805
DBR1,-1,0.6445885733,GSE120805
DNAJC13,1,0.5297790616,GSE120805
GPR87,1,3.86E-38,GSE120805
ANXA7,1,0.6322969392,GSE120805
FAM149B1,1,0.4401260409,GSE120805
ASCC1,-1,0.1294573463,GSE120805
PLA2G12B,-1,0.9754308218,GSE120805
ZNF365,1,0.7607018811,GSE120805
OIT3,1,NA,GSE120805
ADAMTS14,-1,0.4341378844,GSE120805
RPS24,-1,0.7023712688,GSE120805
TET1,-1,0.1491997677,GSE120805
DNA2,-1,0.9178090841,GSE120805
MYPN,-1,0.01078325774,GSE120805
AOX1,1,0.8875071851,GSE120805
ATIC,-1,0.08008776056,GSE120805
SMARCAL1,-1,0.646308702,GSE120805
BARD1,-1,0.7311761692,GSE120805
STAT4,1,0.0001371148824,GSE120805
MSTN,-1,0.9347801161,GSE120805
CARF,1,4.44E-06,GSE120805
ASNSD1,-1,0.9803298543,GSE120805
METTL5,-1,0.8761208124,GSE120805
SSB,-1,0.0534844131,GSE120805
NAB1,-1,0.8457225764,GSE120805
CDK15,-1,0.655614425,GSE120805
PPIG,1,0.548933373,GSE120805
FASTKD1,1,0.9924411362,GSE120805
MDH1B,1,0.4854163496,GSE120805
HECW2,-1,9.89E-11,GSE120805
IDH1,-1,0.8700577184,GSE120805
OLA1,1,0.7070560905,GSE120805
CIRSR,1,0.8948047201,GSE120805
ITPRID2,1,0.8489218829,GSE120805
CHRNA1,-1,NA,GSE120805
FAM117B,1,0.941516198,GSE120805
WDR12,-1,0.03056434119,GSE120805
ABI2,1,0.9193594707,GSE120805
ITGAV,-1,0.01154844792,GSE120805
SLC40A1,1,0.7154036483,GSE120805
SLC35A5,1,0.08755890128,GSE120805
SLC49A4,1,1.98E-15,GSE120805
SENP7,1,0.6238192641,GSE120805
COX17,1,1.73E-13,GSE120805
PARP9,1,0.002818565189,GSE120805
MNS1,-1,0.277635153,GSE120805
USP8,1,0.6508940696,GSE120805
SECISBP2L,1,0.1067902828,GSE120805
TMOD3,-1,0.3740556999,GSE120805
SPPL2A,1,0.896630644,GSE120805
GLCE,1,0.7631098302,GSE120805
SHF,1,7.57E-11,GSE120805
APH1B,1,1.71E-08,GSE120805
INTS14,-1,0.2948280099,GSE120805
CILP,1,0.3945705633,GSE120805
PARP16,1,0.5198937125,GSE120805
PPCDC,-1,0.8110276492,GSE120805
HCN4,-1,0.5712906552,GSE120805
SEMA7A,1,0.001680836081,GSE120805
UBL7,1,0.1903610316,GSE120805
ARHGAP24,-1,0.5697667957,GSE120805
FAM13A,-1,0.03135160585,GSE120805
HERC3,1,0.1401762532,GSE120805
HERC6,1,3.05E-06,GSE120805
HERC5,1,1.27E-08,GSE120805
PCDH10,-1,0.006229559566,GSE120805
NDST4,1,0.001330383719,GSE120805
ZGRF1,1,0.7821381479,GSE120805
AP1AR,-1,0.5556193425,GSE120805
COPS4,1,0.8016879668,GSE120805
HNRNPD,-1,0.06960345846,GSE120805
PRKG2,-1,0.7675956077,GSE120805
RASGEF1B,-1,NA,GSE120805
SEC31A,-1,0.001943017229,GSE120805
FGF5,-1,0.1303665223,GSE120805
GPAT3,-1,0.9689958598,GSE120805
FGF2,-1,0.8645432829,GSE120805
BBS7,1,0.3096927007,GSE120805
BLTP1,1,0.2172094353,GSE120805
BMPR1B,-1,0.2799180248,GSE120805
RAP1GDS1,-1,0.002690202388,GSE120805
LARP1B,-1,0.6708561241,GSE120805
MMRN1,-1,NA,GSE120805
PDE5A,1,0.8345976928,GSE120805
PRDM5,-1,0.8791792716,GSE120805
TRPC3,-1,0.001917576947,GSE120805
NAAA,-1,0.7767844718,GSE120805
NUP54,-1,0.7500587211,GSE120805
BMP2K,-1,0.3846310976,GSE120805
G3BP2,-1,0.4797334736,GSE120805
SEPTIN11,-1,6.45E-11,GSE120805
FRAS1,-1,2.44E-06,GSE120805
SCARB2,1,0.614053713,GSE120805
CCNG2,1,0.5814127606,GSE120805
CNOT6L,1,0.8231824544,GSE120805
USO1,-1,0.9640615679,GSE120805
CDKL2,-1,0.625097996,GSE120805
SHROOM3,1,0.6317849199,GSE120805
ANXA3,-1,0.002583730807,GSE120805
PPA2,-1,0.9946733258,GSE120805
CENPE,1,4.33E-10,GSE120805
GSTCD,1,0.7579697742,GSE120805
INTS12,-1,0.5431285669,GSE120805
ENPEP,-1,0.009937824051,GSE120805
CASP6,1,0.7095060978,GSE120805
LEF1,-1,0.00618241761,GSE120805
HADH,-1,0.03594110734,GSE120805
EGF,1,4.77E-29,GSE120805
PAPSS1,-1,0.4188316488,GSE120805
SEC24B,1,0.9981070468,GSE120805
PPP3CA,-1,0.06857365938,GSE120805
SLC39A8,-1,0.9551024362,GSE120805
MTTP,1,0.7920951396,GSE120805
FBN2,-1,0.09797584646,GSE120805
MAPK8IP3,1,0.95432123,GSE120805
RGS3,1,0.325858929,GSE120805
GUCD1,1,0.7167832446,GSE120805
RNF185,-1,0.04138592216,GSE120805
SHISAL1,-1,4.01E-10,GSE120805
PARVG,1,0.92941795,GSE120805
B4GALNT3,1,0.7261111462,GSE120805
ERP27,-1,NA,GSE120805
ETV6,-1,0.3344407287,GSE120805
GABARAPL1,1,1.68E-07,GSE120805
KIF21A,-1,0.5798017168,GSE120805
CPNE8,1,0.8731377398,GSE120805
YARS2,-1,0.759014108,GSE120805
FGD4,1,0.02420755535,GSE120805
ALG10,1,0.3332298959,GSE120805
PIK3C2G,1,NA,GSE120805
SINHCAF,-1,0.783895541,GSE120805
PLCZ1,1,NA,GSE120805
AEBP2,1,0.4328287014,GSE120805
SLCO1C1,-1,NA,GSE120805
ETFBKMT,1,0.5036624529,GSE120805
ETNK1,1,0.5016264272,GSE120805
ZCRB1,1,0.4944103256,GSE120805
TMEM117,-1,0.5024514248,GSE120805
PRICKLE1,-1,1.68E-07,GSE120805
C1RL,1,0.001481478492,GSE120805
NDUFA9,1,0.9839789748,GSE120805
CLSTN3,1,0.002722891162,GSE120805
KLRG1,-1,0.4309964481,GSE120805
VAMP1,1,0.07399897497,GSE120805
TAPBPL,-1,0.8070582264,GSE120805
CD27,-1,NA,GSE120805
RBP5,1,0.7524407928,GSE120805
PEX5,1,0.8761552203,GSE120805
PIANP,1,0.8579832867,GSE120805
SLC38A4,-1,0.0009045457545,GSE120805
AMIGO2,-1,0.0001121938903,GSE120805
SCAF11,-1,0.3818689877,GSE120805
COL2A1,1,0.04327047569,GSE120805
PPFIA2,-1,0.1461611404,GSE120805
ANP32D,-1,0.5780330509,GSE120805
LLPH,1,0.8739294776,GSE120805
RPL14P1,-1,0.7007766466,GSE120805
LRIG3,-1,3.79E-14,GSE120805
MARCHF9,1,3.86E-06,GSE120805
INHBE,-1,0.0002850557872,GSE120805
GLIPR1,-1,0.0002643174678,GSE120805
TPH2,1,NA,GSE120805
PHLDA1,1,0.879041159,GSE120805
TMEM19,1,3.49E-17,GSE120805
LGR5,1,NA,GSE120805
PTPRQ,-1,0.0306965147,GSE120805
DUSP6,1,0.003949202394,GSE120805
POC1B,1,0.9076290027,GSE120805
POC1B-DUSP6,1,0.9076290027,GSE120805
TMTC3,1,0.6184910109,GSE120805
LUM,-1,0.001130019084,GSE120805
SNRPF,-1,0.2181273136,GSE120805
AMDHD1,1,0.09847642343,GSE120805
NEDD1,-1,0.9469076172,GSE120805
SYCP3,-1,0.8619449408,GSE120805
GAS2L3,1,2.36E-10,GSE120805
TMEM132B,1,NA,GSE120805
SLC15A4,-1,3.83E-09,GSE120805
TDG,-1,0.03431612422,GSE120805
RITA1,-1,0.01312747539,GSE120805
SDSL,1,0.008797384337,GSE120805
MMAB,-1,0.8919213535,GSE120805
GLTP,1,0.007490086429,GSE120805
GIT2,1,0.7526091565,GSE120805
TCHP,-1,0.5434770792,GSE120805
FAM222A,-1,0.8611143121,GSE120805
NUP58,1,0.4848525463,GSE120805
MTMR6,1,0.3635546368,GSE120805
SLC46A3,1,2.85E-13,GSE120805
SLC7A1,-1,0.05691859213,GSE120805
LNX2,-1,0.1614373476,GSE120805
SUOX,-1,0.1722823608,GSE120805
DRC2,1,0.0894521151,GSE120805
SLC39A5,1,0.9828206648,GSE120805
TARBP2,-1,0.7314388548,GSE120805
RDH16,1,0.3195524767,GSE120805
DHH,1,0.1032401033,GSE120805
ACVRL1,1,0.0001602292211,GSE120805
GPR84,1,NA,GSE120805
NABP2,1,0.1530453551,GSE120805
N4BP2L1,1,4.13E-15,GSE120805
CELA1,1,0.2203154111,GSE120805
SMARCC2,1,0.8142104649,GSE120805
BRCA2,1,0.8375834418,GSE120805
KANSL2,1,0.8543600472,GSE120805
CERS5,-1,0.4265457471,GSE120805
MAP3K12,1,0.0002138590084,GSE120805
ITGB7,-1,0.9446584103,GSE120805
GALNT6,1,8.51E-05,GSE120805
CSAD,-1,0.5271746657,GSE120805
LMBR1L,1,2.19E-05,GSE120805
MYG1,-1,0.02924157005,GSE120805
ESYT1,-1,0.4701925786,GSE120805
TMBIM6,1,0.09648052089,GSE120805
ANKRD52,-1,0.8878131176,GSE120805
ZNF740,1,0.8494466289,GSE120805
WDFY2,-1,0.06172484132,GSE120805
HNRNPA1L2,-1,0.5768626124,GSE120805
LPAR6,-1,0.9003965158,GSE120805
ESD,-1,0.08979966948,GSE120805
RB1,1,0.6386620409,GSE120805
SBNO1,1,0.2320916314,GSE120805
MORN3,1,7.18E-06,GSE120805
SETD1B,-1,0.881648799,GSE120805
VPS33A,-1,0.9526640177,GSE120805
VPS37B,-1,0.628552169,GSE120805
RHOF,1,0.9469296439,GSE120805
DENR,-1,0.9569030237,GSE120805
DIAPH3,1,0.4265972844,GSE120805
SLAIN1,1,0.2049513181,GSE120805
RBM26,-1,0.982857564,GSE120805
MBNL2,-1,0.9336943034,GSE120805
ABHD13,-1,0.7931883703,GSE120805
RAB20,-1,0.006254161529,GSE120805
GRTP1,1,NA,GSE120805
CUL4A,-1,0.1051595254,GSE120805
TTC6,-1,NA,GSE120805
CDH24,1,0.999335329,GSE120805
REM2,1,0.9476464379,GSE120805
CBLN3,1,0.008501726504,GSE120805
TSSK4,-1,NA,GSE120805
NOVA1,-1,NA,GSE120805
FITM1,-1,0.7201616951,GSE120805
TMX1,1,0.9998562827,GSE120805
FRMD6,-1,0.0009865860669,GSE120805
PELI2,-1,0.3959907419,GSE120805
RTN1,1,0.6735230385,GSE120805
ARMH4,1,0.06564109557,GSE120805
SYT16,-1,0.003380500129,GSE120805
SLC38A6,1,0.1932622932,GSE120805
NAA30,1,0.5586299886,GSE120805
ADAM21,1,0.00592249103,GSE120805
RDH12,1,0.001186438788,GSE120805
DCAF5,1,0.006827292133,GSE120805
RAB15,1,0.7172982078,GSE120805
WDR89,-1,0.6383497171,GSE120805
ESR2,1,0.9478439553,GSE120805
KCNH5,1,0.9047867494,GSE120805
STON2,1,0.5520859358,GSE120805
EFCAB11,1,0.0005018440652,GSE120805
GPR65,-1,NA,GSE120805
PTGR2,1,0.0001504346255,GSE120805
JDP2,-1,0.009272201642,GSE120805
AK7,1,0.2535030949,GSE120805
SLC24A4,1,NA,GSE120805
FBLN5,1,0.5878136093,GSE120805
CLBA1,1,4.26E-06,GSE120805
WARS1,-1,0.02935785793,GSE120805
SLC25A47,1,NA,GSE120805
WDR20,1,0.7927138613,GSE120805
NIPA2,-1,0.4379824076,GSE120805
SLC12A6,1,0.001063463833,GSE120805
DUOXA1,1,NA,GSE120805
MFAP1,1,0.8489311401,GSE120805
TCF12,-1,0.8041936936,GSE120805
SORD,-1,3.90E-05,GSE120805
SERF2,-1,0.9336943034,GSE120805
ZSCAN29,1,8.10E-05,GSE120805
DUOX2,1,NA,GSE120805
LYSMD2,-1,0.955242683,GSE120805
SLC27A2,1,0.4744424394,GSE120805
FGF7,1,0.817834047,GSE120805
HDC,1,NA,GSE120805
GCNT3,1,NA,GSE120805
BNIP2,1,0.3930397505,GSE120805
GTF2A2,-1,0.943072181,GSE120805
SRP14,-1,0.7210734026,GSE120805
BAHD1,-1,0.8462355619,GSE120805
DISP2,1,0.019315626,GSE120805
CDAN1,1,0.001825177441,GSE120805
TLE3,-1,0.001425742653,GSE120805
ANP32A,-1,0.0004278930004,GSE120805
COMMD4,1,0.7190764785,GSE120805
UBE2Q2,1,0.809069295,GSE120805
PSTPIP1,1,0.9076290027,GSE120805
ETFA,1,0.8670994632,GSE120805
BCL2A1,1,0.4247899422,GSE120805
HMG20A,-1,0.8895756381,GSE120805
SCAPER,1,4.57E-08,GSE120805
TSPAN3,1,0.07344804633,GSE120805
SKIC8,-1,0.8739651195,GSE120805
NCOA2,1,0.917648413,GSE120805
NEIL1,1,0.06644732912,GSE120805
MAN2C1,-1,0.9346684462,GSE120805
DNAJA4,1,NA,GSE120805
TLNRD1,-1,0.1298825088,GSE120805
TPM1,-1,6.45E-08,GSE120805
IGF1R,-1,0.01838344603,GSE120805
ARRDC4,-1,0.7581750798,GSE120805
PIF1,1,0.000699870449,GSE120805
USP3,-1,6.08E-06,GSE120805
CYP11A1,1,0.02317064609,GSE120805
BBS4,1,0.0002689536156,GSE120805
PML,1,0.8944383898,GSE120805
CYP1A1,1,0.08662796116,GSE120805
ADAMTS17,1,0.05047156799,GSE120805
LINS1,-1,0.8903107196,GSE120805
ULK3,1,0.6189711907,GSE120805
PCSK6,-1,NA,GSE120805
CCDC33,1,0.6472498921,GSE120805
SCAMP2,-1,0.9202200065,GSE120805
CYP1A2,1,NA,GSE120805
LMAN1L,1,NA,GSE120805
HAPLN3,1,0.1005480281,GSE120805
POLG,-1,0.4758240349,GSE120805
RLBP1,1,NA,GSE120805
FANCI,1,0.8735086636,GSE120805
ABHD2,1,0.9855006059,GSE120805
WDR93,1,0.862861157,GSE120805
TICRR,-1,0.4551175061,GSE120805
NTRK3,-1,0.01302651884,GSE120805
DET1,-1,0.09295214125,GSE120805
MFGE8,-1,0.9855006059,GSE120805
ZNF710,-1,0.9876394238,GSE120805
UNC45A,1,0.2435290275,GSE120805
MCTP2,-1,NA,GSE120805
FURIN,1,0.7215774228,GSE120805
IQGAP1,-1,0.7899486923,GSE120805
CRTC3,-1,0.6096807311,GSE120805
EFL1,1,0.9336842607,GSE120805
SH3GL3,1,0.9855006059,GSE120805
SEC11A,-1,0.8515955237,GSE120805
SEPTIN12,-1,NA,GSE120805
GLYR1,1,0.9575818524,GSE120805
PMM2,-1,2.10E-06,GSE120805
LOC100130283,-1,2.10E-06,GSE120805
SLC5A2,-1,0.8973058652,GSE120805
ITGAX,1,0.004339755908,GSE120805
TGFB1I1,-1,0.02741065144,GSE120805
RUSF1,1,0.3327629518,GSE120805
ARMC5,-1,0.2163770642,GSE120805
PARN,1,0.5168155775,GSE120805
FTO,-1,0.9096701176,GSE120805
UQCRC2,1,0.8442511698,GSE120805
CDR2,-1,5.75E-08,GSE120805
ARHGAP17,-1,0.7537379411,GSE120805
MYLK3,1,0.01223426032,GSE120805
ABCC12,-1,NA,GSE120805
NKD1,1,NA,GSE120805
DHX38,1,0.5302650352,GSE120805
TXNL4B,-1,0.4961752093,GSE120805
MARVELD3,-1,NA,GSE120805
CHST4,-1,NA,GSE120805
ZFHX3,-1,0.8468008324,GSE120805
CLEC18B,1,0.6976244436,GSE120805
LOC124907806,1,0.6976244436,GSE120805
LOC128966624,1,0.6976244436,GSE120805
CPNE2,-1,0.1141262667,GSE120805
NLRC5,-1,0.1588202453,GSE120805
KATNB1,-1,0.04456341694,GSE120805
KIFC3,-1,0.6795873448,GSE120805
ADAMTS18,1,0.9426449311,GSE120805
NUDT7,1,NA,GSE120805
GCSH,-1,0.1883360186,GSE120805
CMTM3,-1,0.9240303349,GSE120805
CMTM2,1,NA,GSE120805
CDH11,-1,0.001368267403,GSE120805
NOL3,1,0.3563015379,GSE120805
MAP1LC3B,-1,0.5597044119,GSE120805
MBTPS1,1,0.8459462702,GSE120805
CDH13,-1,3.13E-06,GSE120805
ZCCHC14,1,0.8760815417,GSE120805
MEAK7,1,0.6632198394,GSE120805
ADAD2,1,NA,GSE120805
OSGIN1,1,0.8424108354,GSE120805
RHOT2,-1,0.98665244,GSE120805
RPL3L,-1,0.9531161924,GSE120805
ZSCAN32,-1,0.4203474333,GSE120805
RPS2,-1,0.004709402628,GSE120805
NDUFB10,-1,0.03606515827,GSE120805
PDPK1,1,0.9919039998,GSE120805
TIGD7,1,0.1593489672,GSE120805
DEF8,-1,0.8678273995,GSE120805
TCF25,-1,0.6664867851,GSE120805
GALNS,-1,0.9615226058,GSE120805
DRC4,1,3.89E-06,GSE120805
MED9,-1,0.225599475,GSE120805
NCOR1,1,0.9272238729,GSE120805
COPS3,1,0.8820030483,GSE120805
GID4,1,0.8468783632,GSE120805
ZNF287,1,0.4094277639,GSE120805
MYOCD,-1,1.01E-07,GSE120805
KSR1,1,0.2023392367,GSE120805
UTP4,-1,0.003743980289,GSE120805
RANBP10,1,0.7942674678,GSE120805
CTRL,-1,NA,GSE120805
GFOD2,1,8.42E-05,GSE120805
NOB1,-1,0.0004126916499,GSE120805
PRPSAP2,1,0.8949386747,GSE120805
UNC45B,1,4.15E-07,GSE120805
PCTP,1,0.3012236768,GSE120805
TOM1L1,1,0.5887019624,GSE120805
MTNAP1,1,0.4831816634,GSE120805
TOB1,1,0.003869478444,GSE120805
VPS53,-1,0.8892009803,GSE120805
SGSM2,1,0.5247385546,GSE120805
NPEPPS,1,0.5786054185,GSE120805
SKAP1,-1,0.5739818168,GSE120805
LRRC46,-1,0.810579937,GSE120805
SCRN2,1,0.03172403773,GSE120805
SSH2,-1,0.956944683,GSE120805
RHBDL3,1,0.0001917383575,GSE120805
ARSG,1,0.4306504594,GSE120805
ABCA8,1,0.001193113338,GSE120805
G6PC3,-1,0.9589197089,GSE120805
CLTC,1,0.8142104649,GSE120805
CHCT1,1,0.7452618491,GSE120805
BCAS3,1,5.31E-26,GSE120805
PTRH2,-1,0.08990005184,GSE120805
SS18,1,0.001606585563,GSE120805
TAF4B,-1,5.62E-07,GSE120805
AFG3L2,-1,0.9585768931,GSE120805
PRELID3A,-1,0.2643190388,GSE120805
IMPA2,-1,0.00118200957,GSE120805
GNAL,-1,0.5705634007,GSE120805
SLC39A6,-1,0.8832755616,GSE120805
RPRD1A,1,0.8447312454,GSE120805
RMP24,1,0.9801010023,GSE120805
GALNT1,1,0.9015590517,GSE120805
MEP1B,-1,0.8212709678,GSE120805
SLC25A52,1,NA,GSE120805
GAREM1,-1,0.8724266855,GSE120805
ESCO1,1,0.8226983537,GSE120805
OSBPL1A,-1,0.009311032433,GSE120805
GATA6,-1,0.6796128416,GSE120805
GREB1L,-1,0.9037429255,GSE120805
RMC1,1,0.519852551,GSE120805
PELP1,-1,0.9053490459,GSE120805
NPC1,1,0.7206798135,GSE120805
ARRB2,-1,0.2743861992,GSE120805
SLC13A5,1,0.5496124566,GSE120805
ZMYND15,1,0.7922199333,GSE120805
WRAP53,1,0.437741403,GSE120805
MINK1,1,0.9868918788,GSE120805
SAT2,1,7.96E-07,GSE120805
ASGR1,1,0.2601957199,GSE120805
PIK3R5,1,NA,GSE120805
TP53,-1,0.3656910476,GSE120805
CCDC40,1,0.2129041773,GSE120805
ARHGDIA,-1,0.3542547043,GSE120805
TMC6,1,0.8660790398,GSE120805
SLC16A3,-1,0.0006414026262,GSE120805
CARD14,1,0.2542372871,GSE120805
TTYH2,-1,0.1499361481,GSE120805
RAB40B,1,0.6322969392,GSE120805
EIF4A3,-1,0.5121403836,GSE120805
CSNK1D,-1,0.6564789241,GSE120805
ANAPC11,-1,0.7452618491,GSE120805
TBCD,-1,0.1278836983,GSE120805
FN3KRP,1,0.3437204828,GSE120805
NARF,-1,0.03737642876,GSE120805
RPTOR,-1,0.9861142353,GSE120805
FOXK2,-1,0.6940017205,GSE120805
TRIM65,-1,3.98E-10,GSE120805
CBX8,-1,0.8929248421,GSE120805
SECTM1,1,2.24E-09,GSE120805
RNF157,1,0.7251545004,GSE120805
CEP131,1,0.4055410812,GSE120805
WDR45B,1,0.8439983965,GSE120805
CBX4,1,0.8703039427,GSE120805
ARK2C,-1,NA,GSE120805
DYM,-1,0.831814405,GSE120805
ELAC1,1,0.0001300755348,GSE120805
MBD1,1,0.159452722,GSE120805
SMAD4,-1,0.4133277206,GSE120805
TNFRSF11A,1,5.67E-12,GSE120805
ZCCHC2,-1,0.05830368419,GSE120805
FBXO15,1,0.2016927036,GSE120805
CBLN2,-1,3.15E-08,GSE120805
PMAIP1,1,0.3026588516,GSE120805
P3H4,-1,0.08491322013,GSE120805
NT5C3B,1,0.3008701656,GSE120805
RETREG3,1,7.56E-05,GSE120805
ERBB2,1,0.7517643471,GSE120805
GRB7,-1,0.7021916836,GSE120805
MIEN1,1,0.354160472,GSE120805
PNMT,1,0.7503944615,GSE120805
ARL5C,-1,NA,GSE120805
STAC2,-1,0.8312931847,GSE120805
IGFBP4,1,0.5523165786,GSE120805
FKBP10,-1,0.05705239608,GSE120805
TXNL4A,-1,0.8463856024,GSE120805
CACNA1A,1,NA,GSE120805
MISP3,1,0.176465934,GSE120805
SAMD1,-1,1.47E-10,GSE120805
BRD4,-1,0.9043841185,GSE120805
SLC39A3,1,0.2190562307,GSE120805
NFIC,-1,0.8715903935,GSE120805
TPGS1,1,0.09770182657,GSE120805
PLPP2,-1,0.6156262921,GSE120805
PRDM15,-1,0.009550442752,GSE120805
PFKL,-1,0.7631098302,GSE120805
FEM1A,-1,0.7055891348,GSE120805
VAV1,-1,NA,GSE120805
MVB12A,1,0.1245576725,GSE120805
CIB3,1,NA,GSE120805
SH3GL1,-1,0.8503115397,GSE120805
DUS3L,-1,0.8111156406,GSE120805
DPP9,-1,0.8815556065,GSE120805
CCDC97,-1,0.5386726485,GSE120805
TMEM91,1,0.4115921315,GSE120805
ZFP14,1,0.4694460664,GSE120805
SIRT3,1,0.5038446849,GSE120805
IFITM3,-1,0.7631098302,GSE120805
PGGHG,-1,0.9100085886,GSE120805
COL6A1,1,0.979687103,GSE120805
IFNAR1,1,0.2666724622,GSE120805
SOD1,1,0.8034569686,GSE120805
COL6A2,-1,0.9416652771,GSE120805
TRPM2,1,0.681115333,GSE120805
SCYL1,-1,0.8056378136,GSE120805
TMEM50B,1,0.003019906575,GSE120805
APP,-1,0.09255186631,GSE120805
DOP1B,-1,0.008708020241,GSE120805
URB1,-1,0.0004024114236,GSE120805
AKT1,1,0.8056912545,GSE120805
IL19,1,NA,GSE120805
EMP3,-1,0.3160759186,GSE120805
SAE1,-1,0.8846373952,GSE120805
NTN5,1,0.5168134822,GSE120805
LMTK3,1,0.7942674678,GSE120805
GEMIN7,-1,0.6676640297,GSE120805
WTIP,1,0.3896618618,GSE120805
ADAMTS10,-1,NA,GSE120805
SLC6A3,-1,NA,GSE120805
RNPEPL1,-1,0.8896436593,GSE120805
CAPN10,1,0.8672478885,GSE120805
MYO1F,1,0.1540002868,GSE120805
ERVK3-1,-1,0.6889330446,GSE120805
NLRP12,-1,NA,GSE120805
CACNG8,1,0.6334433748,GSE120805
ZNF787,1,0.6371651134,GSE120805
TIMM29,1,0.3002497314,GSE120805
CARM1,-1,0.09766217348,GSE120805
EVI5L,1,1.66E-07,GSE120805
SLC47A1,1,7.61E-13,GSE120805
PSMB6,1,0.7800961203,GSE120805
ZNF473,-1,0.006868581666,GSE120805
GARIN5A,1,0.6486393345,GSE120805
RPS11,-1,0.7899245925,GSE120805
RPL13A,-1,0.7553912688,GSE120805
CTU1,-1,0.1645657383,GSE120805
NOSIP,1,0.08826368326,GSE120805
RCN3,-1,0.001401625811,GSE120805
ZNF614,-1,0.08583607427,GSE120805
SLC2A5,1,0.2415591976,GSE120805
RERE,-1,0.8830353158,GSE120805
MMEL1,1,NA,GSE120805
CFAP74,1,9.01E-05,GSE120805
PRDM16,1,NA,GSE120805
PADI3,1,1.79E-12,GSE120805
FHAD1,1,0.3178613396,GSE120805
PADI1,1,0.0679586944,GSE120805
EPHA2,1,0.325858929,GSE120805
ARHGEF19,1,0.5681480979,GSE120805
EFHD2,-1,0.1182757567,GSE120805
PEX14,1,0.5305841758,GSE120805
PGD,-1,0.6513400894,GSE120805
MYOM3,1,0.4347783174,GSE120805
SH3BGRL3,-1,0.5416956639,GSE120805
CNKSR1,-1,0.3127382417,GSE120805
RPL11,-1,0.8859432095,GSE120805
IL22RA1,1,0.886854954,GSE120805
ZNF593,-1,0.00275935474,GSE120805
C1orf216,1,0.4031508516,GSE120805
KIAA0319L,1,0.1550612834,GSE120805
EVA1B,1,0.1070506011,GSE120805
DMRTA2,1,0.1382291741,GSE120805
PLK4,-1,0.0006105238389,GSE120805
MAP3K6,-1,0.009550442752,GSE120805
GPN2,1,0.4079635452,GSE120805
SYTL1,1,0.001446741309,GSE120805
WDTC1,1,0.1919744356,GSE120805
NBPF3,1,0.004117608356,GSE120805
HSPG2,-1,0.09106733234,GSE120805
ITGB3BP,1,0.8432964196,GSE120805
SERBP1,-1,0.0001129309338,GSE120805
BCL10,-1,0.9717711723,GSE120805
CCN1,-1,0.0004221318746,GSE120805
PRKACB,-1,0.7758433771,GSE120805
PIGK,1,0.1220988998,GSE120805
TINAGL1,1,0.3555491505,GSE120805
AZIN2,1,0.3729979294,GSE120805
RPS8,-1,0.6577269176,GSE120805
KIF2C,1,3.67E-12,GSE120805
PTPRF,-1,0.006344679011,GSE120805
BEST4,1,0.9426769223,GSE120805
MOB3C,1,0.01493035991,GSE120805
TMEM61,-1,0.6182978535,GSE120805
LMO4,-1,0.0004631014898,GSE120805
SYPL2,1,0.02947061476,GSE120805
MTF2,1,0.03403082786,GSE120805
SLC44A3,1,6.99E-09,GSE120805
IGSF3,-1,0.964443069,GSE120805
ZNF697,1,0.1320369468,GSE120805
CTTNBP2NL,1,0.9272238729,GSE120805
STRIP1,-1,0.9097291844,GSE120805
PSMA5,1,0.9108306243,GSE120805
FNDC7,1,0.3958064993,GSE120805
C1orf162,-1,0.166419706,GSE120805
CELSR2,-1,0.9540321138,GSE120805
ITGA10,1,0.3603146007,GSE120805
GPR161,-1,0.1509650201,GSE120805
ALDH9A1,1,0.7085412629,GSE120805
ATP1B1,-1,0.13698327,GSE120805
TIPRL,1,0.8145760719,GSE120805
NME7,1,0.7907902617,GSE120805
POGK,-1,1.51E-10,GSE120805
MPC2,1,0.003778409819,GSE120805
CREG1,1,0.3956197021,GSE120805
DCAF6,1,0.8853252014,GSE120805
GPA33,1,NA,GSE120805
RXRG,1,NA,GSE120805
TBX19,-1,0.6640368495,GSE120805
UCK2,-1,2.23E-10,GSE120805
TMCO1,1,0.9538344829,GSE120805
POU2F1,-1,0.9274492847,GSE120805
MAEL,1,NA,GSE120805
ILDR2,1,0.003536904466,GSE120805
MGST3,-1,0.4769226586,GSE120805
ADCY10,1,0.1533461173,GSE120805
COP1,1,0.8663191106,GSE120805
NECTIN4,1,1.45E-35,GSE120805
UFC1,1,0.8895756381,GSE120805
PPOX,1,0.01397844322,GSE120805
FCGR2A,1,0.6602663513,GSE120805
NUF2,1,1.03E-05,GSE120805
RGS5,1,0.0001616625247,GSE120805
SDHC,1,0.6184910109,GSE120805
PFDN2,-1,0.2161519816,GSE120805
NR1I3,1,NA,GSE120805
USP21,-1,0.8432964196,GSE120805
F13B,-1,NA,GSE120805
PRCC,-1,0.8666988767,GSE120805
METTL25B,1,0.2381725249,GSE120805
MRPL24,-1,1.38E-05,GSE120805
PIGM,1,0.277635153,GSE120805
CASQ1,-1,0.9733130644,GSE120805
ISG20L2,-1,0.02401102352,GSE120805
CRABP2,-1,0.01966510358,GSE120805
HDGF,-1,0.8157949729,GSE120805
ABL2,1,0.03480081615,GSE120805
XPR1,1,0.7586537877,GSE120805
RGS16,1,NA,GSE120805
TOR1AIP1,-1,0.9374622547,GSE120805
HMCN1,1,0.5864276427,GSE120805
RGL1,1,7.09E-05,GSE120805
LYPLAL1,1,0.6756754581,GSE120805
LHX9,-1,0.3354011502,GSE120805
PRUNE1,1,0.5454234658,GSE120805
RORC,1,NA,GSE120805
TUFT1,-1,0.0189887183,GSE120805
SF3B4,-1,0.7519692944,GSE120805
ECM1,1,0.9854144492,GSE120805
ZNF687,-1,0.3287109396,GSE120805
TARS2,-1,0.6756949991,GSE120805
CGN,1,0.0005426673109,GSE120805
SNX27,1,0.9240303349,GSE120805
SETDB1,-1,0.3742534968,GSE120805
ADAMTSL4,-1,0.4931135982,GSE120805
MCL1,1,0.5636568853,GSE120805
ADAMTSL4-AS1,1,0.5636568853,GSE120805
CTSK,-1,0.5222493723,GSE120805
RFX5,1,2.05E-14,GSE120805
PI4KB,1,0.9376197674,GSE120805
PIP5K1A,1,0.7199608635,GSE120805
ANP32E,-1,0.3840072609,GSE120805
MINDY1,1,0.0002818785287,GSE120805
ANXA9,1,1.38E-05,GSE120805
SELENBP1,1,0.6897239393,GSE120805
CERS2,1,0.879041159,GSE120805
ENSA,1,0.1475522021,GSE120805
SEMA6C,1,0.1650624532,GSE120805
MRPL9,-1,0.3712589267,GSE120805
ARNT,-1,0.6852973291,GSE120805
POGZ,-1,0.6126540404,GSE120805
C1orf56,1,0.5501030729,GSE120805
OAZ3,1,0.1093530172,GSE120805
HORMAD1,-1,NA,GSE120805
GOLPH3L,1,0.9140007152,GSE120805
GABPB2,-1,0.6855588406,GSE120805
SYT14,1,0.05660736956,GSE120805
KCNH1,-1,1.32E-26,GSE120805
DTL,-1,0.01051727105,GSE120805
DYRK3,1,0.08214470206,GSE120805
EIF2D,1,0.03172403773,GSE120805
INTS7,-1,0.1652314548,GSE120805
VASH2,-1,0.07670112155,GSE120805
TAF1A,-1,0.2002537054,GSE120805
SMYD2,-1,0.18844828,GSE120805
SUSD4,1,0.98665244,GSE120805
DUSP10,1,0.8785503588,GSE120805
HHIPL2,-1,5.49E-07,GSE120805
TP53BP2,-1,0.4551175061,GSE120805
ATP8B2,1,0.6371651134,GSE120805
ADAM15,-1,0.7331395968,GSE120805
JTB,1,0.905767836,GSE120805
RAB13,1,0.1555554433,GSE120805
TPM3,-1,5.81E-07,GSE120805
NUP210L,1,0.2248691223,GSE120805
SNAPIN,-1,0.7850911553,GSE120805
SLC27A3,-1,0.4153546276,GSE120805
S100A7,1,NA,GSE120805
UBAP2L,-1,0.9689958598,GSE120805
SLC39A1,-1,0.850797206,GSE120805
HAX1,1,0.4496757412,GSE120805
CREB3L4,1,0.0004202857707,GSE120805
EFNA3,-1,0.004628331874,GSE120805
AQP10,1,NA,GSE120805
KCNN3,-1,NA,GSE120805
LTAP1,-1,0.6064361286,GSE120805
GATAD2B,-1,0.9954685022,GSE120805
ILF2,1,0.8146145112,GSE120805
RIT1,1,0.3927902325,GSE120805
INTS3,-1,0.99486317,GSE120805
PKLR,-1,NA,GSE120805
HCN3,1,0.2916804695,GSE120805
FLG,-1,0.0003289385322,GSE120805
ACTA1,-1,0.04070789649,GSE120805
FSAF1,-1,0.938239448,GSE120805
GALNT2,-1,0.00275935474,GSE120805
TTC13,-1,0.2430799251,GSE120805
SCCPDH,-1,0.967605218,GSE120805
LYST,-1,0.2780760274,GSE120805
MAP3K21,-1,0.01017378248,GSE120805
CEP170,-1,0.03875220681,GSE120805
ACP1,1,0.8964867916,GSE120805
SNAP47,1,0.3774443451,GSE120805
SRP9,1,0.770169127,GSE120805
NVL,-1,0.964443069,GSE120805
SDE2,1,0.2740006414,GSE120805
DEGS1,-1,0.5927501656,GSE120805
FBXO28,1,0.5828388116,GSE120805
ARF1,-1,0.7712575514,GSE120805
CNIH4,1,0.8619449408,GSE120805
ITPKB,1,0.1307772215,GSE120805
GUK1,-1,0.7745934267,GSE120805
CDC42BPA,1,0.9981070468,GSE120805
CNIH3,1,0.9301785725,GSE120805
C1orf35,-1,0.4303634567,GSE120805
MBOAT2,-1,0.1416096328,GSE120805
PARP1,-1,0.4362101886,GSE120805
PSEN2,1,0.3756216892,GSE120805
PYCR2,1,0.2480392391,GSE120805
LBR,1,0.7183484387,GSE120805
WNT9A,1,0.1792082805,GSE120805
EPHX1,-1,0.964443069,GSE120805
REN,1,NA,GSE120805
SOX13,-1,0.9941197656,GSE120805
ETNK2,1,4.10E-07,GSE120805
PPFIA4,-1,3.93E-10,GSE120805
PLEKHA6,-1,0.8850180646,GSE120805
PTPN7,1,0.003141668881,GSE120805
SYT2,-1,0.04769324553,GSE120805
ARL8A,1,0.004270070668,GSE120805
OSR1,1,0.7672238484,GSE120805
GDF7,1,0.1969732484,GSE120805
PDIA6,-1,0.0001156021416,GSE120805
RHOB,-1,0.3503685696,GSE120805
ATP6V1C2,-1,0.9312988021,GSE120805
HNRNPLL,1,0.06186279908,GSE120805
GALM,1,0.0003754590234,GSE120805
CAMKMT,-1,0.07018138471,GSE120805
EML4,-1,0.2450798119,GSE120805
CALM2,1,0.6835810192,GSE120805
CHAC2,-1,0.9392814633,GSE120805
RPS27A,-1,0.9037429255,GSE120805
WDPCP,1,0.09111953205,GSE120805
VPS54,1,0.3122618995,GSE120805
ASXL2,-1,0.7455462281,GSE120805
ETAA1,1,0.9404429565,GSE120805
SNRPG,-1,0.8217943951,GSE120805
ABHD1,1,0.5934904578,GSE120805
MEIS1,-1,6.72E-06,GSE120805
TRIM43,-1,NA,GSE120805
TRIM43B,-1,NA,GSE120805
CIAO1,1,0.952118999,GSE120805
ZNF514,1,0.5571266881,GSE120805
SNRNP200,-1,0.8420174099,GSE120805
MRPS5,-1,0.4326869298,GSE120805
ANKRD53,1,0.6684626406,GSE120805
TPRKB,1,0.9008834764,GSE120805
EXOC6B,1,0.6783107877,GSE120805
SFXN5,1,0.7500230096,GSE120805
TEX261,-1,0.5449619379,GSE120805
DQX1,1,0.02073190374,GSE120805
DUSP11,-1,0.9394211396,GSE120805
NPHP1,1,1.20E-06,GSE120805
MALL,1,NA,GSE120805
LOC128966597,1,NA,GSE120805
THNSL2,1,2.20E-10,GSE120805
RALB,-1,0.2713458096,GSE120805
TMEM177,1,0.4120856257,GSE120805
NT5DC4,1,NA,GSE120805
RABL2B,1,0.9374664755,GSE120805
RABL2A,1,0.9374664755,GSE120805
SLC20A1,-1,0.0001312982533,GSE120805
FBLN7,-1,0.9961160084,GSE120805
ZC3H8,-1,0.453569684,GSE120805
LIPT1,-1,0.3656640656,GSE120805
FAHD2B,1,0.0457439707,GSE120805
LYG1,-1,0.6392805032,GSE120805
AFF3,-1,8.89E-06,GSE120805
UBXN4,1,0.6262531239,GSE120805
NXPH2,1,NA,GSE120805
SPOPL,1,0.8428157135,GSE120805
THSD7B,1,NA,GSE120805
GPR17,-1,0.005337485284,GSE120805
POLR2D,-1,0.4259018431,GSE120805
AMMECR1L,-1,3.01E-07,GSE120805
PKP4,-1,7.73E-07,GSE120805
SCN1A,1,NA,GSE120805
SLC4A10,1,0.5059723632,GSE120805
SCRN3,1,0.00453734597,GSE120805
LNPK,-1,0.2656798839,GSE120805
ZNF385B,-1,0.8447312454,GSE120805
TMEFF2,1,2.52E-05,GSE120805
CDCA7,-1,6.73E-07,GSE120805
DLX1,-1,0.4535568492,GSE120805
UBR3,1,0.003126982724,GSE120805
PHOSPHO2,1,2.59E-07,GSE120805
GULP1,-1,0.6610246407,GSE120805
FAM171B,1,7.52E-06,GSE120805
HSPD1,-1,0.06230750369,GSE120805
CCDC150,1,0.085816903,GSE120805
METTL21A,1,0.8209133446,GSE120805
UNC80,-1,NA,GSE120805
PTH2R,-1,NA,GSE120805
CPO,1,NA,GSE120805
NBEAL1,-1,0.9954685022,GSE120805
KANSL1L,1,0.2114682548,GSE120805
SPAG16,1,0.02311386286,GSE120805
ABCA12,1,6.00E-21,GSE120805
SUMF1,1,0.2417549452,GSE120805
LOC100130207,1,0.2417549452,GSE120805
NYAP2,-1,0.08729156903,GSE120805
RHBDD1,-1,0.5024514248,GSE120805
ACKR3,-1,2.27E-06,GSE120805
TRPM8,-1,0.5110054007,GSE120805
HES6,1,0.003891489981,GSE120805
ESPNL,1,0.08064180148,GSE120805
ANKMY1,-1,0.5505534329,GSE120805
COPS7B,-1,0.8875094843,GSE120805
DIS3L2,1,0.07169563232,GSE120805
CPNE9,1,0.06299589053,GSE120805
FANCD2,1,0.7134633916,GSE120805
TAMM41,-1,0.003609806716,GSE120805
VGLL4,1,0.02311386286,GSE120805
RAB5A,1,0.6183503823,GSE120805
RETREG2,1,0.001017541717,GSE120805
CTDSP1,-1,0.9995559892,GSE120805
CNOT9,-1,0.005448065852,GSE120805
MARCHF4,-1,0.6970324324,GSE120805
STK11IP,-1,0.5834170332,GSE120805
GMPPA,-1,0.08894106571,GSE120805
GRIP2,1,0.3155431146,GSE120805
EAF1,1,0.7905517409,GSE120805
CNTN4,-1,NA,GSE120805
DYNC1LI1,-1,0.8816004367,GSE120805
RBMS3,-1,3.46E-06,GSE120805
GADL1,-1,0.4844598598,GSE120805
OSBPL10,-1,0.001928197028,GSE120805
POMGNT2,-1,0.3771455721,GSE120805
ACKR2,1,NA,GSE120805
CSRNP1,1,0.8161771342,GSE120805
SLC25A38,1,3.62E-05,GSE120805
ITGA9,1,0.4443888899,GSE120805
SLC22A14,-1,0.6839980344,GSE120805
GOLGA4,1,0.2990613943,GSE120805
CTDSPL,-1,0.07017007582,GSE120805
STAC,-1,4.85E-22,GSE120805
IQSEC1,-1,0.5649953646,GSE120805
CAND2,1,0.5847438824,GSE120805
RPL32,-1,0.3618590766,GSE120805
PTPRG,-1,0.0002314777795,GSE120805
IL17RD,-1,0.1146145677,GSE120805
SHQ1,-1,0.5084524522,GSE120805
SLC25A26,1,0.675671108,GSE120805
UBA3,1,0.384066311,GSE120805
ARL6IP5,-1,0.3071878139,GSE120805
TMF1,1,0.2309466033,GSE120805
LRIG1,-1,1.02E-13,GSE120805
LIMD1,-1,0.009774532464,GSE120805
ZNF660,1,0.7468072671,GSE120805
NFKBIZ,1,0.5742828352,GSE120805
COL8A1,-1,1.88E-09,GSE120805
NXPE3,1,0.6362740298,GSE120805
MYH15,1,0.006837319295,GSE120805
PHLDB2,-1,1.32E-06,GSE120805
ABHD10,1,0.06264122399,GSE120805
TAGLN3,1,3.91E-05,GSE120805
RABL3,-1,0.540438184,GSE120805
ADPRH,1,0.8875071851,GSE120805
IGSF11,-1,NA,GSE120805
ATG3,-1,0.8521652815,GSE120805
BOC,-1,0.1034263481,GSE120805
SRPRB,-1,3.38E-07,GSE120805
TMEM108,1,NA,GSE120805
AGTR1,-1,1.64E-13,GSE120805
MED12L,-1,0.8498865151,GSE120805
EIF2A,-1,0.7741906147,GSE120805
ALDH1L1,1,0.3974322799,GSE120805
OSBPL11,-1,0.3365348571,GSE120805
TRPC1,1,0.06334165872,GSE120805
NCEH1,1,0.03370985019,GSE120805
FAM86B2,-1,0.1188711143,GSE120805
LOC128966622,-1,0.1188711143,GSE120805
LPP,-1,0.2457398714,GSE120805
TMEM44,-1,0.4134383057,GSE120805
RUBCN,-1,0.8833104208,GSE120805
AMT,1,0.498078435,GSE120805
TCTA,1,0.3321715956,GSE120805
NICN1,1,0.002651888561,GSE120805
UCN2,1,0.4533587254,GSE120805
DCAF1,-1,0.3314606947,GSE120805
MANF,-1,5.66E-05,GSE120805
FLJ33534,1,NA,GSE120805
EAF2,1,0.9801772265,GSE120805
TM4SF19,1,0.7536113144,GSE120805
MUC4,1,0.2438736459,GSE120805
SLIT2,-1,0.1331759204,GSE120805
EIF2B5,-1,0.9601080503,GSE120805
ECE2,-1,0.0008718149655,GSE120805
VWA5B2,1,0.5987104663,GSE120805
DGKQ,1,0.7501292944,GSE120805
FIP1L1,-1,0.962003626,GSE120805
SLC26A1,1,0.9833224486,GSE120805
LYAR,-1,0.03537233373,GSE120805
CENPC,1,0.03907359872,GSE120805
EPHA5,-1,2.31E-06,GSE120805
CORIN,-1,0.9057166038,GSE120805
ATP10D,-1,0.7849139818,GSE120805
OCIAD2,1,0.06523453879,GSE120805
SLC10A4,-1,0.8093204344,GSE120805
SLC10A6,1,NA,GSE120805
SCD5,1,0.9028926439,GSE120805
PLAC8,-1,3.62E-05,GSE120805
ENOPH1,-1,0.09255186631,GSE120805
TRMT10A,-1,0.9435536259,GSE120805
KLHL8,1,0.6121087722,GSE120805
SNCA,1,0.4682351039,GSE120805
PYURF,1,0.4565392277,GSE120805
TBCK,1,8.88E-12,GSE120805
CAMK2D,-1,0.00958561709,GSE120805
CISD2,1,0.9799962042,GSE120805
DDIT4L,1,0.06076778694,GSE120805
ANK2,-1,0.00016613059,GSE120805
TIFA,-1,0.9799334829,GSE120805
AFG2A,1,0.5462354973,GSE120805
CCNA2,1,0.02354741628,GSE120805
METTL14,-1,0.9505914249,GSE120805
USP53,1,0.6323886306,GSE120805
SETD7,-1,0.3845644915,GSE120805
LOC105377622,-1,0.3845644915,GSE120805
NAF1,-1,0.2417549452,GSE120805
MARCHF1,-1,3.36E-05,GSE120805
SFRP2,-1,NA,GSE120805
RPS3A,-1,0.844921444,GSE120805
RNF175,1,0.8772456876,GSE120805
PDGFC,-1,5.24E-05,GSE120805
CBR4,-1,0.9370163036,GSE120805
GLRA3,1,0.8302342651,GSE120805
CYP4V2,1,0.0005241424302,GSE120805
ROPN1L,1,0.130179062,GSE120805
NDUFS6,-1,0.873717561,GSE120805
MARCHF6,1,0.8254370724,GSE120805
CDH18,-1,0.961815648,GSE120805
ADAMTS16,-1,1.25E-05,GSE120805
SRD5A1,-1,0.048793621,GSE120805
MYO10,-1,0.4146961852,GSE120805
OTULINL,1,0.434534338,GSE120805
RPL37,-1,0.4869736851,GSE120805
SKP2,-1,1.55E-11,GSE120805
OSMR,-1,0.001631014101,GSE120805
PLK2,-1,8.83E-05,GSE120805
SHISAL2B,-1,NA,GSE120805
PIK3R1,-1,0.05728855328,GSE120805
HAPLN1,-1,6.00E-09,GSE120805
LHFPL2,-1,7.07E-15,GSE120805
SSBP2,-1,4.86E-08,GSE120805
ANKRD31,1,0.5031622884,GSE120805
IQGAP2,1,0.8093650808,GSE120805
CRHBP,-1,0.9803011151,GSE120805
RASA1,1,0.1809944162,GSE120805
LIX1,1,NA,GSE120805
GIN1,1,0.6909196485,GSE120805
PPIP5K2,-1,0.9240303349,GSE120805
PAM,-1,0.1191584295,GSE120805
BDP1,1,0.2648722338,GSE120805
GTF2H2,-1,0.009720276401,GSE120805
GTF2H2C,-1,0.009720276401,GSE120805
SLC30A5,1,0.2387391169,GSE120805
BTF3,-1,0.0007883543901,GSE120805
FBXL17,1,1.01E-09,GSE120805
SPATA9,-1,0.5169302606,GSE120805
TSLP,-1,0.1298275844,GSE120805
TNFAIP8,-1,0.06715598135,GSE120805
FEM1C,-1,0.05247359745,GSE120805
COMMD10,-1,0.9653700184,GSE120805
ATG12,-1,0.9347801161,GSE120805
MEGF10,-1,0.7900770707,GSE120805
ADAMTS19,-1,0.726412528,GSE120805
YIPF5,1,0.9814222433,GSE120805
ARHGAP26,-1,0.008623428647,GSE120805
CXCL14,1,NA,GSE120805
DDX46,1,0.2834383512,GSE120805
RNF145,1,0.6613845952,GSE120805
C1QTNF2,-1,0.8935225789,GSE120805
FBXO38,1,0.6732939965,GSE120805
PCYOX1L,1,1.87E-07,GSE120805
TNIP1,-1,0.160609101,GSE120805
G3BP1,-1,0.09959320005,GSE120805
ZNF300,1,0.9836840624,GSE120805
N4BP3,1,0.06227834523,GSE120805
NHP2,-1,0.001092307447,GSE120805
RMND5B,1,0.00010293933,GSE120805
BOD1,-1,0.3893977067,GSE120805
TENM2,-1,3.39E-20,GSE120805
KCNMB1,-1,0.2400545456,GSE120805
FAM50B,-1,0.7749488289,GSE120805
MYLK4,-1,0.9197482453,GSE120805
TBC1D7,1,0.972390191,GSE120805
TBC1D7-LOC100130357,1,0.972390191,GSE120805
FARS2,-1,0.7168525123,GSE120805
GFOD1,-1,3.88E-12,GSE120805
CDKAL1,1,0.6682954139,GSE120805
PSD2,-1,0.05263678152,GSE120805
LRRTM2,1,0.002351869504,GSE120805
ZMAT2,1,0.923785781,GSE120805
GFRA3,1,0.1276248181,GSE120805
KLHL3,1,3.10E-09,GSE120805
DCDC2,-1,0.001387888179,GSE120805
H2BC1,-1,0.3036584607,GSE120805
KAAG1,-1,0.821773139,GSE120805
TRIM7,-1,0.3471255495,GSE120805
TRIM41,1,0.5779178874,GSE120805
HIGD2A,1,0.9294733409,GSE120805
FAM193B,-1,0.60551254,GSE120805
TNFRSF21,-1,0.0007958838483,GSE120805
RNF44,-1,0.9928586902,GSE120805
MMUT,-1,0.9335267807,GSE120805
RASGEF1C,1,0.6571940905,GSE120805
DOK3,-1,0.01162860469,GSE120805
ABT1,-1,0.3350885278,GSE120805
PPP1R18,1,0.7880678243,GSE120805
LOC107987457,1,0.7880678243,GSE120805
DAAM2,-1,0.007316923397,GSE120805
PRIM2,1,0.953767674,GSE120805
MLIP,1,NA,GSE120805
MLIP-IT1,1,NA,GSE120805
LOC101927189,1,NA,GSE120805
HMGCLL1,1,0.8063477195,GSE120805
LGSN,-1,NA,GSE120805
FGD2,1,NA,GSE120805
SCUBE3,1,0.0005427036349,GSE120805
ANO7,-1,0.8935225789,GSE120805
CRIP3,1,0.7857779179,GSE120805
TTBK1,1,0.9959657014,GSE120805
DRC5,-1,0.911615399,GSE120805
RPL7L1,-1,0.06742478097,GSE120805
NFKBIE,1,2.55E-07,GSE120805
CYP39A1,1,0.9406179793,GSE120805
TPBG,1,0.5432534213,GSE120805
IRAK1BP1,1,0.1707834219,GSE120805
PHIP,1,0.809445291,GSE120805
PRSS35,1,0.02989213456,GSE120805
MMS22L,-1,0.697002095,GSE120805
FAXC,-1,0.770169127,GSE120805
PNRC1,1,0.04168697818,GSE120805
PM20D2,-1,0.000766633429,GSE120805
RARS2,-1,0.5994771116,GSE120805
TBC1D32,1,0.00260306447,GSE120805
CLVS2,-1,0.8267366869,GSE120805
RNF217,-1,0.02227584552,GSE120805
ARHGAP18,1,0.5467431886,GSE120805
ABRACL,1,0.9889999913,GSE120805
SLC18B1,-1,0.500624429,GSE120805
MTFR2,-1,0.02132046135,GSE120805
SLC2A12,1,0.0001316032156,GSE120805
SHPRH,1,0.7078161275,GSE120805
AIG1,1,0.8093377285,GSE120805
DYNLT1,-1,0.04174001255,GSE120805
TIAM2,-1,0.2050637814,GSE120805
TMEM181,1,0.2386682575,GSE120805
PNLDC1,1,0.5768626124,GSE120805
WTAP,-1,0.7903815551,GSE120805
ZMYM4,1,0.7519692944,GSE120805
VIP,-1,NA,GSE120805
DCPH1,1,0.8016879668,GSE120805
SLC22A3,-1,1.06E-15,GSE120805
VWDE,1,0.009436987069,GSE120805
GNA12,-1,0.1655045421,GSE120805
CHLSN,-1,0.5435316397,GSE120805
SDK1,-1,1.68E-07,GSE120805
CCZ1B,1,0.9982653889,GSE120805
INTS15,-1,0.4775807498,GSE120805
RBAK,-1,0.4003089612,GSE120805
CREB5,-1,0.07346939578,GSE120805
EGFR,-1,0.1036928266,GSE120805
LINC00525,1,0.7478033427,GSE120805
CDCA5,-1,0.001029965427,GSE120805
IGFBP3,-1,1.71E-21,GSE120805
PURB,1,0.02610834579,GSE120805
RPL32P18,-1,0.1665671111,GSE120805
IGFBP1,1,NA,GSE120805
SSC4D,-1,0.01567275201,GSE120805
MDH2,-1,0.200993799,GSE120805
POMZP3,-1,0.9364659211,GSE120805
NIPSNAP2,-1,0.05636403907,GSE120805
CCT6A,-1,0.2161092674,GSE120805
PSPH,-1,0.08868887336,GSE120805
TRIM50,-1,NA,GSE120805
ZNF92,1,0.7550189628,GSE120805
ATXN7L1,1,0.8655480309,GSE120805
TMEM168,1,0.7863470672,GSE120805
TRAPPC14,1,0.7311761692,GSE120805
SLC12A9,1,0.4826533615,GSE120805
GIGYF1,1,0.887865148,GSE120805
TRIM4,1,0.6034366912,GSE120805
MEPCE,1,0.3645478706,GSE120805
ZAN,1,NA,GSE120805
TMEM209,-1,0.7913951578,GSE120805
AGBL3,1,0.06109659563,GSE120805
ZC3HAV1L,-1,5.87E-05,GSE120805
TMEM140,1,0.006849213936,GSE120805
TLK2,1,0.005891566122,GSE120805
EPHA1,-1,0.9350185445,GSE120805
NOM1,-1,0.004290232113,GSE120805
NCAPG2,1,0.4919312248,GSE120805
SHROOM2,-1,0.9329380006,GSE120805
RAB19,1,NA,GSE120805
LUC7L2,-1,0.9120417257,GSE120805
DENND2A,-1,1.32E-08,GSE120805
CLTRN,1,0.5626183626,GSE120805
SH3KBP1,-1,0.9939059986,GSE120805
TMEM47,-1,0.3293031184,GSE120805
LANCL3,1,NA,GSE120805
SYTL5,-1,0.2678302562,GSE120805
CASK,-1,0.02523266574,GSE120805
KDM6A,1,0.2402623014,GSE120805
MSN,-1,0.4443888899,GSE120805
CCNB3,1,0.6907328203,GSE120805
HDAC8,1,0.001979781696,GSE120805
SLC16A2,-1,0.6252512778,GSE120805
ZNF157,1,0.9198403781,GSE120805
ZNF182,1,0.4994709046,GSE120805
CHST7,-1,0.2458707336,GSE120805
KRABD4,1,0.8111156406,GSE120805
NDUFB11,-1,0.92916157,GSE120805
ZNF41,-1,0.871206135,GSE120805
ZMYM3,-1,0.9426936033,GSE120805
TAF1,-1,0.4333321886,GSE120805
NONO,-1,0.3113699426,GSE120805
CCDC120,1,0.9636442667,GSE120805
LPAR4,1,0.7222936381,GSE120805
EBP,-1,0.9096701176,GSE120805
OGT,1,0.6975984435,GSE120805
SNX12,-1,0.009318268492,GSE120805
ITGB1BP2,-1,0.02504453014,GSE120805
IL2RG,-1,NA,GSE120805
GCNA,-1,0.745895947,GSE120805
ZNF711,-1,0.02159648725,GSE120805
DIAPH2,-1,1.22E-10,GSE120805
NXF3,1,NA,GSE120805
RIPPLY1,1,NA,GSE120805
PRPS1,-1,0.167477301,GSE120805
RADX,1,0.0149098279,GSE120805
FRMPD3,-1,0.4281209946,GSE120805
HTR2C,1,NA,GSE120805
DOCK11,-1,0.7256882101,GSE120805
RBMX,-1,0.0007606435094,GSE120805
MCPH1,1,0.9669505487,GSE120805
MFHAS1,-1,7.83E-05,GSE120805
FBXO25,1,4.13E-07,GSE120805
NSDHL,-1,0.1388471451,GSE120805
ZNF185,-1,0.7167832446,GSE120805
CETN2,-1,0.9155904213,GSE120805
RPL10,-1,0.4565785933,GSE120805
CSGALNACT1,1,0.9754308218,GSE120805
ATP6V1B2,-1,0.8093377285,GSE120805
CCDC25,1,0.4796857308,GSE120805
HMBOX1,1,0.9857847553,GSE120805
CHRNA6,1,NA,GSE120805
GNRH1,1,0.94180665,GSE120805
BIN3,1,0.8016616132,GSE120805
DOK2,1,NA,GSE120805
SLC25A37,-1,6.08E-08,GSE120805
CHMP7,-1,0.9987046568,GSE120805
DOCK5,-1,0.007780364615,GSE120805
STAR,1,0.7947152792,GSE120805
PLPBP,-1,0.06712940458,GSE120805
ERLIN2,-1,0.2471528636,GSE120805
PXDNL,-1,0.001035906062,GSE120805
ST18,1,NA,GSE120805
RGS20,-1,0.7164571168,GSE120805
TACC1,1,0.8048173719,GSE120805
GOLGA7,-1,0.922533737,GSE120805
PLPP5,1,0.9054707696,GSE120805
GINS4,-1,0.05133488834,GSE120805
NSD3,1,0.4986021916,GSE120805
TRIM55,1,3.47E-06,GSE120805
ADHFE1,1,0.0364172475,GSE120805
MRPS28,1,0.9064387121,GSE120805
LACTB2,1,0.3180319753,GSE120805
TERF1,1,0.9912702549,GSE120805
RPL7,-1,0.8540328453,GSE120805
SLC26A7,1,0.6985432142,GSE120805
ATP6V0D2,1,NA,GSE120805
SYBU,-1,0.009667887811,GSE120805
DPYS,-1,NA,GSE120805
MTDH,1,0.9760391482,GSE120805
LRP12,-1,0.6317227676,GSE120805
EBAG9,1,0.8052976891,GSE120805
RSPO2,-1,NA,GSE120805
POLR2K,1,0.4839697719,GSE120805
MAL2,-1,0.1901520862,GSE120805
EIF3H,-1,0.3495585694,GSE120805
UTP23,-1,0.9755964886,GSE120805
NDUFB9,-1,0.9143686046,GSE120805
TATDN1,-1,0.9876394238,GSE120805
SACK1A,1,0.6514885513,GSE120805
GSDMC,1,NA,GSE120805
FAM135B,1,NA,GSE120805
ZNF7,-1,0.8865330442,GSE120805
ARHGAP39,-1,0.9831497326,GSE120805
SLC39A4,-1,0.4094277639,GSE120805
NAPRT,-1,0.4117032531,GSE120805
VLDLR,-1,6.01E-06,GSE120805
AK3,1,0.02574679107,GSE120805
UHRF2,-1,0.9859087336,GSE120805
NFIB,-1,0.1698420452,GSE120805
PLIN2,-1,0.5385279233,GSE120805
HAUS6,-1,0.8927841418,GSE120805
CDKN2B,-1,0.001586973187,GSE120805
CDKN2A,-1,5.72E-05,GSE120805
C9orf72,1,0.9093902726,GSE120805
ZCCHC7,-1,0.01395445325,GSE120805
FBXO10,1,0.7907902617,GSE120805
SIGMAR1,-1,9.18E-06,GSE120805
ZNG1E,-1,0.8432273455,GSE120805
CEP78,-1,0.5487439215,GSE120805
NTRK2,1,NA,GSE120805
IDNK,1,9.62E-08,GSE120805
SHC3,-1,0.5675366557,GSE120805
AUH,1,0.2705274705,GSE120805
SLC71A2,1,0.9917138868,GSE120805
AOPEP,-1,3.42E-05,GSE120805
ZNF462,-1,0.3605808519,GSE120805
INIP,-1,0.4781465373,GSE120805
UGCG,-1,0.4019216236,GSE120805
ACTL7B,1,NA,GSE120805
SNX30,1,0.2079165246,GSE120805
STOM,-1,0.8579832867,GSE120805
GSN,1,0.7928416307,GSE120805
MRRF,-1,0.05753422992,GSE120805
NR6A1,1,0.07031376119,GSE120805
CRB2,1,0.500624429,GSE120805
ALAD,-1,0.7825047541,GSE120805
ASTN2,1,1.27E-12,GSE120805
WDR31,1,1.34E-05,GSE120805
POLE3,-1,0.002516207861,GSE120805
SURF4,1,0.5855225916,GSE120805
GBGT1,1,0.8491413459,GSE120805
SURF1,1,0.8106440809,GSE120805
SURF2,-1,0.4781465373,GSE120805
SURF6,-1,0.1853001933,GSE120805
MED22,-1,0.1251202257,GSE120805
REXO4,-1,0.8919213535,GSE120805
RPL7A,-1,0.4173669438,GSE120805
GTF3C5,1,0.5693779184,GSE120805
ASB6,-1,0.7933827671,GSE120805
PTGES2,-1,0.4181253321,GSE120805
NTMT1,-1,0.2713688891,GSE120805
CIZ1,-1,0.9529184927,GSE120805
SLC25A25,1,0.4581595467,GSE120805
SH3GLB2,1,0.4088112919,GSE120805
MIGA2,1,0.4766472032,GSE120805
PTGES,1,0.02067821645,GSE120805
LCN2,1,0.9101785057,GSE120805
LRSAM1,-1,0.9695530507,GSE120805
HMCN2,1,1.99E-09,GSE120805
GPR107,1,0.1773537018,GSE120805
IDI2,-1,NA,GSE120805
INPP5E,1,0.9240636774,GSE120805
SEC16A,-1,0.922533737,GSE120805
DPH7,-1,0.4826252058,GSE120805
NOTCH1,1,0.9711575346,GSE120805
CACNA1B,1,NA,GSE120805
NACC2,1,0.3747162338,GSE120805
PROSER2,-1,0.4391481759,GSE120805
USP6NL,1,0.9281419165,GSE120805
COMMD3,1,0.1615129661,GSE120805
MSRB2,1,4.06E-11,GSE120805
PDSS1,-1,0.0276897361,GSE120805
FAM171A1,-1,0.05056616012,GSE120805
MINDY3,1,0.229020092,GSE120805
SLC39A12,1,NA,GSE120805
TMEM236,-1,0.6580002549,GSE120805
RSU1,-1,5.05E-07,GSE120805
ST8SIA6,1,0.4911789122,GSE120805
PARD3,1,0.03471056699,GSE120805
ANKRD30A,-1,NA,GSE120805
ZEB1,1,0.9858083665,GSE120805
FAM13C,1,1.14E-10,GSE120805
NRBF2,1,0.9928586902,GSE120805
POLR3A,-1,0.6152981689,GSE120805
HERC4,-1,0.8834760388,GSE120805
LRMDA,1,0.4715106703,GSE120805
CAMK2G,1,7.65E-08,GSE120805
ADIRF,1,NA,GSE120805
GLUD1,-1,0.002406175333,GSE120805
ANKRD1,1,0.06475588092,GSE120805
HTR7,-1,0.3807575514,GSE120805
RPP30,-1,0.9027567944,GSE120805
FRA10AC1,-1,0.3028669799,GSE120805
ADD3,1,0.005473951763,GSE120805
DNAJB12,-1,0.7616101966,GSE120805
EIF4EBP2,-1,0.9854144492,GSE120805
PLEKHS1,1,0.09027686585,GSE120805
TCF7L2,-1,0.9003965158,GSE120805
MKI67,-1,0.964439611,GSE120805
INA,1,0.9701220692,GSE120805
FUOM,-1,0.3541009646,GSE120805
LRRC27,1,0.02413812219,GSE120805
MTG1,1,0.99160131,GSE120805
PAOX,1,0.9881953712,GSE120805
GSTO1,-1,0.9679007141,GSE120805
TAF5,1,0.8368385109,GSE120805
PPRC1,-1,0.02518455,GSE120805
ITPRIP,-1,0.1293795943,GSE120805
CNNM2,1,0.8241084048,GSE120805
PDCD11,-1,0.0032851807,GSE120805
ADAM12,-1,6.16E-08,GSE120805
RGS10,-1,0.8780983611,GSE120805
BTBD10,1,0.2623663037,GSE120805
ADM,-1,4.20E-05,GSE120805
GAS2,-1,0.4164647106,GSE120805
LIN7C,1,0.9545189013,GSE120805
LRRC4C,-1,0.5123231903,GSE120805
IMMP1L,1,0.004579115743,GSE120805
PGAP2,-1,0.7275016584,GSE120805
TUT1,-1,0.7485280099,GSE120805
SYT8,-1,0.7758476014,GSE120805
ZNF214,1,0.3644280685,GSE120805
ZNF215,-1,0.2096813772,GSE120805
HSD17B12,1,0.1042485679,GSE120805
APIP,1,0.706103665,GSE120805
PAMR1,1,0.8248131261,GSE120805
DGKZ,-1,0.5045568256,GSE120805
EIF3M,-1,0.7964174682,GSE120805
TNKS1BP1,-1,0.3307482215,GSE120805
SERPING1,-1,0.6553732023,GSE120805
SSRP1,-1,0.0001555008548,GSE120805
SLC43A1,1,0.5627005861,GSE120805
PTPRJ,-1,0.07982440959,GSE120805
CSTPP1,1,0.8678273995,GSE120805
ARFGAP2,-1,0.4715106703,GSE120805
CELF1,-1,0.8038671652,GSE120805
HIKESHI,1,0.9021371768,GSE120805
CCDC81,-1,0.7602560636,GSE120805
SESN3,1,9.32E-05,GSE120805
ENDOD1,-1,0.5226890565,GSE120805
CCDC82,1,0.09348552182,GSE120805
KLHL35,-1,0.3834403631,GSE120805
TENM4,-1,0.963555583,GSE120805
SERPINH1,-1,0.0003522503288,GSE120805
CAPN5,1,0.01760170875,GSE120805
INTS4,1,0.07988082874,GSE120805
PAK1,-1,0.4306504594,GSE120805
RPS3,-1,0.5626183626,GSE120805
ZC3H12C,1,0.0163924181,GSE120805
TTC12,1,1.58E-08,GSE120805
NCAM1,-1,0.2144065051,GSE120805
DRD2,-1,0.7360474994,GSE120805
C11orf52,-1,NA,GSE120805
NPAT,-1,0.9514454972,GSE120805
ATM,1,0.2128175199,GSE120805
AASDHPPT,-1,0.9645737065,GSE120805
GLB1L2,1,NA,GSE120805
SLX4IP,1,0.9041116544,GSE120805
LAMTOR1,-1,0.7907902617,GSE120805
P4HA3,-1,0.798102442,GSE120805
GRIK4,-1,NA,GSE120805
ST14,1,0.4235416811,GSE120805
HYOU1,-1,0.0006413266898,GSE120805
ADAM33,1,0.9945254335,GSE120805
KAT14,-1,0.5599977149,GSE120805
TKFC,1,0.03505085196,GSE120805
MTA2,-1,0.2714450921,GSE120805
TMEM138,1,0.1090267589,GSE120805
FADS1,-1,2.76E-10,GSE120805
ROM1,1,0.2486443822,GSE120805
EML3,-1,0.978426292,GSE120805
INCENP,1,0.5024295762,GSE120805
ZP1,1,NA,GSE120805
PLCH2,1,0.1794031752,GSE120805
CPSF7,-1,0.7336354716,GSE120805
MS4A2,-1,NA,GSE120805
B3GAT3,1,0.433056542,GSE120805
EI24,1,0.9272238729,GSE120805
CCDC15,1,0.2091737165,GSE120805
CHEK1,1,0.9933634138,GSE120805
FEZ1,1,0.06626264313,GSE120805
STT3A-AS1,1,0.06626264313,GSE120805
ESAM,1,0.784664878,GSE120805
KIRREL3,-1,7.07E-05,GSE120805
MPZL2,1,3.67E-07,GSE120805
SCN2B,1,0.8468681703,GSE120805
SIDT2,1,0.8399890244,GSE120805
TMEM25,1,0.01152600165,GSE120805
TAGLN,-1,2.85E-08,GSE120805
JPH2,-1,1.59E-06,GSE120805
DUSP15,1,0.229615182,GSE120805
COMMD7,1,0.8116266167,GSE120805
C20orf144,1,0.9410758746,GSE120805
KIAA1755,-1,0.1639916448,GSE120805
SPATA25,1,0.09442256785,GSE120805
DSN1,1,0.9736253144,GSE120805
MTCL2,1,0.9338198801,GSE120805
CNBD2,-1,0.8715903935,GSE120805
CDH22,-1,NA,GSE120805
LSM14B,-1,0.9666917548,GSE120805
YTHDF1,-1,0.8772456876,GSE120805
CABLES2,1,0.7496950814,GSE120805
LTO1,-1,0.964443069,GSE120805
TRPT1,1,0.01422632506,GSE120805
NUDT22,1,0.8833951006,GSE120805
FERMT3,-1,0.5038603925,GSE120805
PLCB3,-1,0.6803416827,GSE120805
MRPL49,1,0.3792281743,GSE120805
CDC42EP2,-1,0.6334433748,GSE120805
FAU,-1,0.7196325937,GSE120805
TM7SF2,1,4.85E-06,GSE120805
VPS51,1,0.5379921673,GSE120805
TBX6,1,0.6605780218,GSE120805
PPP4C,-1,0.8959783057,GSE120805
ALDOA,-1,0.07908735815,GSE120805
TLCD3B,1,0.001482254027,GSE120805
DOC2A,1,0.2402071988,GSE120805
HIRIP3,-1,0.3919678906,GSE120805
TAOK2,1,0.005047043228,GSE120805
TMEM219,1,0.2926298967,GSE120805
HMGA2,-1,0.1854505685,GSE120805
MMP3,1,NA,GSE120805
CNKSR2,-1,5.88E-07,GSE120805
CNTN5,-1,0.8338700503,GSE120805
KLRF1,1,NA,GSE120805
MKX,-1,0.06303146787,GSE120805
MPP7,-1,0.4822232201,GSE120805
ITGB1,-1,0.4562776708,GSE120805
PPIAP26,-1,NA,GSE120805
CTF1,1,0.6965190987,GSE120805
CWC15,1,0.8085047191,GSE120805
ARID5B,-1,0.001372139654,GSE120805
KLHL1,1,NA,GSE120805
CDH8,1,0.05022357429,GSE120805
DCUN1D2,-1,0.0001300755348,GSE120805
SLC9D1,-1,0.9351766463,GSE120805
TMEM218,-1,0.5860645583,GSE120805
TIRAP,1,0.2472749122,GSE120805
EEF1AKMT1,-1,0.4527181586,GSE120805
LATS2,-1,0.6708512161,GSE120805
SAP18,1,0.02386675327,GSE120805
ADGRL3,-1,0.0006210735085,GSE120805
KIAA1328,1,0.3840540814,GSE120805
FAM124A,1,0.8065981062,GSE120805
MIA2,1,0.2165137841,GSE120805
HNMT,-1,0.9912702549,GSE120805
LYPD1,-1,0.007319726949,GSE120805
LYPD6B,-1,0.0520138677,GSE120805
PDCD4,1,0.2876877191,GSE120805
ADRA2A,1,0.7709224131,GSE120805
GPM6A,1,0.0003419624683,GSE120805
WDR17,-1,0.3951986426,GSE120805
SPATA4,-1,0.5829769579,GSE120805
VEGFC,-1,0.196231753,GSE120805
CCDC102B,-1,0.916712708,GSE120805
CD226,1,0.00763285371,GSE120805
CNDP1,1,NA,GSE120805
FSIP1,1,0.3003650584,GSE120805
DLG2,1,0.01129841373,GSE120805
RGS18,1,NA,GSE120805
PRSS23,-1,2.93E-06,GSE120805
MTMR12,-1,0.9987598776,GSE120805
PPP1R1C,1,NA,GSE120805
CCT5,-1,0.2954340361,GSE120805
ATPSCKMT,1,0.1953342226,GSE120805
DOCK1,-1,0.7049029171,GSE120805
DIXDC1,-1,0.2091752731,GSE120805
DLAT,-1,0.881648799,GSE120805
PIH1D2,1,0.002490501752,GSE120805
NKAPD1,-1,0.9526640177,GSE120805
TIMM8B,-1,0.8158786878,GSE120805
IL18,1,0.7401897811,GSE120805
TEX12,1,0.912399279,GSE120805
PTS,1,0.6019831575,GSE120805
PIP4K2A,-1,0.8425301786,GSE120805
CIMIP5,1,0.4337482448,GSE120805
FREM2,1,0.3361885341,GSE120805
FOXO1,-1,0.4015466199,GSE120805
CRIM1,-1,1.67E-05,GSE120805
SEC24D,-1,0.004723881129,GSE120805
ABCB9,1,0.3182589568,GSE120805
RILPL2,1,6.47E-05,GSE120805
DHX37,-1,1.66E-07,GSE120805
UBC,-1,0.1528150615,GSE120805
ITPR1,1,8.96E-05,GSE120805
TKTL2,1,NA,GSE120805
PRSS53,-1,0.4042507518,GSE120805
SLC7A11,-1,0.8089607593,GSE120805
NOCT,-1,0.6483094718,GSE120805
ENKUR,1,0.1385260261,GSE120805
GPR158,-1,NA,GSE120805
CACNA2D4,1,0.4421518594,GSE120805
DCP1B,-1,0.5799049167,GSE120805
CACNA1C,-1,0.001111057694,GSE120805
CACNA1C-IT2,-1,0.001111057694,GSE120805
THRB,-1,0.8853252014,GSE120805
NGLY1,1,0.972948578,GSE120805
OXSM,-1,0.7082090499,GSE120805
UEVLD,1,0.800400824,GSE120805
TMEM86A,1,1.35E-05,GSE120805
NOPCHAP1,-1,0.7920951396,GSE120805
TMEM263,1,0.90291767,GSE120805
ABTB3,1,0.6630511633,GSE120805
UBE3B,1,0.9715045504,GSE120805
ANK3,1,0.01826796184,GSE120805
IPMK,1,0.8958454031,GSE120805
RAD9B,1,0.3372404389,GSE120805
PLBD2,-1,0.3669481768,GSE120805
DLG5,1,0.7671823842,GSE120805
MAT1A,-1,NA,GSE120805
SLC2A13,-1,0.8818249638,GSE120805
GXYLT1,-1,0.08272273895,GSE120805
TWF1,1,0.7799126666,GSE120805
DIP2C,-1,0.722322494,GSE120805
EIF4E,-1,0.7776388472,GSE120805
MAGI1,-1,0.2360155268,GSE120805
TEX30,-1,0.6223063027,GSE120805
CSNK1G3,-1,0.740931826,GSE120805
SRFBP1,-1,0.07867645458,GSE120805
AKAP6,1,0.00192778983,GSE120805
NPAS3,1,0.6726897013,GSE120805
FAM177A1,-1,0.9801010023,GSE120805
LOC101927178,-1,0.9801010023,GSE120805
MBIP,-1,0.8744621664,GSE120805
MIPOL1,-1,0.7291610639,GSE120805
EXT2,1,1.45E-06,GSE120805
TMEM18,1,0.9374622547,GSE120805
ALLC,1,NA,GSE120805
KCTD14,-1,0.02360787413,GSE120805
THRSP,-1,NA,GSE120805
NDUFC2,1,0.5024514248,GSE120805
ME3,-1,4.41E-10,GSE120805
ADAMTS12,-1,9.38E-09,GSE120805
NUBPL,1,0.395404377,GSE120805
NEK7,-1,0.9471667701,GSE120805
ATP6V1G3,1,NA,GSE120805
FER,-1,0.4336041764,GSE120805
VIPAS39,1,0.09305322744,GSE120805
ANKRD50,-1,0.414453759,GSE120805
UPF2,1,0.5723317739,GSE120805
CDC123,-1,0.873717561,GSE120805
SCLT1,1,6.00E-07,GSE120805
CCDC3,1,0.2930760491,GSE120805
C4orf33,1,0.0004556971013,GSE120805
FRMD4A,-1,0.009876401428,GSE120805
SLC25A31,1,NA,GSE120805
PTPRO,-1,NA,GSE120805
EPS8,1,0.3437204828,GSE120805
ACAD8,-1,0.5591353691,GSE120805
THYN1,-1,0.7974946963,GSE120805
VPS26B,-1,0.8330494549,GSE120805
NCAPD3,1,0.943940116,GSE120805
VTI1A,1,0.1536266568,GSE120805
QDPR,-1,0.2881462461,GSE120805
FHIP2A,-1,0.2116250289,GSE120805
ANO4,1,0.8534307511,GSE120805
TEX9,1,0.0002175676869,GSE120805
QTRT2,-1,3.43E-05,GSE120805
MMAA,-1,0.004596956597,GSE120805
LINC02491,-1,0.004596956597,GSE120805
ZNF827,-1,0.2047676372,GSE120805
POU4F2,1,0.4336041764,GSE120805
EDNRA,-1,0.1278858076,GSE120805
NR3C2,1,0.9326102552,GSE120805
AKR1C2,1,0.06447088994,GSE120805
ADAM8,1,0.9295178466,GSE120805
KIN,1,0.3308284579,GSE120805
PIGF,-1,0.422982233,GSE120805
ANKAR,1,0.0001600161622,GSE120805
INPP1,1,7.28E-05,GSE120805
MFSD6,1,0.8784550842,GSE120805
RNF144A,-1,0.7918109221,GSE120805
ASAP2,1,0.01640755347,GSE120805
ADAM17,1,0.6916903394,GSE120805
FLI1,1,0.7560908693,GSE120805
WWC2,-1,0.3041076951,GSE120805
CENPU,-1,0.99486317,GSE120805
ACSL1,1,0.5307839416,GSE120805
SLC25A4,1,0.6363555446,GSE120805
AMN1,1,0.7534652679,GSE120805
BICD1,-1,0.05083939959,GSE120805
SAV1,1,0.8135475775,GSE120805
CCDC122,1,5.81E-07,GSE120805
SERP2,1,0.01871104055,GSE120805
NBAS,1,0.8636370257,GSE120805
ZNF385D,-1,6.37E-15,GSE120805
TDO2,1,0.006064533364,GSE120805
GUF1,1,0.394701458,GSE120805
GABRA2,-1,NA,GSE120805
SACS,-1,0.01737143067,GSE120805
PABPC3,-1,0.1419108241,GSE120805
CPAP,-1,0.1614008932,GSE120805
FBXO4,-1,0.6907328203,GSE120805
TMEM267,-1,0.9703445575,GSE120805
CCL28,1,0.2674328728,GSE120805
PARP8,1,0.5121403836,GSE120805
GFRA1,-1,2.03E-13,GSE120805
CACUL1,1,0.9138710982,GSE120805
DST,-1,0.7407816205,GSE120805
BEND6,-1,0.06347146195,GSE120805
TIAL1,-1,0.5843087549,GSE120805
BAG3,-1,0.9801772265,GSE120805
TMEM132D,-1,0.6949727327,GSE120805
SCHIP1,1,0.7018966806,GSE120805
MCHR2,1,NA,GSE120805
KCNE4,-1,0.782229604,GSE120805
AP1S3,1,0.308642601,GSE120805
RABGAP1L,1,0.9841296623,GSE120805
CCDC74B,1,0.100771724,GSE120805
TLCD4,1,0.1727192337,GSE120805
MZT2B,-1,0.6607151191,GSE120805
ASTN1,-1,0.6844026767,GSE120805
FAM168B,-1,0.495962419,GSE120805
PTPN14,-1,0.260393105,GSE120805
MGAT5,-1,0.01756273716,GSE120805
GPATCH11,1,0.8463856024,GSE120805
HSPB8,1,0.07474506611,GSE120805
GEMIN6,1,0.8038671652,GSE120805
TMEM178A,-1,7.57E-07,GSE120805
POU4F1,-1,0.7699210362,GSE120805
OBI1,-1,0.9300108622,GSE120805
GRID2,-1,0.003115499969,GSE120805
ARL11,-1,NA,GSE120805
SETBP1,-1,0.02500201068,GSE120805
ARL14EP,1,0.8362044365,GSE120805
EPG5,1,0.9613425821,GSE120805
PSTPIP2,1,0.002317964249,GSE120805
ATP5F1A,1,0.925896597,GSE120805
HAUS1,1,0.97412902,GSE120805
ARK2N,1,0.922533737,GSE120805
SPC25,1,0.964443069,GSE120805
PDK1,-1,1.90E-10,GSE120805
PDE3B,1,NA,GSE120805
TCF7L1,-1,0.8406419067,GSE120805
TGOLN2,-1,0.9704262119,GSE120805
SH2D6,1,0.4715106703,GSE120805
KCNK13,1,0.518139002,GSE120805
UHMK1,1,0.001754965503,GSE120805
ATG10,1,0.3315940049,GSE120805
POC5,1,0.0041720613,GSE120805
SPOCK1,-1,0.8927841418,GSE120805
FAM151B,-1,0.821451149,GSE120805
TADA1,-1,0.3358710763,GSE120805
GUCY1A2,-1,0.007586518769,GSE120805
CWF19L2,1,0.1182816717,GSE120805
JMY,1,0.4188316488,GSE120805
HOMER1,-1,0.04576155344,GSE120805
XRCC4,1,0.7786043535,GSE120805
ZNF547,1,0.8558460545,GSE120805
ZNF773,1,0.4463513911,GSE120805
ZNF776,-1,0.9542475382,GSE120805
ZNF256,1,0.3972075372,GSE120805
SUV39H2,-1,0.7651601657,GSE120805
DCLRE1C,-1,0.3102860731,GSE120805
OLAH,1,0.9404429565,GSE120805
RPP38,-1,0.001454134229,GSE120805
NMT2,-1,0.0001072606785,GSE120805
ZNF837,1,0.4986021916,GSE120805
USP12,1,0.5648508782,GSE120805
CCDC50,1,0.9855006059,GSE120805
CAMK4,-1,0.005950018838,GSE120805
TRIM36,1,0.9054707696,GSE120805
ZFP36L2,-1,0.03049737196,GSE120805
PAN3,1,0.4627923165,GSE120805
PLEKHH2,1,0.4839243314,GSE120805
PFKM,1,0.7237848951,GSE120805
TMEM123,-1,0.5711243184,GSE120805
GRIA4,1,0.5198130369,GSE120805
IGSF10,-1,0.8005039245,GSE120805
SPEF2,1,0.08365200281,GSE120805
SPARCL1,-1,NA,GSE120805
DMP1,-1,NA,GSE120805
MBNL1,-1,0.9320721374,GSE120805
CAPSL,1,0.2990613943,GSE120805
NADK2,-1,0.07456635079,GSE120805
GPD1L,-1,0.7931883703,GSE120805
GJA1,-1,9.75E-11,GSE120805
CCNO,-1,0.922533737,GSE120805
DDX4,1,NA,GSE120805
SLC30A6,1,0.05298174668,GSE120805
PELO,1,0.675671108,GSE120805
RASGRP3,-1,0.3263719755,GSE120805
SAR1B,1,0.6830347397,GSE120805
CATSPER3,1,0.4713644471,GSE120805
GPR180,-1,0.2247593939,GSE120805
DNAI4,1,3.34E-05,GSE120805
ANKRD22,1,NA,GSE120805
FARP1,-1,0.503314955,GSE120805
IFIT5,-1,0.7943746546,GSE120805
SLC16A12,1,0.0003369488259,GSE120805
PANK1,-1,0.003250863034,GSE120805
PRDM8,1,0.003834209124,GSE120805
BMP3,-1,0.9804156432,GSE120805
HNRNPDL,-1,0.2062629455,GSE120805
HHEX,-1,0.9207492389,GSE120805
UTRN,-1,0.01737143067,GSE120805
GRM1,1,0.2251203433,GSE120805
PTPRK,-1,3.39E-05,GSE120805
GGPS1,-1,0.7220385904,GSE120805
ZNF117,1,0.004121589905,GSE120805
ERV3-1-ZNF117,1,0.004121589905,GSE120805
LMNTD1,-1,NA,GSE120805
MARVELD2,-1,0.672056549,GSE120805
RAD17,1,0.9028863963,GSE120805
MED21,1,0.4134406552,GSE120805
PLOD2,-1,0.0001107758971,GSE120805
STK32B,-1,0.0003985146315,GSE120805
ZIC1,-1,0.01737143067,GSE120805
ADGRA3,-1,1.95E-13,GSE120805
CPB1,-1,NA,GSE120805
SREK1IP1,1,0.4580883966,GSE120805
LGI2,-1,0.7920951396,GSE120805
CWC27,-1,0.5739818168,GSE120805
MR1,1,1.15E-24,GSE120805
SRP19,1,0.9462486759,GSE120805
CENPH,1,0.9585252845,GSE120805
CDYL,-1,0.021578675,GSE120805
CARHSP1,1,0.7991875701,GSE120805
BANK1,1,NA,GSE120805
TXNDC11,-1,0.8666214145,GSE120805
DAB2,-1,0.6235901608,GSE120805
ACOXL,-1,NA,GSE120805
BCL2L11,1,0.233910769,GSE120805
ANAPC1,1,0.9929094522,GSE120805
SCOC,1,0.9395287208,GSE120805
CLGN,1,0.8114128698,GSE120805
CETN3,1,0.2579698153,GSE120805
SMARCA5,1,0.9626244006,GSE120805
SYCP2L,1,0.5873445624,GSE120805
BMP6,-1,0.5787250902,GSE120805
RGPD3,1,0.8929248421,GSE120805
RASSF3,-1,0.01709900022,GSE120805
HNRNPU,-1,0.3197788243,GSE120805
RANBP2,-1,0.6342991937,GSE120805
AHCTF1,-1,0.5927501656,GSE120805
MERTK,1,7.08E-16,GSE120805
TMEM87B,1,0.08492878903,GSE120805
PTPRR,1,0.06226141317,GSE120805
NR4A2,1,0.2218840581,GSE120805
CCDC148,1,0.0001938183129,GSE120805
PLA2R1,1,0.04910895337,GSE120805
RBMS1,-1,0.2570905282,GSE120805
SCN3A,1,0.9741277111,GSE120805
FEZF2,-1,NA,GSE120805
CD96,1,NA,GSE120805
SLC25A27,-1,0.9579813174,GSE120805
ADGRF1,1,NA,GSE120805
ADGRF4,-1,0.6367590171,GSE120805
FRMD1,1,NA,GSE120805
CYRIB,-1,0.9851123603,GSE120805
ASAP1,-1,0.6796128416,GSE120805
TRAPPC8,1,0.06246996147,GSE120805
FAM81B,-1,NA,GSE120805
LINC00467,1,1.84E-12,GSE120805
INO80C,1,0.5917123651,GSE120805
LPCAT1,-1,0.9303031223,GSE120805
PLEKHG4B,-1,0.005600510691,GSE120805
NMRAL1,1,0.5774743178,GSE120805
UBALD1,-1,0.9141288601,GSE120805
C16orf89,-1,NA,GSE120805
LYSET,1,0.9514454972,GSE120805
ING1,-1,0.5974898289,GSE120805
TEX29,-1,0.9287735892,GSE120805
ADPRHL1,1,0.9999380043,GSE120805
CMTM7,-1,0.0001777067688,GSE120805
FBXL2,1,0.1387117098,GSE120805
UBP1,-1,0.5057327409,GSE120805
RMND5A,-1,0.0429548639,GSE120805
CD8A,1,NA,GSE120805
RPIA,-1,0.03531382287,GSE120805
LURAP1L,-1,0.3614950638,GSE120805
CNKSR3,-1,0.0007997070419,GSE120805
GTF2E1,-1,0.9407281391,GSE120805
CFDP1,-1,0.8511788469,GSE120805
ZDHHC7,-1,0.000478591782,GSE120805
CIBAR2,1,NA,GSE120805
SPMIP4,1,0.9981814789,GSE120805
JAZF1,-1,0.0471489184,GSE120805
CMIP,-1,0.9368796021,GSE120805
SPHKAP,1,NA,GSE120805
PID1,-1,2.13E-08,GSE120805
TRIP12,1,0.08431565454,GSE120805
FBXO36,-1,0.9096701176,GSE120805
CEBPG,-1,0.6800974072,GSE120805
KCTD15,-1,8.15E-17,GSE120805
ZNF599,1,0.3072241855,GSE120805
MCOLN2,-1,0.9601080503,GSE120805
LGI4,-1,0.314999807,GSE120805
DDAH1,-1,0.07650553351,GSE120805
SREK1,-1,0.2552054726,GSE120805
CHD1,1,0.3920472136,GSE120805
ANKFN1,1,NA,GSE120805
DGKE,1,0.09320322203,GSE120805
HS2ST1,1,0.09740036116,GSE120805
MSI2,-1,0.8221186986,GSE120805
CACNA2D1,-1,0.7331761467,GSE120805
ZUP1,1,0.8685476174,GSE120805
HS3ST3A1,-1,0.0005663095172,GSE120805
GDPD1,-1,0.9804156432,GSE120805
NUS1,-1,0.111899594,GSE120805
SEMA3D,-1,1.20E-14,GSE120805
PPP2R5E,-1,0.8048173719,GSE120805
GRAP,1,3.81E-05,GSE120805
GRAPL,1,3.81E-05,GSE120805
SLC5A10,1,0.0270105621,GSE120805
AK5,1,0.7666023528,GSE120805
CABYR,1,1.57E-10,GSE120805
IMPACT,1,0.8878131176,GSE120805
ANKRD29,1,0.2739997198,GSE120805
SDHAF4,1,0.06723060142,GSE120805
THY1,-1,0.05808187914,GSE120805
DNAAF1,1,0.1618092192,GSE120805
CLMB,1,0.7095500933,GSE120805
TBCEL,1,0.000196606516,GSE120805
JPH3,1,NA,GSE120805
ANKH,-1,0.5663342627,GSE120805
OTULIN,-1,0.4391481759,GSE120805
UBASH3B,-1,1.52E-05,GSE120805
ROBO4,1,0.9287735892,GSE120805
ROBO3,1,0.3600670223,GSE120805
TBRG1,1,0.4976430432,GSE120805
NRGN,-1,0.7585217766,GSE120805
RETREG1,1,0.02144999495,GSE120805
TOMM70,-1,0.9636442667,GSE120805
ABI3BP,-1,0.09120152171,GSE120805
ANGPT1,-1,0.5426560955,GSE120805
PITPNC1,1,0.5467431886,GSE120805
CC2D1B,-1,0.8475284437,GSE120805
CERS3,1,NA,GSE120805
PRKCA,-1,0.04945212716,GSE120805
LRRK1,-1,0.08251970672,GSE120805
CEP112,1,2.24E-06,GSE120805
ABCA9,1,0.9108306243,GSE120805
ABCA6,1,0.1608893098,GSE120805
ABCA10,-1,0.3709486256,GSE120805
ABCA5,-1,0.3642850329,GSE120805
ENPP3,1,0.1830289892,GSE120805
PGCKA1,-1,NA,GSE120805
UCHL1,1,0.4660397373,GSE120805
MIA3,-1,0.05830368419,GSE120805
DISP1,-1,0.1377137569,GSE120805
TNIK,-1,0.0009587153729,GSE120805
TDH,1,NA,GSE120805
FAM167A,1,0.6374062797,GSE120805
NEIL2,-1,1.63E-06,GSE120805
PGM5,-1,0.8366825178,GSE120805
OBSCN,-1,0.5297157299,GSE120805
LONRF1,-1,0.02141196871,GSE120805
TRIM11,1,0.9882413853,GSE120805
ENAH,-1,0.1680300159,GSE120805
PPP1R3A,1,NA,GSE120805
CCSAP,1,0.6182978535,GSE120805
SH3RF1,-1,0.5961575716,GSE120805
BUB3,1,0.07781650411,GSE120805
CFAP210,1,0.7250357506,GSE120805
MMP21,-1,NA,GSE120805
C10orf90,-1,NA,GSE120805
DIPK1A,-1,0.2797347489,GSE120805
ATP5MC3,-1,0.6996699191,GSE120805
CNTNAP3B,-1,0.3856411995,GSE120805
SRSF12,1,0.709147013,GSE120805
PDLIM3,-1,8.72E-05,GSE120805
SORBS2,-1,0.3247704174,GSE120805
ELOC,1,0.9520212235,GSE120805
LY96,1,9.06E-07,GSE120805
TMSB4Y,1,0.1295547943,GSE120805
CXADR,1,0.8155959231,GSE120805
BTG3,-1,0.1724938091,GSE120805
C21orf91,-1,0.7879024481,GSE120805
CHODL,-1,0.7387175178,GSE120805
TMPRSS15,-1,5.96E-09,GSE120805
NCAM2,-1,0.8935225789,GSE120805
PDE1C,-1,7.65E-18,GSE120805
RABGEF1,1,0.7420677683,GSE120805
MRPL39,-1,0.9175393485,GSE120805
JAM2,-1,0.1048814126,GSE120805
ATP5PF,-1,0.3772319262,GSE120805
GABPA,-1,0.9184018846,GSE120805
ADAMTS1,-1,1.86E-13,GSE120805
ADAMTS5,-1,1.39E-06,GSE120805
TSEN2,-1,0.2552668384,GSE120805
SLFN13,-1,0.6023614717,GSE120805
XPC,1,7.76E-09,GSE120805
CCDC174,-1,0.6041852937,GSE120805
FGD5,-1,NA,GSE120805
FLCN,1,0.3530135946,GSE120805
DPH3,-1,0.8150269295,GSE120805
OXNAD1,-1,0.4032795639,GSE120805
PLCL2,1,4.71E-05,GSE120805
CXXC1,-1,0.5260015779,GSE120805
SKA1,1,0.1970113678,GSE120805
PPP4R1,-1,0.08936353565,GSE120805
PIEZO2,-1,3.90E-07,GSE120805
MPPE1,1,1.73E-09,GSE120805
CCDC144CP,-1,0.3246932768,GSE120805
USP43,1,0.2579698153,GSE120805
RAB6B,1,0.2417549452,GSE120805
EME1,1,0.04681973901,GSE120805
EPHB1,1,NA,GSE120805
ACSS1,1,NA,GSE120805
ANKRD40,-1,0.6679777966,GSE120805
ZNF18,-1,0.07876595362,GSE120805
VOPP1,-1,1.41E-07,GSE120805
SEPTIN14,-1,NA,GSE120805
APOOL,-1,0.8791792716,GSE120805
DKK2,1,0.0001937173253,GSE120805
CYP2U1,1,0.07386541726,GSE120805
RSPH10B,-1,NA,GSE120805
RSPH10B2,-1,NA,GSE120805
FBXL18,-1,0.9904365617,GSE120805
PROM2,-1,0.9554797993,GSE120805
AK9,1,0.0004076381626,GSE120805
KLF10,1,0.9088380481,GSE120805
PTPRN2,1,NA,GSE120805
AZIN1,1,0.1117995959,GSE120805
ATP6V1C1,1,0.01125580525,GSE120805
PIP4P2,1,0.6429919499,GSE120805
OTUD6B,-1,0.9801010023,GSE120805
CDK19,1,2.40E-08,GSE120805
GTF3C6,-1,0.05728855328,GSE120805
TTC39B,-1,0.9630443976,GSE120805
AGPAT5,-1,0.005019667273,GSE120805
MMS19,-1,1.35E-05,GSE120805
PI4K2A,1,0.4157146425,GSE120805
MARVELD1,-1,0.1932539914,GSE120805
ZFYVE27,1,0.05627108543,GSE120805
GOLGA7B,1,NA,GSE120805
GPR78,1,NA,GSE120805
TRMT44,-1,0.6309625373,GSE120805
SLC25A28,-1,0.5846011175,GSE120805
HSPA13,1,0.09280280859,GSE120805
SAMSN1,-1,NA,GSE120805
USP25,-1,0.199818274,GSE120805
GRAMD2B,-1,0.1053100653,GSE120805
ZCCHC10,-1,0.9557029099,GSE120805
C16orf87,1,0.2303765174,GSE120805
MOV10,1,0.9912702549,GSE120805
RHOC,1,0.836295857,GSE120805
PPM1J,1,0.8166535887,GSE120805
DBI,-1,0.07887140116,GSE120805
SLC16A1,-1,0.0001300755348,GSE120805
HEATR3,-1,0.8002665754,GSE120805
TRIM74,1,NA,GSE120805
NIFK,-1,0.001571783391,GSE120805
OXA1L,-1,0.07858013418,GSE120805
SLC7A7,1,0.3355088701,GSE120805
LARP1,-1,0.5834020654,GSE120805
CNOT8,1,0.655614425,GSE120805
GRIA1,-1,0.7222936381,GSE120805
LRGUK,1,0.4397782557,GSE120805
SETD9,-1,0.6235901608,GSE120805
MIER3,1,0.7758433771,GSE120805
NUP205,-1,0.1269358282,GSE120805
ZKSCAN2,-1,0.9703445575,GSE120805
C9orf85,1,0.0003880511384,GSE120805
PIK3AP1,1,0.7521024859,GSE120805
RBM45,-1,0.7510345702,GSE120805
TTN,1,0.05602881474,GSE120805
PDIA4,-1,4.31E-05,GSE120805
KDM8,-1,0.8031575682,GSE120805
OTOA,1,NA,GSE120805
KCTD18,1,0.1471985058,GSE120805
HYCC2,1,0.5551478211,GSE120805
FLACC1,-1,0.6894667839,GSE120805
CATSPERT,1,0.3882693136,GSE120805
TMEM237,-1,0.9045961357,GSE120805
FZD7,1,0.04805296974,GSE120805
SPAG17,1,0.5807399389,GSE120805
DEPTOR,-1,0.810222291,GSE120805
FMN2,-1,0.2023392367,GSE120805
RNF20,-1,0.9825482338,GSE120805
PPARGC1B,-1,2.25E-10,GSE120805
SLC26A2,1,0.04219833313,GSE120805
LSM11,-1,3.16E-08,GSE120805
MED7,-1,0.9575818524,GSE120805
SAXO1,1,NA,GSE120805
RRAGA,-1,0.02640654529,GSE120805
PXYLP1,-1,0.0008601808553,GSE120805
ADCY8,1,NA,GSE120805
RASA2,-1,0.6194692259,GSE120805
RMND1,-1,0.8358437565,GSE120805
RAET1L,-1,NA,GSE120805
SLA,-1,0.3089824834,GSE120805
TMBIM4,1,0.6380287519,GSE120805
VBP1,1,0.9386923807,GSE120805
RAB39B,-1,0.7629674467,GSE120805
CLIC2,1,0.7273132788,GSE120805
AFF2,-1,0.8701363897,GSE120805
MICU3,1,0.4551578777,GSE120805
GRIP1,1,0.9489120535,GSE120805
VPS37A,1,0.0004479504541,GSE120805
KIF5A,1,0.4086700784,GSE120805
NAT2,1,0.8685729697,GSE120805
PSD3,1,0.9295170046,GSE120805
CARNMT1,-1,0.02758411481,GSE120805
MCU,1,0.7943746546,GSE120805
MIDEAS,-1,0.8475284437,GSE120805
CFAP70,1,7.34E-18,GSE120805
GNA14,1,0.8166192422,GSE120805
FAM161B,1,0.01102175963,GSE120805
GNAQ,-1,0.9057166038,GSE120805
WIF1,1,NA,GSE120805
UGT2B4,-1,0.4511932169,GSE120805
GPR61,1,0.3656925117,GSE120805
MMP16,-1,8.73E-06,GSE120805
ADK,-1,0.0218948875,GSE120805
KCNMA1,-1,0.7690590242,GSE120805
DCK,-1,0.9971994969,GSE120805
ADAMTS3,-1,0.4380070485,GSE120805
DPY19L4,1,0.804544911,GSE120805
NDUFAF6,-1,0.8310723972,GSE120805
DRAM2,-1,0.8666988767,GSE120805
CFAP418,-1,0.1197469026,GSE120805
PPEF2,1,NA,GSE120805
CFAP161,1,0.9398409305,GSE120805
ADAMTSL3,-1,0.881648799,GSE120805
ART3,1,NA,GSE120805
SLC28A1,1,NA,GSE120805
WHAMM,-1,0.3976800035,GSE120805
HEMK2,-1,0.5759077116,GSE120805
RWDD2B,-1,0.09989191541,GSE120805
USP16,1,0.9968625386,GSE120805
CCT8,-1,0.7206798135,GSE120805
MAP3K7CL,-1,3.20E-08,GSE120805
BACH1,1,0.2367906356,GSE120805
GRIK1-AS2,1,0.2367906356,GSE120805
TIAM1,-1,0.0001048829029,GSE120805
SCAF4,-1,0.9285391667,GSE120805
RPGR,-1,0.409081481,GSE120805
CDK20,1,0.001460631993,GSE120805
PCGF6,1,0.9689186512,GSE120805
ANKRD9,-1,0.7762719565,GSE120805
SFR1,1,0.9032421349,GSE120805
SFXN2,-1,5.97E-07,GSE120805
ATP5MJ,1,0.2664017035,GSE120805
TDRD9,1,0.9876448854,GSE120805
FGF18,1,0.9980147593,GSE120805
PCDH1,1,0.04219833313,GSE120805
SH3RF2,-1,0.01806297519,GSE120805
GDF6,-1,1.27E-08,GSE120805
UQCRB,1,0.8430389148,GSE120805
MTERF3,-1,0.392382539,GSE120805
PTDSS1,-1,8.47E-06,GSE120805
PPP2R2B,1,0.987456985,GSE120805
RPL30,-1,0.4701925786,GSE120805
KCNS2,-1,0.7411688847,GSE120805
PABIR3,1,0.4560426813,GSE120805
SUPV3L1,-1,0.002269471552,GSE120805
PABIR2,1,0.1674493965,GSE120805
EEF1A1,-1,0.5831454898,GSE120805
FBXO43,1,0.009720276401,GSE120805
HKDC1,1,0.0009810265724,GSE120805
HK1,-1,0.7384774059,GSE120805
TYSND1,1,0.3008438239,GSE120805
PHF6,1,0.3933375407,GSE120805
CD109,-1,0.1887722074,GSE120805
NODAL,1,NA,GSE120805
UBE2L6,1,4.43E-06,GSE120805
ZDHHC5,-1,0.982857564,GSE120805
MED19,-1,0.4646526033,GSE120805
ZFAND3,1,0.9097291844,GSE120805
NPTN,1,0.9350236552,GSE120805
KAT6B,-1,0.5556796678,GSE120805
SAMD8,1,3.75E-07,GSE120805
RAB11FIP1,-1,0.08806543,GSE120805
UNC5D,-1,NA,GSE120805
GLYATL2,-1,0.6334433748,GSE120805
UTP14A,-1,4.63E-06,GSE120805
AIFM1,1,0.8190344806,GSE120805
MAPK13,1,0.0003061778319,GSE120805
BAG4,-1,0.9798016825,GSE120805
TBC1D31,1,0.2432200944,GSE120805
NTAQ1,-1,0.06003249281,GSE120805
ATAD2,1,0.3997571663,GSE120805
FBXO32,1,0.0001362476163,GSE120805
NSMCE2,1,0.4556282789,GSE120805
ZNF689,-1,0.002779665203,GSE120805
PRR14,-1,0.6045031997,GSE120805
FBRS,-1,0.9449795317,GSE120805
FRRS1,1,0.3920472136,GSE120805
PHKG2,1,0.7258335084,GSE120805
SLC71A1,1,0.9632744347,GSE120805
SASS6,1,0.1947706796,GSE120805
MALSU1,-1,0.8096057812,GSE120805
VPS8,1,0.0008477883659,GSE120805
GALK2,-1,0.9685930581,GSE120805
B3GNT7,1,0.9355916906,GSE120805
MPV17L,1,0.5382974,GSE120805
BUB1B,1,2.97E-09,GSE120805
PDE6D,1,1.55E-11,GSE120805
EIF4A2,1,0.9023564003,GSE120805
BRPF1,-1,0.978426292,GSE120805
RPUSD3,1,0.160609101,GSE120805
TATDN2,-1,0.2247492386,GSE120805
GHRL,-1,0.4652297196,GSE120805
SEC13,-1,0.02301351536,GSE120805
EXOG,1,0.9995559892,GSE120805
NTAN1,-1,0.2778409444,GSE120805
NMNAT2,-1,2.97E-05,GSE120805
ZFYVE9,1,0.9370163036,GSE120805
ATP2B2,1,0.8553242045,GSE120805
SMG1,-1,0.5430695792,GSE120805
FCHO2,1,0.7197364884,GSE120805
RBPMS,-1,0.4400943443,GSE120805
TMEM171,-1,0.09110739913,GSE120805
TIMP4,1,1.66E-17,GSE120805
SYN2,1,0.5639985519,GSE120805
NRG1,-1,2.50E-10,GSE120805
ODR4,1,0.9759408775,GSE120805
CPT2,1,0.03432077588,GSE120805
NECAP2,1,0.5128316461,GSE120805
LRP8,-1,0.001217257429,GSE120805
CDCP2,1,NA,GSE120805
PAXIP1,-1,0.0001197894823,GSE120805
STEAP2,1,3.10E-07,GSE120805
SSBP3,-1,0.9561151573,GSE120805
CLDN12,1,0.01645622845,GSE120805
MMP14,1,0.6594034255,GSE120805
FZD1,-1,8.74E-05,GSE120805
GATAD1,1,0.8831631855,GSE120805
SUSD3,-1,NA,GSE120805
TMED6,1,0.7393281664,GSE120805
CLEC18A,-1,0.1040944148,GSE120805
DHRS4,1,0.6019634206,GSE120805
CLEC18C,-1,NA,GSE120805
CLEC18A,-1,NA,GSE120805
CLEC18B,-1,NA,GSE120805
LOC124907806,-1,NA,GSE120805
ARMC12,1,0.9416652771,GSE120805
DDX19B,-1,0.3974087948,GSE120805
ST3GAL2,-1,0.8439983965,GSE120805
FCSK,1,0.1022167796,GSE120805
IL34,1,0.8299186706,GSE120805
DHRS1,1,0.3533954375,GSE120805
CACNA1D,1,NA,GSE120805
ARSL,1,0.004477364548,GSE120805
KIT,-1,0.0861727135,GSE120805
HYDIN,1,NA,GSE120805
AASDH,1,0.5384884576,GSE120805
ZNF19,1,0.8507366906,GSE120805
LOC124903710,1,0.8507366906,GSE120805
CACNA2D3,-1,0.4145588453,GSE120805
RNF111,-1,0.9338198801,GSE120805
CCNB2,1,4.62E-22,GSE120805
FAM81A,-1,0.0337999421,GSE120805
MYO1E,-1,1.64E-19,GSE120805
APPL1,-1,0.1496542879,GSE120805
PWWP3B,-1,NA,GSE120805
AFAP1L1,1,0.7164827283,GSE120805
TSC22D3,-1,0.637110351,GSE120805
VPS26C,1,0.8439983965,GSE120805
DYRK1A,-1,0.9990929658,GSE120805
KCNJ15,1,0.01750433507,GSE120805
ERG,1,NA,GSE120805
ETS2,-1,2.19E-09,GSE120805
TSPAN18,1,NA,GSE120805
LCA5L,1,0.004924434303,GSE120805
SLC35B2,1,0.4598549797,GSE120805
TMEM164,-1,0.002129318746,GSE120805
MX1,1,0.2963056381,GSE120805
CREB3L1,-1,0.809069295,GSE120805
C2CD2,1,0.1190802293,GSE120805
TAB3,1,0.9039670532,GSE120805
SLC38A10,1,0.2684453067,GSE120805
C9orf43,1,0.5829916649,GSE120805
PALM2AKAP2,-1,0.002312444105,GSE120805
ZNF618,-1,0.8915154096,GSE120805
DGKI,-1,2.57E-09,GSE120805
TMEM268,-1,0.7118069401,GSE120805
SNX22,-1,0.4192105321,GSE120805
UBN2,1,0.9766217402,GSE120805
BRAF,1,0.2576380639,GSE120805
SLC34A2,-1,0.8301177714,GSE120805
ACAN,1,NA,GSE120805
PSMG3,-1,0.6445885733,GSE120805
CABP1,-1,0.01539894552,GSE120805
WDR19,-1,0.9295178466,GSE120805
SLC37A3,1,0.940931519,GSE120805
AP3S2,1,0.4636394978,GSE120805
FMNL2,-1,4.69E-11,GSE120805
GAREM2,-1,0.9138710982,GSE120805
SPPL3,1,0.8265242136,GSE120805
DPYSL5,1,NA,GSE120805
DRC1,1,0.6199433043,GSE120805
RAB28,-1,0.9801010023,GSE120805
PRXL2B,-1,0.0003913987031,GSE120805
TNFRSF14,1,9.34E-18,GSE120805
PANK4,-1,0.7209015655,GSE120805
MEGF11,1,0.8881775407,GSE120805
C12orf43,-1,0.001169229849,GSE120805
PEX10,1,0.3667371872,GSE120805
RER1,1,0.8598895184,GSE120805
RADIL,-1,0.8992527624,GSE120805
SKI,-1,0.9626244006,GSE120805
WIPI2,1,0.005019667273,GSE120805
LDLRAP1,1,0.08994907724,GSE120805
AGAP1,-1,0.00106236197,GSE120805
KRTCAP3,1,0.964443069,GSE120805
ANKRD61,-1,0.2771943866,GSE120805
PAFAH2,1,0.8058461555,GSE120805
EXTL1,-1,0.7021916836,GSE120805
SLC30A2,-1,NA,GSE120805
BABAM2,-1,0.3312181307,GSE120805
TRIM63,1,NA,GSE120805
CFAP251,1,1.14E-05,GSE120805
MRPL17,-1,0.1351250291,GSE120805
DUSP2,1,0.5530409219,GSE120805
GRHL3,1,2.00E-16,GSE120805
UBXN11,1,0.7232107622,GSE120805
NLRP14,1,0.9256993297,GSE120805
PTPDC1,1,0.8746343832,GSE120805
NCK1,-1,0.8287139526,GSE120805
HPD,1,0.1852356612,GSE120805
RHPN1,1,1.16E-06,GSE120805
TPRG1L,1,0.298391458,GSE120805
LRRC43,1,0.05456308271,GSE120805
PRXL2C,-1,0.5354271964,GSE120805
XDH,-1,0.0006720704336,GSE120805
XKR8,1,0.00151245086,GSE120805
CNNM4,-1,0.8079681533,GSE120805
EYA3,-1,0.2417549452,GSE120805
DZIP1L,-1,0.1810105553,GSE120805
TMSB15A,-1,0.3800924715,GSE120805
FANCC,-1,0.08185483827,GSE120805
LOC105376156,-1,0.08185483827,GSE120805
MRAS,1,0.3741718316,GSE120805
WASF2,-1,0.8267514881,GSE120805
ABHD3,1,0.1276710737,GSE120805
ESYT3,1,0.9836840624,GSE120805
FAIM,-1,0.5107696375,GSE120805
TENT5B,-1,0.2897075844,GSE120805
CLSTN2,-1,0.4339793315,GSE120805
COLEC12,-1,0.6136214142,GSE120805
RNF207,1,0.8012176904,GSE120805
CUL4B,-1,0.0001490619517,GSE120805
GPR153,-1,0.6533206318,GSE120805
SLC13A3,-1,NA,GSE120805
GPRASP2,1,0.02979938855,GSE120805
ARMCX5-GPRASP2,1,0.02979938855,GSE120805
RHBDL2,1,0.0009959147597,GSE120805
AUTS2,-1,0.02961092736,GSE120805
H2BC5,-1,6.23E-14,GSE120805
CDC25C,1,1.02E-10,GSE120805
H4C8,-1,5.22E-12,GSE120805
MITD1,1,0.541449975,GSE120805
EIF5B,-1,0.3791972081,GSE120805
RIBC1,1,0.04274606577,GSE120805
TMSB15B,1,0.6087398919,GSE120805
CATIP,1,NA,GSE120805
CNOT11,-1,0.5582709268,GSE120805
KCNB1,-1,0.3161789293,GSE120805
TSPAN33,1,2.73E-19,GSE120805
NRG2,1,0.3379850527,GSE120805
AHCYL2,1,1.39E-07,GSE120805
B4GALT5,1,0.01366937992,GSE120805
CD1D,1,NA,GSE120805
SPATA2,-1,0.75330094,GSE120805
FAM86C1P,-1,0.0009433036777,GSE120805
DNAH3,-1,0.8304391212,GSE120805
CPA2,-1,0.9197482453,GSE120805
NCF1,-1,NA,GSE120805
CPA5,1,0.3896618618,GSE120805
TSR2,1,0.9703445575,GSE120805
PPP1R9A,1,3.01E-06,GSE120805
ZC3H18,-1,0.9197482453,GSE120805
ZFAND2B,-1,0.6318022201,GSE120805
GDPD5,1,0.5057327409,GSE120805
DYNC1I1,1,0.1205636214,GSE120805
PFKFB1,1,0.6719787419,GSE120805
TMED4,1,9.55E-07,GSE120805
PPP1R15B,-1,0.1873320387,GSE120805
COPG2,1,0.9954685022,GSE120805
EMSY,-1,0.9108306243,GSE120805
GPAT4,1,0.8243432988,GSE120805
PKD1L1,1,0.03131584698,GSE120805
ZSCAN12,-1,0.9955823148,GSE120805
TAGLN2,-1,3.02E-06,GSE120805
ELK4,-1,0.8231345465,GSE120805
SLAMF8,-1,0.6846852413,GSE120805
SLC45A3,1,0.0006705033946,GSE120805
DUSP23,-1,0.01749017992,GSE120805
RNF166,1,0.1141393465,GSE120805
OR10J6P,-1,0.8176820063,GSE120805
NBL1,1,0.75330094,GSE120805
MICOS10-NBL1,1,0.75330094,GSE120805
HTR6,-1,NA,GSE120805
F11R,1,0.00580033851,GSE120805
USF1,1,0.4207652397,GSE120805
SPATA2L,1,0.6949323918,GSE120805
NIT1,1,0.07457095188,GSE120805
DEDD,-1,0.8029195191,GSE120805
ZNF276,-1,0.09766089235,GSE120805
NPM2,1,0.05426669129,GSE120805
FGF17,1,0.2637701838,GSE120805
CDA,-1,0.5699690085,GSE120805
PINK1,1,0.0714235895,GSE120805
B4GALT3,1,0.1458015587,GSE120805
DMTN,1,0.07811032305,GSE120805
ADAMTS4,1,3.74E-05,GSE120805
FHIP2B,1,0.9697658707,GSE120805
NDUFS2,1,0.9820269509,GSE120805
SLC5A11,-1,NA,GSE120805
FCER1G,1,0.9198577548,GSE120805
TOMM40L,-1,0.0353110934,GSE120805
MPZ,1,0.001345330618,GSE120805
CCAR2,1,0.9981070468,GSE120805
CACHD1,-1,0.008572657466,GSE120805
CDC42SE2,-1,0.5473499165,GSE120805
RAPGEF6,-1,0.8929577902,GSE120805
EPB41,1,0.9841296623,GSE120805
MIS18A,-1,0.523008853,GSE120805
ALG8,-1,0.4794239071,GSE120805
FBXW5,1,0.7447476185,GSE120805
CFAP298,1,0.94430947,GSE120805
SYNJ1,-1,0.9511931341,GSE120805
PAXBP1,1,0.8102127987,GSE120805
IFNAR2,-1,0.1811952628,GSE120805
MRPL10,-1,0.7701772655,GSE120805
IFNGR2,1,0.05728855328,GSE120805
GART,-1,6.35E-15,GSE120805
SON,-1,0.8757022543,GSE120805
DONSON,-1,0.5104023278,GSE120805
SV2A,1,0.3255789373,GSE120805
LAD1,1,0.9980104569,GSE120805
STC1,-1,0.008277019169,GSE120805
TNNI1,1,NA,GSE120805
CSRP1,-1,7.42E-07,GSE120805
PRAC1,1,NA,GSE120805
HOXB13,1,0.002799034645,GSE120805
ATP5POP1,-1,0.2525859209,GSE120805
ATP5MC1,-1,2.29E-07,GSE120805
RCAN1,-1,0.08272273895,GSE120805
UBE2Z,-1,0.355716517,GSE120805
CIART,-1,0.0002719371219,GSE120805
SNF8,-1,0.9622913854,GSE120805
CLIC6,1,NA,GSE120805
CCDC24,1,9.11E-07,GSE120805
RUNX1,-1,0.4690273746,GSE120805
LOC100506403,-1,0.4690273746,GSE120805
IGF2BP1,-1,0.1767457349,GSE120805
GIP,1,0.8513917675,GSE120805
CBR1,-1,0.1864351596,GSE120805
CBR3,-1,0.02359727296,GSE120805
GJD2,1,0.599606523,GSE120805
ACTC1,-1,0.0004320043433,GSE120805
MORC3,1,0.7886798197,GSE120805
CHAF1B,-1,0.1567149497,GSE120805
CLDN14,-1,0.2083046484,GSE120805
SIM2,-1,0.1224681519,GSE120805
HLCS,-1,0.7360474994,GSE120805
SCUBE1,1,NA,GSE120805
ARHGAP27,1,1.86E-12,GSE120805
ADPGK,-1,0.8332957103,GSE120805
PTMS,-1,0.7536055485,GSE120805
PLA2G4D,1,NA,GSE120805
PADI4,1,0.004991422421,GSE120805
ADIPOR1,1,2.16E-07,GSE120805
CYB5R1,1,0.02158458759,GSE120805
PSMD4,1,0.1514826643,GSE120805
ATP13A2,-1,0.4580039799,GSE120805
M1AP,1,NA,GSE120805
PSMB4,1,0.4685171884,GSE120805
BTG2,1,9.68E-21,GSE120805
HK2,-1,1.26E-14,GSE120805
C1R,1,0.341525105,GSE120805
CELF3,1,NA,GSE120805
ALDH4A1,1,0.7783506049,GSE120805
STARD9,-1,0.6880127117,GSE120805
THEM4,1,0.9565284893,GSE120805
TCHH,1,0.9986359678,GSE120805
UBR1,1,1.62E-08,GSE120805
AMFR,1,0.414660834,GSE120805
MED8,-1,0.8571210502,GSE120805
RGL4,-1,NA,GSE120805
ISL2,-1,0.5627005861,GSE120805
RSPRY1,1,0.9392814633,GSE120805
CCDC17,-1,0.9707887734,GSE120805
GPBP1L1,1,0.07537977366,GSE120805
NAE1,1,0.9417868793,GSE120805
TMEM69,1,0.2000349389,GSE120805
ADGRG5,1,NA,GSE120805
DRC7,1,0.4615651464,GSE120805
ACE,-1,0.3134527758,GSE120805
SPMIP8,-1,NA,GSE120805
UROC1,1,NA,GSE120805
EFCAB14,-1,0.8238944362,GSE120805
SPON2,-1,0.6046552514,GSE120805
CHCHD6,1,0.1707834219,GSE120805
CTBP1,-1,0.8257751706,GSE120805
LRRC36,1,NA,GSE120805
TPPP3,1,0.4624289804,GSE120805
ZDHHC1,1,3.72E-07,GSE120805
ATP6V0D1,1,0.005923045123,GSE120805
ZFYVE28,1,4.85E-06,GSE120805
CARMIL2,1,0.02915833112,GSE120805
C16orf86,1,0.0007969262868,GSE120805
FAM131B,-1,0.6121920356,GSE120805
RGS12,1,0.1645657383,GSE120805
PSKH1,1,0.5062839256,GSE120805
ZYX,-1,0.1859087675,GSE120805
ABR,1,0.9571741622,GSE120805
LYPD5,1,0.6157832789,GSE120805
CCDC117,-1,0.9067794051,GSE120805
ZNF230,-1,0.8462894098,GSE120805
CCDC107,-1,1.35E-10,GSE120805
ZNF222,1,0.9897448385,GSE120805
NPR2,1,0.01440409783,GSE120805
ZNF221,-1,0.7559842515,GSE120805
ZNF233,-1,0.9346060322,GSE120805
ZNF235,-1,0.8831631855,GSE120805
GNE,1,0.08395673125,GSE120805
TNFRSF13C,1,0.9876394238,GSE120805
ARHGAP35,-1,0.637110351,GSE120805
PTGIR,1,0.4877081956,GSE120805
CALM3,1,0.881648799,GSE120805
DFFA,-1,0.07887140116,GSE120805
CCDC28B,1,0.03699858888,GSE120805
IQCC,-1,0.4363902304,GSE120805
TMEM234,1,0.01280258698,GSE120805
BSDC1,1,0.0003513216287,GSE120805
ZBTB8A,-1,0.2458395907,GSE120805
ATAD3B,-1,0.08703271199,GSE120805
SSU72,-1,0.8038671652,GSE120805
UBE2J2,-1,0.1724047526,GSE120805
ZNF362,-1,0.9255460654,GSE120805
FNDC5,1,0.3247704174,GSE120805
CPAMD8,1,0.5576341209,GSE120805
NR2F6,1,0.8303651299,GSE120805
ANKLE1,-1,0.6414200622,GSE120805
MIX23,-1,0.5696743941,GSE120805
VMA21,1,0.1045636664,GSE120805
KALRN,-1,0.242731599,GSE120805
CILP2,-1,0.9766217402,GSE120805
ABCG1,-1,NA,GSE120805
TMPRSS3,1,0.5393957763,GSE120805
SLC37A1,1,1.40E-08,GSE120805
PDE9A,1,NA,GSE120805
WDR4,-1,4.92E-07,GSE120805
NDUFV3,1,0.02589742696,GSE120805
PKNOX1,-1,0.0001107851885,GSE120805
CBS,-1,0.0001313817262,GSE120805
LOC102724560,-1,0.0001313817262,GSE120805
U2AF1,1,0.4964075971,GSE120805
LOC102724594,1,0.4964075971,GSE120805
HSF2BP,1,0.6248574752,GSE120805
RRP1B,-1,4.53E-07,GSE120805
PDXK,-1,0.03784955105,GSE120805
G6PD,-1,0.4606886478,GSE120805
CSTB,1,0.8966696239,GSE120805
RRP1,-1,0.0003110075134,GSE120805
AGPAT3,1,0.1190578424,GSE120805
TRAPPC10,1,0.3065673277,GSE120805
GAB3,1,0.1302676434,GSE120805
GATD3,1,0.01415588273,GSE120805
ICOSLG,-1,0.7116629356,GSE120805
LOC102723996,-1,0.7116629356,GSE120805
AIRE,1,0.0288656903,GSE120805
CFAP410,1,0.3889500775,GSE120805
ZNF66,-1,0.8669418732,GSE120805
ITGB2,1,0.5711909275,GSE120805
SLX9,-1,0.6426498709,GSE120805
RALGDS,1,0.004667648311,GSE120805
FTCD,-1,0.7495995051,GSE120805
SPATC1L,-1,0.7172982078,GSE120805
LSS,-1,0.000162855049,GSE120805
VAV2,-1,0.09650478043,GSE120805
MCM3AP,1,0.8306011129,GSE120805
C21orf58,1,0.2135746269,GSE120805
PCNT,-1,0.7205566362,GSE120805
DIP2A,1,0.06484107857,GSE120805
S100B,1,0.3362175583,GSE120805
PRMT2,-1,0.8779112886,GSE120805
CLDND2,1,0.7616771336,GSE120805
ZNF208,-1,0.9186472525,GSE120805
ADAMTS13,1,0.006211608697,GSE120805
CACFD1,1,0.4093165457,GSE120805
SLC2A6,1,0.07358309707,GSE120805
ZNF761,-1,0.5695348192,GSE120805
ZNF765-ZNF761,-1,0.5695348192,GSE120805
PIERCE1,1,0.06865386857,GSE120805
ZNF714,-1,0.1802317638,GSE120805
GPSM1,1,0.9942285054,GSE120805
C19orf47,-1,0.9051510345,GSE120805
HIPK4,-1,0.6526549599,GSE120805
CFAP157,1,NA,GSE120805
TOR2A,1,0.8217943951,GSE120805
ST6GALNAC6,-1,2.21E-05,GSE120805
SHKBP1,-1,0.9526640177,GSE120805
RDH13,-1,0.08691411508,GSE120805
ZER1,1,0.1522615393,GSE120805
ZDHHC12,1,0.9197482453,GSE120805
PKN3,-1,0.8686901212,GSE120805
SPTBN4,1,0.001151704054,GSE120805
BRSK1,1,7.89E-09,GSE120805
COX6B2,1,0.4617199073,GSE120805
TMEM190,1,0.6300810944,GSE120805
NLRP4,1,NA,GSE120805
PLPP7,1,4.90E-19,GSE120805
TAOK1,1,0.3221843016,GSE120805
MED27,-1,0.7041256557,GSE120805
DEDD2,1,0.0002531397822,GSE120805
SIK3,-1,0.9346684462,GSE120805
MPZL3,1,0.9143686046,GSE120805
NEK8,1,0.8366825178,GSE120805
TLCD1,-1,0.0006051362665,GSE120805
PCSK7,1,0.8783327483,GSE120805
SAFB,-1,0.3740556999,GSE120805
S100A1,-1,0.8220982332,GSE120805
CHTOP,-1,0.8466161406,GSE120805
CXCR5,-1,NA,GSE120805
ZBTB7B,1,0.3945705633,GSE120805
FLAD1,-1,0.0430755304,GSE120805
SHC1,-1,0.5750839968,GSE120805
VPS11,1,0.2226640341,GSE120805
NLRX1,1,0.650682271,GSE120805
ADAR,-1,0.9995559892,GSE120805
IL6R,1,0.005448065852,GSE120805
UBE2Q1,1,0.3756249475,GSE120805
CHRNB2,1,0.5053248839,GSE120805
CRTC2,-1,0.9044347257,GSE120805
ANO10,-1,0.7383978208,GSE120805
FDPS,-1,0.001077289136,GSE120805
RUSC1,-1,0.4401260409,GSE120805
ENTREP3,-1,0.9338983392,GSE120805
PAQR6,-1,0.9391089661,GSE120805
PMF1,1,0.3790813257,GSE120805
SLC25A44,-1,0.9579684474,GSE120805
LMNA,1,0.161299329,GSE120805
NBEAL2,-1,0.4506682125,GSE120805
CCDC12,-1,0.01386796226,GSE120805
PTH1R,1,0.009235572148,GSE120805
UBQLN4,-1,0.8129484712,GSE120805
MYL3,1,0.1544100717,GSE120805
PPP1R35,-1,0.3553775623,GSE120805
GPATCH4,-1,0.02445777344,GSE120805
LRRC71,-1,0.8252605632,GSE120805
AZGP1,1,0.8998672784,GSE120805
FGFR4,-1,1.41E-07,GSE120805
NACC1,-1,0.838809069,GSE120805
HK3,-1,NA,GSE120805
LY6K,-1,0.9194461121,GSE120805
IER2,-1,0.7011371592,GSE120805
ZNF394,1,0.9853079779,GSE120805
CPSF4,-1,0.9163495587,GSE120805
LY6E,-1,0.3173259182,GSE120805
VPS28,-1,0.05969346393,GSE120805
TONSL,-1,0.9697658707,GSE120805
PTGER1,-1,0.9600406677,GSE120805
PWWP3A,-1,0.4713644471,GSE120805
RECQL4,-1,0.1276303656,GSE120805
LRRC14,-1,0.5711909275,GSE120805
ZNF333,-1,0.00225690069,GSE120805
COL26A1,1,NA,GSE120805
PPP1R16A,1,0.8738837032,GSE120805
FOXH1,-1,0.3174228857,GSE120805
ORAI2,1,0.3244505631,GSE120805
ALKBH4,-1,0.5701774503,GSE120805
SH2B2,1,0.5204657928,GSE120805
MRNIP,1,0.9154633708,GSE120805
SQSTM1,1,2.20E-08,GSE120805
MGAT4B,1,0.8638993008,GSE120805
RPL8,-1,0.05047156799,GSE120805
MAML1,-1,0.9946193641,GSE120805
LRWD1,1,0.4966699639,GSE120805
FBXL13,1,0.08146648247,GSE120805
NAPEPLD,1,0.9597452734,GSE120805
SCGB3A1,1,0.4783656059,GSE120805
PSMC2,1,0.4615651464,GSE120805
CELF5,1,0.560771599,GSE120805
MFSD12,-1,7.96E-06,GSE120805
YDJC,-1,0.01734370197,GSE120805
CCDC116,-1,0.9628325394,GSE120805
DVL3,-1,0.9661189853,GSE120805
AP2M1,-1,0.7017709416,GSE120805
ABCF3,-1,0.9411967705,GSE120805
PCYT1A,1,0.9933024655,GSE120805
FBXO27,1,0.001008841962,GSE120805
DMKN,-1,4.23E-06,GSE120805
U2AF1L4,-1,0.1225020558,GSE120805
BDH1,1,0.05005369038,GSE120805
NPHS1,1,NA,GSE120805
THAP8,-1,0.8439983965,GSE120805
ZNF382,1,0.5318014132,GSE120805
LRRC56,1,0.09324184645,GSE120805
PLXDC1,1,0.009682358329,GSE120805
PGAP3,1,0.06230750369,GSE120805
IKZF3,1,NA,GSE120805
GRIN2C,1,1.78E-07,GSE120805
FDXR,1,8.75E-22,GSE120805
SAP30BP,-1,0.08462097074,GSE120805
ACOX1,1,1.79E-08,GSE120805
PRPSAP1,1,0.8202033924,GSE120805
CYGB,1,0.905763679,GSE120805
SRSF2,-1,0.001411945515,GSE120805
ZNF577,1,0.945395708,GSE120805
TMEM143,-1,0.805070112,GSE120805
KLHL10,1,0.6459357113,GSE120805
KASH5,1,NA,GSE120805
HCRT,1,NA,GSE120805
ALDH16A1,1,7.81E-06,GSE120805
ITGA5,-1,0.1145209291,GSE120805
ZNF385A,1,0.8843635656,GSE120805
MPP3,-1,0.05550143164,GSE120805
CD300LG,1,NA,GSE120805
NAGS,-1,0.9980104569,GSE120805
LSM12,-1,0.9615827992,GSE120805
ASB16,-1,0.9876448854,GSE120805
EMC10,1,0.001483485034,GSE120805
JOSD2,1,0.8607951724,GSE120805
FAM171A2,1,0.1059161786,GSE120805
DBF4B,1,0.179285679,GSE120805
PLCD3,1,0.7952274077,GSE120805
FMNL3,-1,0.6830347397,GSE120805
AQP5,-1,NA,GSE120805
RACGAP1,1,2.98E-10,GSE120805
LARP4,1,0.5841155124,GSE120805
TAMALIN,1,5.77E-07,GSE120805
RAVER1,-1,0.8420174099,GSE120805
KRT84,-1,NA,GSE120805
SYCE2,1,0.7786043535,GSE120805
SPC24,1,0.059199404,GSE120805
IP6K3,1,2.36E-35,GSE120805
LEMD2,1,0.6926186556,GSE120805
ALOX15,-1,0.04169567292,GSE120805
ZNF653,-1,0.872862383,GSE120805
MED11,-1,0.5323337231,GSE120805
CXCL16,1,0.9707887734,GSE120805
SCIMP,-1,NA,GSE120805
BCL6B,1,0.8720688415,GSE120805
TNFSF13,1,0.03438874965,GSE120805
SENP3,1,0.3087788349,GSE120805
FGF11,1,0.9831160279,GSE120805
EIF4A1,-1,0.8818070718,GSE120805
RPL26,-1,0.8217322509,GSE120805
CCDC42,-1,0.9622913854,GSE120805
POLR3K,-1,0.03293282834,GSE120805
SNRNP25,1,0.8858548153,GSE120805
PRR35,1,NA,GSE120805
WDR90,-1,0.9955350659,GSE120805
JMJD8,-1,0.3811187748,GSE120805
CCDC78,-1,0.003608862104,GSE120805
MSLNL,-1,NA,GSE120805
SPSB3,1,0.4780581718,GSE120805
HS3ST6,1,NA,GSE120805
TEDC2,-1,0.3006975686,GSE120805
CCNF,1,0.05426669129,GSE120805
TBC1D24,-1,0.9170826811,GSE120805
AMDHD2,1,0.837399562,GSE120805
NTN3,1,0.3692972904,GSE120805
BICDL2,-1,NA,GSE120805
PAQR4,-1,0.08979966948,GSE120805
FLYWCH2,1,0.79532579,GSE120805
ZG16B,-1,NA,GSE120805
ZNF75A,1,0.9846637157,GSE120805
ADCY9,-1,0.3871885041,GSE120805
SHANK2,-1,NA,GSE120805
CLPB,-1,0.3407977331,GSE120805
NEU3,1,0.4644568129,GSE120805
CYB561A3,1,0.5000381267,GSE120805
SAXO4,1,0.2602267275,GSE120805
ASRGL1,1,0.008792419195,GSE120805
GNG3,-1,NA,GSE120805
UBXN1,1,0.4030424524,GSE120805
LBHD1,1,0.4458224966,GSE120805
TTC9C,1,0.1773537018,GSE120805
TAF6L,-1,0.03752302622,GSE120805
NXF1,-1,0.9417934121,GSE120805
STX5,1,0.5050691911,GSE120805
SLC25A45,1,1.86E-05,GSE120805
RPL29,-1,0.02978465932,GSE120805
ITIH3,1,0.007218004905,GSE120805
SYVN1,-1,0.9923664184,GSE120805
ZFPL1,-1,0.6023400715,GSE120805
RPS6KA4,-1,2.70E-08,GSE120805
LRP5,1,0.6644656552,GSE120805
TPCN2,-1,0.9766217402,GSE120805
PDZK1IP1,1,NA,GSE120805
TAL1,1,NA,GSE120805
CMPK1,1,0.9579353236,GSE120805
BEND5,1,NA,GSE120805
COA7,-1,0.02204607303,GSE120805
ZYG11B,1,0.004985576948,GSE120805
SLC1A7,-1,0.7730861869,GSE120805
CZIB,-1,0.3521461323,GSE120805
MAGOH,-1,0.181036147,GSE120805
ACOT11,1,0.1450900745,GSE120805
PARS2,-1,0.01459280883,GSE120805
BSND,-1,NA,GSE120805
USP24,1,0.647039713,GSE120805
PLPP3,-1,0.6622173689,GSE120805
NOL9,-1,0.8466161406,GSE120805
PRKAA2,-1,0.9308851325,GSE120805
KLHL21,1,0.9037429255,GSE120805
ZSWIM5,1,0.9018786091,GSE120805
GMEB1,-1,9.30E-18,GSE120805
SLC45A1,-1,0.8257751706,GSE120805
SELENON,-1,0.9858083665,GSE120805
AK4,-1,1.12E-14,GSE120805
JAK1,1,0.7085412629,GSE120805
RAVER2,1,0.7991347207,GSE120805
CTRC,1,NA,GSE120805
LZIC,-1,0.007597396724,GSE120805
RBP7,1,0.8309423366,GSE120805
FBLIM1,1,0.03487836579,GSE120805
SLC25A34,-1,0.792605538,GSE120805
AKR7A3,-1,0.9858141255,GSE120805
DRAXIN,1,2.07E-31,GSE120805
PDPN,-1,NA,GSE120805
DHRS3,-1,0.5701774503,GSE120805
MATN1,1,NA,GSE120805
LAPTM5,1,1.02E-05,GSE120805
SDC3,-1,0.5586299886,GSE120805
PEF1,-1,0.4581100905,GSE120805
SYNC,-1,0.2665011894,GSE120805
RBBP4,-1,0.09802728706,GSE120805
NHSL3,1,0.9960939277,GSE120805
TSSK3,1,0.7616101966,GSE120805
TMCO4,1,0.0005349097593,GSE120805
CAMK2N1,1,0.8420174099,GSE120805
ALPL,1,0.9706225117,GSE120805
WNT4,1,2.60E-06,GSE120805
SCNN1D,1,0.04327047569,GSE120805
MXRA8,-1,0.1672722537,GSE120805
FAAP20,1,0.879041159,GSE120805
MEGF6,-1,0.004464290013,GSE120805
DIRAS3,1,0.748419988,GSE120805
NFIA,1,0.9985512346,GSE120805
OMA1,1,0.6198512349,GSE120805
MYSM1,-1,0.8715903935,GSE120805
TM2D1,1,0.04174001255,GSE120805
USP1,-1,0.2146661613,GSE120805
FUBP1,1,0.9759754067,GSE120805
NEXN,-1,0.1538020588,GSE120805
DNAJB4,1,0.8761040948,GSE120805
LRRIQ3,1,3.46E-07,GSE120805
TYW3,1,0.823156951,GSE120805
LHX8,-1,NA,GSE120805
SNX7,-1,0.8941883769,GSE120805
B3GALT2,-1,0.06956953998,GSE120805
EEIG2,1,0.5366127933,GSE120805
HENMT1,1,NA,GSE120805
AKNAD1,-1,0.9923664184,GSE120805
C1orf52,-1,0.9549276457,GSE120805
DNAI3,1,1.21E-09,GSE120805
GBP2,-1,0.183553114,GSE120805
ATXN7L2,-1,0.4949642222,GSE120805
GBP4,1,NA,GSE120805
ZNF326,-1,0.3663787445,GSE120805
HFM1,-1,0.9047786463,GSE120805
BRINP3,1,0.6621007421,GSE120805
GFI1,1,1.71E-06,GSE120805
KCNT2,1,0.6446984835,GSE120805
AGL,1,0.1471509421,GSE120805
VCAM1,-1,0.9859087336,GSE120805
EXTL2,1,0.9305820607,GSE120805
SLC30A7,-1,0.6165356826,GSE120805
ZNF281,-1,0.1319428547,GSE120805
ARPC5,-1,0.2925488833,GSE120805
CADM3,-1,0.2740044252,GSE120805
NLRP3,-1,0.1112467703,GSE120805
ZNF496,-1,0.01157106115,GSE120805
TRIM58,-1,0.001624490296,GSE120805
SLAMF9,-1,NA,GSE120805
IGSF8,-1,0.6584906762,GSE120805
DDR2,1,0.7474570538,GSE120805
PEA15,-1,0.4615651464,GSE120805
PEX19,1,9.81E-07,GSE120805
NCSTN,-1,0.8686735477,GSE120805
VANGL2,1,0.8833104208,GSE120805
OLFML2B,-1,0.04748117713,GSE120805
FCRLB,-1,0.0004861376793,GSE120805
SLC9C2,1,NA,GSE120805
KLHDC9,1,2.80E-16,GSE120805
C1orf74,1,0.9955823148,GSE120805
FLVCR1,1,0.09678867896,GSE120805
GARIN4,-1,0.90291767,GSE120805
ATF3,1,0.6220601871,GSE120805
RBM15,1,0.7007731597,GSE120805
DENND2D,-1,0.500624429,GSE120805
AXDND1,1,0.1487770805,GSE120805
TDRD5,1,NA,GSE120805
IER5,1,0.1723608364,GSE120805
SNED1,-1,0.5549417602,GSE120805
BPNT1,1,0.2760910256,GSE120805
SPATA17,1,0.02367907782,GSE120805
C1orf115,1,0.1717233083,GSE120805
BROX,1,0.9585768931,GSE120805
NBPF20,1,0.5982654868,GSE120805
ACP6,1,0.3220543184,GSE120805
WDR64,1,NA,GSE120805
KIF26B,-1,4.23E-27,GSE120805
TFB2M,-1,0.1943755756,GSE120805
CNST,1,0.0002189407793,GSE120805
PPP1R21,-1,0.4562776708,GSE120805
KLHDC8A,-1,NA,GSE120805
PKDCC,-1,0.6758903734,GSE120805
OXER1,1,0.3394559185,GSE120805
HAAO,1,0.1687742141,GSE120805
B3GALNT2,-1,0.339333987,GSE120805
MAPKAPK2,-1,0.7735987796,GSE120805
IL20,1,NA,GSE120805
IL24,-1,0.4013588324,GSE120805
FCMR,-1,0.8855850533,GSE120805
PIGR,-1,NA,GSE120805
FCAMR,1,NA,GSE120805
CAPN2,-1,1.86E-09,GSE120805
MRPL55,-1,0.770169127,GSE120805
OBSCN-AS1,-1,0.999698235,GSE120805
WDR26,1,0.6753624322,GSE120805
REL,-1,0.9554797993,GSE120805
PUS10,-1,0.7983293186,GSE120805
PEX13,1,0.9482900781,GSE120805
SANBR,1,0.5942042765,GSE120805
TRIM17,1,0.4781465373,GSE120805
RFTN2,-1,0.5390586218,GSE120805
DISC1,1,0.5800324478,GSE120805
MEMO1,1,0.9235801596,GSE120805
DPY30,-1,0.4540675554,GSE120805
TYW5,1,0.6570586814,GSE120805
MAIP1,-1,0.8066659015,GSE120805
KCNF1,1,NA,GSE120805
SLC66A3,-1,0.9143686046,GSE120805
ARL5A,-1,0.9882957817,GSE120805
KCNJ3,-1,NA,GSE120805
CLHC1,1,0.0002408851772,GSE120805
FRZB,1,0.006341417541,GSE120805
DUSP19,1,0.000548520327,GSE120805
CFAP36,1,9.00E-08,GSE120805
NUP35,1,0.9968985594,GSE120805
CCDC138,-1,0.2523881607,GSE120805
ZSWIM2,1,0.346635573,GSE120805
FBXO41,1,0.5963959034,GSE120805
ACTG2,-1,3.01E-06,GSE120805
WDCP,-1,0.2795923653,GSE120805
SMC6,-1,0.009762573283,GSE120805
VSNL1,1,NA,GSE120805
CCDC74A,-1,0.9915356458,GSE120805
CCDC74B,-1,0.9915356458,GSE120805
H3-3A,-1,0.9628325394,GSE120805
COQ8A,1,0.0001724211075,GSE120805
SLC16A14,1,0.0002455020718,GSE120805
TEKT4,-1,0.6364854132,GSE120805
SGCB,-1,0.5468686071,GSE120805
SPATA18,1,NA,GSE120805
NOSTRIN,1,NA,GSE120805
CFAP221,-1,NA,GSE120805
SGPP2,-1,NA,GSE120805
INHBB,-1,2.79E-13,GSE120805
XIRP2,1,0.4380070485,GSE120805
BBS5,-1,0.8507366906,GSE120805
SMARCAD1,-1,0.961312257,GSE120805
PDLIM5,-1,0.0005666943551,GSE120805
PDHA2,1,NA,GSE120805
STPG2,-1,0.5679991759,GSE120805
NEURL3,-1,NA,GSE120805
RPRD2,-1,0.8847348072,GSE120805
ANKRD23,1,0.4111381623,GSE120805
CTSS,1,5.02E-05,GSE120805
MSX1,1,0.07064282196,GSE120805
PACRGL,1,0.09560052123,GSE120805
BNIPL,1,0.7213788701,GSE120805
LYSMD1,-1,0.3495585694,GSE120805
SCNM1,-1,0.2869179578,GSE120805
TNFAIP8L2-SCNM1,-1,0.2869179578,GSE120805
VPS72,-1,0.6022639762,GSE120805
ERCC3,1,0.1746647297,GSE120805
RNF149,1,0.358164557,GSE120805
IWS1,-1,0.6669224044,GSE120805
BOLA3,1,0.8404564723,GSE120805
CDC42EP3,-1,0.3521461323,GSE120805
S100A11,-1,0.2112353794,GSE120805
IVL,-1,0.2915963232,GSE120805
DHX57,-1,0.9660228087,GSE120805
ARHGAP25,1,0.6743966946,GSE120805
TGFA,1,0.005709370277,GSE120805
TDRD10,1,NA,GSE120805
CCNYL1,1,0.2673144258,GSE120805
FZD5,-1,0.1942148241,GSE120805
DCAF16,1,1.27E-05,GSE120805
CFAP141,-1,NA,GSE120805
NPPC,1,0.511356069,GSE120805
GNPDA2,-1,0.5044082415,GSE120805
ALPP,1,0.6974414097,GSE120805
GABRG1,1,0.9663177167,GSE120805
ALPG,-1,NA,GSE120805
GABRB1,1,NA,GSE120805
PAQR3,-1,0.9173377868,GSE120805
NIPAL1,1,0.2774770667,GSE120805
ANTXR2,1,3.01E-05,GSE120805
HELQ,1,0.3983785565,GSE120805
MRPS18C,1,0.9654576418,GSE120805
CGGBP1,1,0.06060753275,GSE120805
ABRAXAS1,-1,0.07822900739,GSE120805
GPR155,-1,0.9018956438,GSE120805
PMVK,-1,0.635681185,GSE120805
PBXIP1,1,6.67E-07,GSE120805
CLDN1,-1,0.3069492749,GSE120805
PYGO2,-1,0.7394949865,GSE120805
HIPK1,1,0.8655480309,GSE120805
LENEP,1,0.8992527624,GSE120805
DCST2,-1,0.4946868667,GSE120805
DCST1,1,NA,GSE120805
COL6A3,-1,0.01026103261,GSE120805
INAVA,1,0.5983500941,GSE120805
LINC01116,-1,0.8907558158,GSE120805
YY1AP1,1,0.9055915295,GSE120805
KBTBD8,-1,0.9543198731,GSE120805
EOGT,1,0.9156386425,GSE120805
LMOD3,-1,NA,GSE120805
NAXE,1,0.637110351,GSE120805
POGLUT1,-1,0.4644777012,GSE120805
SLC22A15,-1,0.3361885341,GSE120805
IGFN1,-1,0.8662409889,GSE120805
ATP1A1,-1,0.5021770267,GSE120805
SLC15A2,-1,0.81492258,GSE120805
EIF4E3,-1,0.5785278958,GSE120805
LRRC58,1,0.9689958598,GSE120805
FSTL1,-1,7.83E-05,GSE120805
LMOD1,1,0.9071883933,GSE120805
ELF3,-1,0.8859432095,GSE120805
PDCL2,1,0.655614425,GSE120805
TMEM183A,-1,0.8772456876,GSE120805
TMEM169,1,1.53E-06,GSE120805
IGFBP7,-1,0.6007192843,GSE120805
TRIM46,-1,0.9391012929,GSE120805
KRTCAP2,1,0.9017881966,GSE120805
ARPC2,-1,0.0001265657349,GSE120805
TSACC,1,0.006179717303,GSE120805
CCT3,-1,0.8721124941,GSE120805
TMEM79,-1,0.0853632234,GSE120805
SSR2,-1,0.9414285579,GSE120805
RNF25,1,0.8063477195,GSE120805
STK36,1,0.1815283528,GSE120805
ADORA1,1,0.2675054769,GSE120805
NEK10,1,0.004179771339,GSE120805
CCDC141,1,NA,GSE120805
CRYBA2,1,NA,GSE120805
IHH,-1,NA,GSE120805
CIP2A,1,0.00114908936,GSE120805
EOMES,1,0.6859499422,GSE120805
CWC22,-1,0.6979132565,GSE120805
AZI2,-1,0.9314081301,GSE120805
TGFBR2,-1,0.8722989093,GSE120805
ANKZF1,-1,0.006006954222,GSE120805
HDAC11,1,0.1230977464,GSE120805
FBLN2,-1,0.01789028872,GSE120805
GLB1L,1,1.03E-07,GSE120805
STT3B,-1,0.9701634165,GSE120805
CHCHD4,-1,0.5803411856,GSE120805
NFASC,1,NA,GSE120805
SGO2,1,0.02589614788,GSE120805
SERPINI1,1,3.83E-07,GSE120805
CLASP2,1,0.1947325019,GSE120805
SUCLG1,-1,0.8161771342,GSE120805
NUAK2,1,0.9945254335,GSE120805
SPTA1,1,NA,GSE120805
PRKCI,1,0.8831631855,GSE120805
IFI16,-1,0.5390517589,GSE120805
EFHB,1,0.9416652771,GSE120805
EIF5A2,1,0.003447431053,GSE120805
SLC2A2,1,NA,GSE120805
RPL22L1,-1,0.3654873334,GSE120805
PPM1L,1,0.8571210502,GSE120805
ICA1L,1,5.22E-11,GSE120805
SNHG16,-1,1.25E-06,GSE120805
CTLA4,-1,0.4715106703,GSE120805
ICOS,1,NA,GSE120805
RYBP,1,0.1522615393,GSE120805
PPP4R2,1,0.7182845295,GSE120805
CD200R1,-1,0.8875071851,GSE120805
GTPBP8,-1,0.7708204014,GSE120805
RMP64,-1,0.9802632766,GSE120805
SPICE1,1,0.00016613059,GSE120805
FAM86KP,1,NA,GSE120805
CCDC191,1,3.62E-05,GSE120805
CADPS,-1,NA,GSE120805
NKX6-1,-1,0.005950018838,GSE120805
CDS1,1,1.68E-06,GSE120805
WDFY3,1,0.9270841505,GSE120805
COX18,-1,0.9197482453,GSE120805
PTPN13,-1,0.8439983965,GSE120805
ALB,1,0.9920275589,GSE120805
C4orf36,1,0.06826025295,GSE120805
THOC7,-1,0.2967335245,GSE120805
ATXN7,-1,0.8586093738,GSE120805
PSMD6,1,0.9559441049,GSE120805
PRICKLE2,1,0.1365045601,GSE120805
ADAMTS9,1,0.4475352022,GSE120805
PPM1K,1,0.4669901143,GSE120805
ERICH6,1,0.944183887,GSE120805
GMPS,-1,0.06541477046,GSE120805
TIPARP,1,0.3213026142,GSE120805
CCNL1,1,0.9841296623,GSE120805
PTX3,1,0.428389972,GSE120805
HESX1,1,0.006986039158,GSE120805
DCLK3,-1,NA,GSE120805
SLMAP,1,7.60E-09,GSE120805
RPL9,-1,0.8069995464,GSE120805
SMIM14,1,2.55E-12,GSE120805
RPP14,-1,0.6795670093,GSE120805
ABHD6,1,0.6610246407,GSE120805
CFAP20DC,-1,0.4998370101,GSE120805
RBM47,1,1.52E-07,GSE120805
APBB2,-1,0.0004788804622,GSE120805
IL17RE,1,0.5618036676,GSE120805
IL17RC,1,0.0005508145553,GSE120805
CRELD1,1,0.02978339256,GSE120805
PRRT3,1,0.0002621386868,GSE120805
FANCD2OS,-1,NA,GSE120805
PCOLCE2,-1,0.003924613134,GSE120805
U2SURP,-1,0.964711203,GSE120805
MTMR14,1,0.000190383982,GSE120805
TTC14,1,5.85E-07,GSE120805
CXCL3,1,0.8296702531,GSE120805
CXCL5,1,0.8895114498,GSE120805
PF4,1,NA,GSE120805
MTHFD2L,1,0.7869865165,GSE120805
CXCL1,1,0.1085686057,GSE120805
RCHY1,-1,0.85907847,GSE120805
PLSCR2,-1,NA,GSE120805
CCDC158,1,1.93E-06,GSE120805
CPA3,-1,0.03363309773,GSE120805
GYG1,-1,0.7353071432,GSE120805
HPS3,-1,0.9758615015,GSE120805
TOPBP1,-1,0.8053945763,GSE120805
RYK,1,0.7177972928,GSE120805
SNRK,1,0.1471739755,GSE120805
UCN,-1,0.04193272944,GSE120805
ZNF513,1,0.6776395545,GSE120805
SLC4A1AP,1,0.6791916486,GSE120805
PLB1,1,0.185853635,GSE120805
SPDYA,1,0.1134507352,GSE120805
KIAA1143,1,0.5898384749,GSE120805
KIF15,1,0.843070046,GSE120805
TGM4,-1,0.06051538397,GSE120805
WDR43,-1,0.002127566816,GSE120805
ZDHHC3,-1,0.02344462655,GSE120805
CDCP1,-1,0.7078161275,GSE120805
CLEC3B,-1,0.2698986404,GSE120805
SLC6A20,1,NA,GSE120805
LZTFL1,1,0.7801392119,GSE120805
FYCO1,1,0.744513713,GSE120805
RTP3,-1,0.2101492051,GSE120805
LRRC2,-1,4.23E-06,GSE120805
ELP6,-1,0.7669632582,GSE120805
DTX3L,1,0.7515719489,GSE120805
ZNF148,1,0.7018966806,GSE120805
SMIM12,1,0.8163259829,GSE120805
ZMYM6,-1,0.8721124941,GSE120805
TPRA1,1,0.1036928266,GSE120805
YEATS2,-1,0.3113699426,GSE120805
ZC3H12A,-1,0.3512130626,GSE120805
MEAF6,-1,0.916712708,GSE120805
SNIP1,1,0.7055390199,GSE120805
DNALI1,1,0.5229013097,GSE120805
POLR2H,-1,0.742593357,GSE120805
KLF15,1,0.1452006834,GSE120805
CFAP100,1,NA,GSE120805
CAMK2N2,1,0.9287735892,GSE120805
LIPH,1,9.43E-05,GSE120805
TMEM41A,-1,2.60E-08,GSE120805
RPN1,-1,0.5887019624,GSE120805
SENP2,1,0.1272173933,GSE120805
HEYL,-1,0.1347977419,GSE120805
IFT122,1,0.6014956493,GSE120805
IGF2BP2-AS1,-1,0.9534936108,GSE120805
RFC4,-1,0.7401197259,GSE120805
RPL39L,1,0.590205383,GSE120805
BAP1,1,0.01770127107,GSE120805
TKT,-1,0.1311796867,GSE120805
PRKCD,1,0.3156625155,GSE120805
RFT1,-1,0.4784380064,GSE120805
SFMBT1,1,0.7093540347,GSE120805
GNL3,-1,0.09202419016,GSE120805
PBRM1,1,0.4383698234,GSE120805
UVSSA,1,0.5396555941,GSE120805
TASOR,1,0.31352975,GSE120805
ARHGEF3,1,0.0210655178,GSE120805
SLBP,-1,0.727573494,GSE120805
LRPAP1,1,0.01160657967,GSE120805
SLC51A,1,NA,GSE120805
UBXN7,1,0.447576886,GSE120805
RNF168,-1,0.001275987779,GSE120805
PIGX,1,0.127875258,GSE120805
MELTF,1,0.6392485281,GSE120805
S100P,-1,0.6055659703,GSE120805
ABLIM2,1,0.85907847,GSE120805
EXO5,-1,0.04774876413,GSE120805
CLDN19,1,NA,GSE120805
C1orf50,1,0.4637587996,GSE120805
ERMAP,1,0.0009664484283,GSE120805
ZNF691,-1,0.2345915177,GSE120805
AIMP1,-1,0.8209763826,GSE120805
SGMS2,-1,0.1285386606,GSE120805
METAP1,-1,0.05247359745,GSE120805
DNAJB14,1,0.1474349765,GSE120805
H2AZ1,-1,0.8906295019,GSE120805
EMCN,1,NA,GSE120805
SLC9B1,1,0.9539379477,GSE120805
SLC9B2,-1,0.002412893562,GSE120805
BDH2,1,0.1353861697,GSE120805
PGRMC2,-1,0.009248436086,GSE120805
CDC25A,-1,0.02515976758,GSE120805
CAMP,1,NA,GSE120805
ZNF589,1,0.3948960527,GSE120805
FBXW12,1,NA,GSE120805
PLXNB1,-1,0.9979902268,GSE120805
CCDC51,-1,0.9234518135,GSE120805
ATRIP,1,0.9329380006,GSE120805
ATRIP-TREX1,1,0.9329380006,GSE120805
SHISA5,1,0.4976430432,GSE120805
SPRY1,-1,0.009691002579,GSE120805
BSN,1,0.9937320417,GSE120805
APEH,1,0.234336029,GSE120805
INTU,-1,0.6162712049,GSE120805
RNF123,1,0.00864217615,GSE120805
HSPA4L,1,0.3906301783,GSE120805
MFSD8,1,0.9176679114,GSE120805
ABHD18,1,0.560771599,GSE120805
CAMKV,1,NA,GSE120805
MON1A,-1,0.09173922341,GSE120805
MST1R,-1,0.764835806,GSE120805
RAD54L2,-1,0.9879053157,GSE120805
TEX264,1,0.6885277582,GSE120805
GRM2,1,0.165424592,GSE120805
DUSP7,-1,0.3729979294,GSE120805
POC1A,1,0.9102407565,GSE120805
PPM1M,1,1.06E-05,GSE120805
ETNPPL,1,0.6956273874,GSE120805
WDR82,-1,0.07083398814,GSE120805
PITX2,-1,0.07811569969,GSE120805
ARLN,-1,0.480474604,GSE120805
PRSS12,-1,1.44E-06,GSE120805
NDST3,-1,0.01274581474,GSE120805
HMGB2,1,0.5247385546,GSE120805
SAP30,-1,0.01572663968,GSE120805
SCRG1,-1,0.5916640847,GSE120805
HAND2,-1,5.20E-06,GSE120805
MAD2L1,1,0.7468072671,GSE120805
ANXA5,-1,0.2831935451,GSE120805
SMIM43,1,0.915690527,GSE120805
MAP9,1,0.0004113530551,GSE120805
GUCY1A1,-1,0.2079234546,GSE120805
FBXO8,1,5.39E-09,GSE120805
CEP44,1,0.004595856474,GSE120805
HPGD,1,0.8142104649,GSE120805
ASB5,-1,0.003917019832,GSE120805
TMEM144,-1,0.8884872555,GSE120805
GASK1B,-1,1.17E-10,GSE120805
NPY1R,1,0.8267514881,GSE120805
NPY5R,1,NA,GSE120805
NAA15,-1,0.000166201912,GSE120805
IL15,-1,0.006017212323,GSE120805
FHIP1A,-1,0.03713412606,GSE120805
ARFIP1,1,0.3452575788,GSE120805
ICE1,-1,4.92E-05,GSE120805
HHIP,-1,0.002913301254,GSE120805
ANAPC10,1,0.3453857939,GSE120805
ABCE1,-1,0.08250461289,GSE120805
OTUD4,-1,0.009292054125,GSE120805
LSM6,-1,0.183553114,GSE120805
TMEM184C,1,0.7749838607,GSE120805
PRMT9,1,0.9399389043,GSE120805
ITGA2,1,0.0008602834101,GSE120805
MOCS2,1,0.569409785,GSE120805
SLC45A2,1,NA,GSE120805
EDIL3,-1,3.06E-07,GSE120805
TMEM161B,1,0.05546494192,GSE120805
ELOVL7,1,0.00755212891,GSE120805
NDUFAF2,-1,0.05626906617,GSE120805
ZNF474,-1,0.3769036297,GSE120805
LMBRD2,1,0.0001994437713,GSE120805
RANBP3L,-1,NA,GSE120805
NIPBL,1,0.2726433559,GSE120805
RNF180,-1,0.941516198,GSE120805
ADGRV1,1,0.1802236315,GSE120805
SLC25A46,1,0.8831631855,GSE120805
STARD4,-1,0.2190491577,GSE120805
PGGT1B,1,0.7459603295,GSE120805
F2RL2,1,0.7113549728,GSE120805
CCDC112,-1,0.1906210357,GSE120805
ANKRD33B,-1,0.332824625,GSE120805
CMBL,1,1.39E-06,GSE120805
C5orf63,1,0.4496757412,GSE120805
PRRC1,-1,0.08548432564,GSE120805
F2RL1,1,0.000190466695,GSE120805
AGGF1,1,0.3914227318,GSE120805
WDR41,-1,5.24E-05,GSE120805
NDUFS4,1,0.843070046,GSE120805
SPINK1,-1,0.005750540511,GSE120805
ESM1,1,0.2167140833,GSE120805
GRPEL2,-1,0.2237554612,GSE120805
CDC20B,1,NA,GSE120805
ARSK,1,0.8129842518,GSE120805
RHOBTB3,-1,0.7022848986,GSE120805
GPX8,-1,0.7429841655,GSE120805
TIGD6,1,0.441164881,GSE120805
SERINC5,1,0.4499922638,GSE120805
ENPP6,-1,NA,GSE120805
CAGE1,1,0.7811301673,GSE120805
CASP3,1,0.9760391482,GSE120805
PRIMPOL,1,0.1205636214,GSE120805
ERAP1,-1,0.7474239003,GSE120805
ERAP2,1,0.04960882835,GSE120805
CMYA5,-1,0.9801010023,GSE120805
EGFLAM,1,0.7303465467,GSE120805
CFAP97,1,0.4578374769,GSE120805
RICTOR,1,0.9505533446,GSE120805
TENT2,1,0.204017045,GSE120805
EBF1,-1,0.09237186233,GSE120805
ANKRA2,1,1.03E-13,GSE120805
UBLCP1,-1,0.9094421925,GSE120805
UTP15,-1,0.09852080392,GSE120805
TLR3,1,4.35E-05,GSE120805
NSA2,-1,0.9101785057,GSE120805
GFM2,1,0.364111877,GSE120805
CCDC127,-1,0.9859087336,GSE120805
LINC01600,-1,0.4969071727,GSE120805
ACSL6,1,NA,GSE120805
CSF2,1,0.8946633803,GSE120805
SEPTIN8,1,0.8332957103,GSE120805
SHROOM1,-1,0.4431493635,GSE120805
GDF9,1,0.00815421199,GSE120805
UQCRQ,-1,0.924125279,GSE120805
LEAP2,-1,0.1094024451,GSE120805
SLC35A1,-1,0.9836840624,GSE120805
GRIK2,-1,0.0278600523,GSE120805
CGAS,1,0.4986021916,GSE120805
TXLNB,1,0.0007946025429,GSE120805
CITED2,-1,0.1284183145,GSE120805
CALHM4,1,NA,GSE120805
CREBRF,1,1.31E-17,GSE120805
DCBLD1,-1,0.002559197456,GSE120805
SFXN1,-1,0.06544990868,GSE120805
SAMD3,1,0.1800099261,GSE120805
TMEM200A,1,0.1521319866,GSE120805
PDSS2,1,0.6798913338,GSE120805
STXBP5,-1,0.1277998075,GSE120805
H2AC1,-1,NA,GSE120805
IL31RA,-1,0.003891104464,GSE120805
ANKRD55,1,0.9529184927,GSE120805
RAET1E,-1,0.9846637157,GSE120805
PI16,-1,0.1453352724,GSE120805
TBX20,-1,0.1457042742,GSE120805
DAGLB,1,0.7092890341,GSE120805
MATCAP2,1,0.8679354892,GSE120805
STK17A,1,0.8218101542,GSE120805
TRA2A,-1,0.6976534037,GSE120805
GALNT10,-1,2.02E-05,GSE120805
SAP30L,1,0.4035256842,GSE120805
RPS14,-1,0.614053713,GSE120805
MYOZ3,1,0.6613845952,GSE120805
COG5,-1,0.8968834524,GSE120805
SAMTOR,-1,0.748419988,GSE120805
GPR85,-1,0.6238192641,GSE120805
SLU7,1,0.5027842489,GSE120805
RP9,-1,0.903598911,GSE120805
PTTG1,1,2.25E-08,GSE120805
CAMLG,1,0.8117297177,GSE120805
BMPER,-1,0.1373914328,GSE120805
RELL2,1,0.9703445575,GSE120805
SMAD5-AS1,-1,0.8475284437,GSE120805
KCNK5,-1,NA,GSE120805
KIF6,1,0.7800944077,GSE120805
ZNF12,1,0.9669257983,GSE120805
SLC29A4,-1,0.9945254335,GSE120805
STEAP1,-1,0.4523078574,GSE120805
CDCA7L,-1,4.45E-05,GSE120805
SP8,-1,NA,GSE120805
MIOS,-1,0.4153546276,GSE120805
ELAPOR2,1,0.1056094181,GSE120805
USP49,1,0.2041257681,GSE120805
SYTL3,1,0.148559433,GSE120805
IQUB,1,0.004104598089,GSE120805
HEY1,1,0.5099138236,GSE120805
ZNF704,1,0.9942285054,GSE120805
FABP5,-1,4.98E-14,GSE120805
SHH,-1,NA,GSE120805
TAGAP,1,0.8338700503,GSE120805
COL1A2,-1,3.53E-11,GSE120805
FNDC1,-1,0.1231740913,GSE120805
CHMP4C,1,6.89E-05,GSE120805
SLC13A4,1,0.5042012186,GSE120805
PGAM2,1,0.9640615679,GSE120805
BRI3,-1,0.3974087948,GSE120805
LMTK2,1,0.7501962976,GSE120805
CTSB,-1,0.8556346505,GSE120805
DLC1,-1,0.03205569408,GSE120805
ADCY1,-1,0.4713644471,GSE120805
C8orf48,-1,0.8761208124,GSE120805
SUN3,1,0.0644254366,GSE120805
C7orf57,1,0.4065418184,GSE120805
HNF4G,1,0.3725785018,GSE120805
PEX2,-1,0.8687234803,GSE120805
RAD21,-1,0.8302926616,GSE120805
MED30,1,0.421344048,GSE120805
TNFRSF11B,1,0.06912186915,GSE120805
SBSPON,-1,0.7386322999,GSE120805
PHKG1,1,0.9374987598,GSE120805
CSMD3,1,0.001387888179,GSE120805
SPIDR,1,0.1143306511,GSE120805
ORC5,-1,0.7886735372,GSE120805
DNAAF5,-1,0.4669901143,GSE120805
OSGIN2,1,0.8449973184,GSE120805
SUN1,1,0.1815359561,GSE120805
OXR1,1,0.9655622429,GSE120805
TMEM74,-1,0.4328287014,GSE120805
GPR146,-1,0.4227563263,GSE120805
GPER1,1,0.4780581718,GSE120805
TMEM184A,1,0.2827255487,GSE120805
NOS3,-1,0.01113530235,GSE120805
MICALL2,1,0.9867205367,GSE120805
CA3,1,0.4547091146,GSE120805
INTS1,-1,0.8209763826,GSE120805
CDK5,1,0.02113939963,GSE120805
SLC4A2,-1,0.3433792231,GSE120805
FASTK,1,0.3846310976,GSE120805
TMUB1,-1,0.7849139818,GSE120805
FMC1,1,0.9160972681,GSE120805
GBX1,1,NA,GSE120805
PHAX,-1,0.7303465467,GSE120805
ALDH7A1,-1,0.3306643466,GSE120805
FOXK1,-1,0.441164881,GSE120805
COX6C,1,0.9137241496,GSE120805
OSR2,-1,0.7705583461,GSE120805
YWHAZ,-1,0.2196009323,GSE120805
BAALC,-1,0.2678195739,GSE120805
FZD6,1,0.02449715688,GSE120805
CTHRC1,-1,0.001554455639,GSE120805
SLC25A32,-1,0.3917650862,GSE120805
DCAF13,-1,0.4580039799,GSE120805
DCSTAMP,-1,0.8915154096,GSE120805
TP53INP1,1,2.67E-47,GSE120805
INTS8,1,0.6334433748,GSE120805
VIRMA,-1,0.7181614354,GSE120805
GEM,1,0.06009232209,GSE120805
PDP1,1,0.04206374,GSE120805
TMEM67,1,7.72E-05,GSE120805
WASHC5,-1,0.8195670426,GSE120805
RPP25L,1,0.05804701482,GSE120805
FAM219A,-1,0.05546494192,GSE120805
SPMIP6,1,0.7409262119,GSE120805
SNAPC3,1,0.0054857312,GSE120805
MYORG,-1,0.9999051969,GSE120805
NUDT2,1,0.7767251795,GSE120805
TMEM65,-1,0.4785269197,GSE120805
PSIP1,1,0.3654547772,GSE120805
CCDC171,1,3.62E-05,GSE120805
UBAP1,1,0.9270053582,GSE120805
NIPSNAP3B,1,0.6985432142,GSE120805
ABCA1,-1,0.02507623775,GSE120805
NFIL3,-1,9.50E-14,GSE120805
LETM2,1,0.7811898271,GSE120805
METTL2B,-1,0.8146145112,GSE120805
FXN,-1,4.53E-10,GSE120805
ZMAT4,-1,0.5758848693,GSE120805
TMEM71,1,0.03275306018,GSE120805
MAMDC2,-1,0.0008084512894,GSE120805
C8orf34,1,0.09073503604,GSE120805
TMC1,1,NA,GSE120805
ALDH1A1,1,0.09945780173,GSE120805
KDM1B,-1,0.1534191469,GSE120805
HGSNAT,-1,0.6322160761,GSE120805
RASEF,-1,0.006025750874,GSE120805
GKAP1,1,1.54E-09,GSE120805
KIF27,1,0.6275590752,GSE120805
QNG1,-1,0.9699296317,GSE120805
HNRNPK,-1,0.8588276246,GSE120805
SSMEM1,-1,NA,GSE120805
SVEP1,-1,0.1918302577,GSE120805
ANKS6,-1,0.2238235734,GSE120805
FBP1,1,0.8810938234,GSE120805
PGAP4,-1,0.4624651795,GSE120805
ZHX1,1,0.0001197894823,GSE120805
CYBB,1,NA,GSE120805
DYNLT3,1,0.9489120535,GSE120805
METTL27,1,2.27E-07,GSE120805
MID1IP1,-1,4.33E-06,GSE120805
SHOC1,1,0.02912717759,GSE120805
CXorf58,1,0.999335329,GSE120805
KIAA1958,1,0.3919678906,GSE120805
PTCHD1,1,NA,GSE120805
PCDH19,1,NA,GSE120805
PIGA,-1,0.07710018506,GSE120805
VEGFD,-1,NA,GSE120805
STRBP,1,1.38E-07,GSE120805
CLDN3,1,0.3164965776,GSE120805
GAPVD1,1,0.00246684705,GSE120805
CARD19,1,0.935064022,GSE120805
WNK2,1,NA,GSE120805
ATP7A,1,0.0006519398214,GSE120805
ZNF367,1,0.3613250387,GSE120805
NLGN4Y,1,0.6580007984,GSE120805
HDX,-1,0.8519630485,GSE120805
NDUFB6,-1,0.9716015694,GSE120805
AQP7,1,NA,GSE120805
NOL6,-1,8.19E-08,GSE120805
AQP3,1,5.81E-07,GSE120805
TRMT10B,1,0.647798808,GSE120805
VCP,1,0.03278894742,GSE120805
PIGO,-1,0.7860594904,GSE120805
STOML2,-1,0.3419462629,GSE120805
BRWD3,1,0.6363555446,GSE120805
SLITRK5,-1,2.23E-05,GSE120805
MELK,-1,0.8721579169,GSE120805
ARMC3,-1,NA,GSE120805
OTUD1,1,0.1521319866,GSE120805
ARHGAP12,1,0.0076960783,GSE120805
FAT3,-1,1.08E-08,GSE120805
DEUP1,1,0.1688054245,GSE120805
HECTD2,1,0.9894664321,GSE120805
FBXO33,1,0.02485383978,GSE120805
INTS6L,-1,9.97E-05,GSE120805
SPTSSA,1,0.903598911,GSE120805
WRN,1,0.9743953448,GSE120805
MARCHF8,1,0.06942933656,GSE120805
TSHR,1,NA,GSE120805
CFL2,1,0.9901101872,GSE120805
SUGT1,-1,0.1978375123,GSE120805
GTF2A1,1,0.8617281291,GSE120805
ZCCHC24,1,0.0007461114914,GSE120805
PGM2L1,1,0.4470877376,GSE120805
SLC16A9,-1,4.24E-05,GSE120805
INPPL1,1,0.5594316962,GSE120805
GJB2,-1,0.9707034122,GSE120805
CRYL1,1,3.72E-08,GSE120805
REEP3,1,0.819633843,GSE120805
HEPACAM,1,NA,GSE120805
SKA3,-1,0.4675889986,GSE120805
MICU2,1,0.9278196672,GSE120805
DDIAS,1,0.979299242,GSE120805
PCF11,-1,0.62390285,GSE120805
PKNOX2,-1,0.48777823,GSE120805
LRR1,-1,0.5834170332,GSE120805
RPL36AL,-1,0.8478268756,GSE120805
DNAAF2,-1,0.4860249477,GSE120805
DEPP1,-1,0.002008287541,GSE120805
ZNF22-AS1,1,1.90E-05,GSE120805
ZNF22,-1,0.1878134873,GSE120805
KLHDC2,1,0.7168485519,GSE120805
EML5,1,0.4303634567,GSE120805
NEMF,1,0.08141879475,GSE120805
RPUSD4,-1,0.0100761446,GSE120805
ARF6,-1,0.3448283514,GSE120805
TTC8,1,0.01310064333,GSE120805
TMEM63C,1,NA,GSE120805
NOXRED1,1,0.34193775,GSE120805
AKR1E2,1,0.8439983965,GSE120805
KBTBD6,-1,0.02741873578,GSE120805
FAAH2,1,NA,GSE120805
DRGX,1,NA,GSE120805
NUDT5,-1,0.9750329921,GSE120805
DACT1,-1,0.1292107287,GSE120805
OXGR1,1,NA,GSE120805
BEND7,1,0.421344048,GSE120805
ATP5F1C,1,0.906806284,GSE120805
PRPF18,1,0.8761208124,GSE120805
TAF3,-1,0.8720688415,GSE120805
VSTM4,1,NA,GSE120805
VDAC2,-1,0.4202422506,GSE120805
COMTD1,-1,0.01362402816,GSE120805
SLC18A2,-1,NA,GSE120805
PDZD8,-1,0.1137352898,GSE120805
ZNF503,-1,0.001554847479,GSE120805
ABRAXAS2,-1,0.8066659015,GSE120805
QSOX2,-1,0.8221875059,GSE120805
FAM204A,1,0.8780627248,GSE120805
NSD1,1,0.961815648,GSE120805
PRDX3,1,0.9896431302,GSE120805
ENOX2,1,0.5223708157,GSE120805
GHITM,1,0.1071090476,GSE120805
SNAPC4,-1,0.8411698527,GSE120805
TMEM52B,1,0.2063869894,GSE120805
PMPCA,-1,0.202766548,GSE120805
ENTR1,-1,0.04878780276,GSE120805
FRMD7,1,0.5845208623,GSE120805
AK8,1,0.7612624906,GSE120805
SPACA9,1,4.81E-05,GSE120805
TSC1,-1,0.91755528,GSE120805
GFI1B,1,NA,GSE120805
HPRT1,-1,0.04301062168,GSE120805
BORCS5,-1,0.8016879668,GSE120805
DIPK1B,1,0.05439198094,GSE120805
ZMYND19,-1,0.006982484224,GSE120805
STOX1,1,0.0008169409885,GSE120805
RET,1,NA,GSE120805
DDX21,-1,4.90E-06,GSE120805
BMS1,-1,0.4105825894,GSE120805
STK32C,-1,0.2807565777,GSE120805
JCAD,1,0.1571474342,GSE120805
FUNDC2,-1,0.4049275694,GSE120805
PIP4P1,1,0.009015760391,GSE120805
METTL17,-1,0.8399890244,GSE120805
SLC39A2,-1,NA,GSE120805
NDRG2,1,0.4078304279,GSE120805
RNASE7,1,2.54E-07,GSE120805
ARHGEF40,-1,0.2172094353,GSE120805
NSMF,-1,0.9471796454,GSE120805
ZNF219,1,3.88E-07,GSE120805
C12orf50,-1,NA,GSE120805
CASP7,-1,0.2079770462,GSE120805
PPP1R36,1,0.9834981163,GSE120805
BTNL9,-1,NA,GSE120805
CCDC186,1,0.07479518353,GSE120805
VWA2,1,0.6550957967,GSE120805
METTL3,-1,0.2994502447,GSE120805
SALL2,-1,0.9697658707,GSE120805
PRAP1,1,6.93E-15,GSE120805
TRUB1,1,0.8399890244,GSE120805
ZFYVE1,1,0.001192613324,GSE120805
HSPA12A,-1,0.7205566362,GSE120805
SHLD2P1,-1,NA,GSE120805
FRAT1,1,0.5382685193,GSE120805
UBTD1,1,0.3345183409,GSE120805
ANKRD2,-1,0.1487990324,GSE120805
E2F7,-1,0.2669867866,GSE120805
ARHGAP42,-1,0.3654547772,GSE120805
ISCA2,1,0.5349076811,GSE120805
OTOGL,1,0.8987733087,GSE120805
LARGE2,-1,0.614053713,GSE120805
PACSIN3,1,0.9346684462,GSE120805
TTC7B,-1,0.9876394238,GSE120805
SLC39A13,-1,0.07443728485,GSE120805
PSMC3,1,0.9806147823,GSE120805
RAPSN,1,0.7091246182,GSE120805
AGBL2,1,0.008730528343,GSE120805
CPSF2,1,0.964443069,GSE120805
SMCO2,-1,0.9640615679,GSE120805
MOAP1,1,1.52E-15,GSE120805
IFI27L1,1,0.6894667839,GSE120805
IFI27,1,0.9071109982,GSE120805
CLMN,-1,0.6750210897,GSE120805
CCDC38,1,0.8342717831,GSE120805
PTER,1,0.7762719565,GSE120805
C1QL3,1,0.008271945493,GSE120805
CACNB2,1,NA,GSE120805
HACD1,-1,0.05450568857,GSE120805
ARL5B,-1,0.9416652771,GSE120805
SMCO4,-1,5.06E-09,GSE120805
CEP295,1,0.01172923576,GSE120805
TAF1D,-1,0.004593983038,GSE120805
ABTB2,1,0.3113699426,GSE120805
R3HCC1L,-1,0.9801010023,GSE120805
AMOTL1,-1,0.05889497177,GSE120805
HTRA1,-1,0.5627005861,GSE120805
LIPC,1,0.3379017356,GSE120805
CEP57,1,0.8619449408,GSE120805
TCP11L2,1,9.44E-09,GSE120805
SPRED1,1,0.8788463704,GSE120805
TMCO5A,-1,NA,GSE120805
GPR176,-1,0.4529683893,GSE120805
JAM3,-1,0.7254918282,GSE120805
ADAMTS15,-1,2.57E-08,GSE120805
SVOP,-1,NA,GSE120805
GPT2,-1,0.000372361613,GSE120805
AMN,1,0.6091372446,GSE120805
RAB8B,1,0.9766217402,GSE120805
IKBIP,-1,0.5072889488,GSE120805
RPUSD2,-1,0.07550003787,GSE120805
HIF1AN,1,0.02852779938,GSE120805
NDUFB8,1,0.9829633037,GSE120805
ZFYVE19,1,0.1366771336,GSE120805
SPINT1,1,0.0004544227973,GSE120805
FBN1,-1,0.0001265657349,GSE120805
AVPR1A,-1,NA,GSE120805
DEPDC4,1,0.5151888579,GSE120805
LRTM2,-1,NA,GSE120805
BRD7,1,0.3615381717,GSE120805
CKB,-1,0.8964441809,GSE120805
TRMT61A,-1,0.04299843171,GSE120805
BTRC,1,0.389677352,GSE120805
POLL,1,0.9469076172,GSE120805
BAG5,-1,0.1405067175,GSE120805
DPCD,1,0.9818550426,GSE120805
LARP6,-1,0.8176820063,GSE120805
API5,-1,0.6695452701,GSE120805
ZNF319,1,0.5191180413,GSE120805
HPS6,-1,0.2799180248,GSE120805
SENP8,1,0.002618662797,GSE120805
NOLC1,-1,0.000203440356,GSE120805
ALKBH3,1,0.483090929,GSE120805
COPS2,1,0.7128845859,GSE120805
SGPL1,-1,1.20E-08,GSE120805
FRS2,-1,0.7485280099,GSE120805
CCT2,-1,0.8321511103,GSE120805
PCBD1,1,0.4447593894,GSE120805
ARIH1,1,0.0002669227706,GSE120805
DNAAF8,1,0.08761641492,GSE120805
CLMP,-1,3.77E-09,GSE120805
SCN3B,1,8.41E-05,GSE120805
COX11,1,0.7559144358,GSE120805
ZNF202,-1,0.003325476549,GSE120805
FAM227B,1,0.0001426270577,GSE120805
STXBP4,-1,0.9764504556,GSE120805
CUL5,1,0.001241428609,GSE120805
MYRFL,1,0.003950577995,GSE120805
WBP1L,1,0.732771532,GSE120805
CYP17A1-AS1,1,0.732771532,GSE120805
BORCS7,1,0.007068863571,GSE120805
C2,1,0.001778241621,GSE120805
PLEKHF1,-1,0.002314921054,GSE120805
TMEM100,1,0.5286920672,GSE120805
ANAPC16,1,0.009343191389,GSE120805
SMPD1,1,8.18E-08,GSE120805
APBB1,1,6.46E-05,GSE120805
SYNPO2L,-1,NA,GSE120805
NUDT13,1,0.8304391212,GSE120805
C11orf65,1,0.01157281748,GSE120805
TRIM44,-1,0.9827363203,GSE120805
ILK,-1,1.25E-09,GSE120805
TAF10,-1,0.1390108267,GSE120805
TPP1,-1,0.9510760881,GSE120805
DCHS1,1,0.9959657014,GSE120805
MSS51,-1,6.39E-05,GSE120805
CYB5A,-1,0.03591740274,GSE120805
USP54,1,0.5143291477,GSE120805
RAG1,1,0.02652918082,GSE120805
IFTAP,1,0.2448030819,GSE120805
WDR88,-1,NA,GSE120805
OR2D2,1,0.9905401297,GSE120805
ATP9B,1,0.09964024038,GSE120805
PPFIBP2,-1,0.4712685881,GSE120805
CYB5R2,1,0.04499516001,GSE120805
SERPINB7,1,0.769633738,GSE120805
GARRE1,1,0.2490329781,GSE120805
SERPINB8,-1,0.5431285669,GSE120805
TUB,-1,0.208533257,GSE120805
RIC3,1,NA,GSE120805
LMO1,-1,0.3936821798,GSE120805
OR5P1P,-1,NA,GSE120805
IDH3A,1,0.02908663554,GSE120805
WDR72,-1,NA,GSE120805
CRABP1,-1,NA,GSE120805
PLD4,1,NA,GSE120805
ZMAT1,-1,NA,GSE120805
XRRA1,-1,0.9663462957,GSE120805
TRIM66,1,0.3613250387,GSE120805
RNF169,1,0.2961406618,GSE120805
RPL27A,-1,4.71E-05,GSE120805
DENND2B,-1,0.8191494858,GSE120805
CDYL2,-1,2.76E-05,GSE120805
TMEM130,1,0.7078161275,GSE120805
PRTG,-1,0.8738837032,GSE120805
CENPN,1,0.2743141542,GSE120805
AKIP1,-1,0.7302473801,GSE120805
ATMIN,1,0.04901808566,GSE120805
C16orf46,1,0.8028378641,GSE120805
TMEM41B,1,0.3201544482,GSE120805
PKD1L2,1,0.1445015048,GSE120805
LEO1,-1,0.8287139526,GSE120805
ZNF143,-1,0.918151907,GSE120805
TMX3,1,0.9907972763,GSE120805
MFAP4,-1,0.2193637353,GSE120805
WEE1,-1,0.7204634369,GSE120805
MAPK7,-1,0.2047983669,GSE120805
HDGFL3,1,0.9562942029,GSE120805
NDST2,1,0.1249960974,GSE120805
MCM7,-1,0.06362243086,GSE120805
CCDC68,1,0.01051359351,GSE120805
ZNF3,-1,0.4745226566,GSE120805
ZSCAN21,-1,0.6433068341,GSE120805
RIMKLB,-1,0.2955735643,GSE120805
A2ML1,1,NA,GSE120805
BEAN1,1,0.4829903947,GSE120805
TK2,1,8.37E-06,GSE120805
TMED3,-1,0.03397380255,GSE120805
SLC38A8,1,NA,GSE120805
SEC11C,1,0.006183339862,GSE120805
CPLX4,1,NA,GSE120805
TMEM135,1,0.2137389088,GSE120805
DRC10,1,0.08691411508,GSE120805
NDEL1,-1,0.2861189787,GSE120805
CENPV,-1,0.06759092876,GSE120805
CDH16,1,NA,GSE120805
RRAD,1,1.66E-23,GSE120805
CIAO2B,1,0.3964772268,GSE120805
CFAP52,1,NA,GSE120805
HSP90B1,-1,0.05321281658,GSE120805
MC4R,-1,0.2827255487,GSE120805
BLCAP,1,1.17E-05,GSE120805
CHRFAM7A,-1,NA,GSE120805
MMP10,-1,NA,GSE120805
TVP23A,-1,NA,GSE120805
BEX3,1,0.7303691271,GSE120805
TMPRSS5,-1,0.4612909944,GSE120805
COG1,-1,0.2775326526,GSE120805
PLEKHA7,-1,0.9941197656,GSE120805
ZNF606,1,0.04290996969,GSE120805
ZCCHC18,1,0.04618638842,GSE120805
B2M,1,0.7729048143,GSE120805
ZNF592,-1,0.8063477195,GSE120805
GOLM2,1,9.82E-06,GSE120805
NNMT,-1,0.0003125947885,GSE120805
AP1G1,1,0.9267399693,GSE120805
SLFN5,1,0.3949921934,GSE120805
CATSPER2,1,0.3008701656,GSE120805
ZNF667-AS1,1,0.4956551054,GSE120805
BMERB1,1,0.19972419,GSE120805
MPV17L-BMERB1,1,0.19972419,GSE120805
MARF1,-1,0.6034366912,GSE120805
SAAL1,-1,0.2580369071,GSE120805
YPEL4,-1,0.7903875416,GSE120805
PPIB,-1,3.32E-07,GSE120805
LDHC,1,NA,GSE120805
CIAO2A,1,0.9403984977,GSE120805
FAM111A,-1,0.9565284893,GSE120805
PCLAF,-1,0.9883261826,GSE120805
KIF7,1,0.4359185955,GSE120805
LDHD,1,0.05662318426,GSE120805
PLIN1,1,0.3205007489,GSE120805
PEX11A,1,0.06857365938,GSE120805
TMEM170A,-1,0.6815764668,GSE120805
MESP1,1,0.3706580458,GSE120805
ANPEP,-1,0.9995559892,GSE120805
RBPMS2,1,0.94430947,GSE120805
NAV2,1,0.8209133446,GSE120805
ANKDD1A,1,4.89E-09,GSE120805
GLYATL1,-1,0.7731661186,GSE120805
C18orf54,-1,0.559271326,GSE120805
DCTN5,1,0.005741294586,GSE120805
TERF2IP,1,0.05523543784,GSE120805
LOC105371348,1,0.05523543784,GSE120805
PLK1,1,0.6440211588,GSE120805
CLPX,-1,0.6695127909,GSE120805
ZBTB39,-1,0.009041359898,GSE120805
TAC3,1,0.2851945964,GSE120805
MYO1A,1,0.0337999421,GSE120805
NEMP1,1,0.06412869308,GSE120805
NAB2,-1,0.8417276671,GSE120805
VPS39,1,0.02317029174,GSE120805
STAT6,-1,0.614053713,GSE120805
PATL1,-1,0.8762347397,GSE120805
ATP23,-1,0.3487304194,GSE120805
ELFN2,1,0.820437003,GSE120805
STX3,1,6.34E-09,GSE120805
MRPL16,-1,0.2320851859,GSE120805
PIP4K2C,1,0.9345104064,GSE120805
MTMR10,-1,0.8426700508,GSE120805
YWHAB,-1,0.5352100661,GSE120805
COXFA4L3,-1,0.8909601103,GSE120805
SCG5,1,0.1930284114,GSE120805
GREM1,1,0.003046341765,GSE120805
NYAP1,1,0.004759240514,GSE120805
TSC22D4,1,0.3637069407,GSE120805
DIS3L,1,0.9904568268,GSE120805
CCNDBP1,1,0.000382497553,GSE120805
EPB42,1,NA,GSE120805
SMAD3,1,0.8472079429,GSE120805
MAP1A,1,0.6268862181,GSE120805
RCCD1,1,0.02927898863,GSE120805
AKTIP,1,0.1474349765,GSE120805
MAPRE2,-1,0.8111156406,GSE120805
EVA1C,1,0.9376197674,GSE120805
MARS1,-1,0.02880499999,GSE120805
MBD6,-1,0.9723583011,GSE120805
CNPY4,1,0.6361832192,GSE120805
PDIA3,-1,1.22E-05,GSE120805
NUDT21,1,0.9962834372,GSE120805
NKX3-1,1,0.4780581718,GSE120805
SGSM1,-1,0.8844686239,GSE120805
DUSP18,-1,0.9643651901,GSE120805
TEF,-1,0.1705613725,GSE120805
MEI1,1,0.0004976232049,GSE120805
B4GALNT2,1,NA,GSE120805
PBX3,-1,0.8297555855,GSE120805
GNGT2,1,0.3856411995,GSE120805
PHB1,-1,0.3139187075,GSE120805
SNRPD1,-1,0.06600731287,GSE120805
TTC16,1,NA,GSE120805
SAMD14,1,0.001475222855,GSE120805
PIP5KL1,1,0.5768441171,GSE120805
TMEM92,-1,0.8802246345,GSE120805
EEIG1,1,0.8843834409,GSE120805
ACSF2,1,5.17E-27,GSE120805
GOLGA2,1,0.5473499165,GSE120805
TRUB2,-1,0.3237377854,GSE120805
COQ4,1,0.350659223,GSE120805
SLC27A4,-1,0.1187455591,GSE120805
URM1,-1,0.3722415049,GSE120805
CERCAM,1,0.9071109982,GSE120805
DOLPP1,-1,0.004471148922,GSE120805
DNAAF19,-1,0.2025267725,GSE120805
ENDOG,-1,0.4986021916,GSE120805
PRRX2,1,0.007771515743,GSE120805
C15orf39,-1,0.7200574711,GSE120805
ISLR2,1,0.8761208124,GSE120805
SP2,-1,0.7522889448,GSE120805
COQ7,1,0.02999593703,GSE120805
GPRC5B,1,0.09348527866,GSE120805
CRK,1,0.7126416783,GSE120805
FBXO22,1,0.7582809768,GSE120805
TBC1D2B,-1,0.04579172875,GSE120805
KATNAL2,1,0.0001242936535,GSE120805
HDHD2,1,0.1826031825,GSE120805
ZNF91,-1,0.1374334958,GSE120805
IGF2,-1,NA,GSE120805
RNF214,-1,0.7591079483,GSE120805
CDK12,1,0.9074370147,GSE120805
DPEP2,1,NA,GSE120805
DUS2,-1,0.04800252147,GSE120805
POP5,-1,0.6967032154,GSE120805
ENGASE,1,0.2824291056,GSE120805
RBFOX3,-1,NA,GSE120805
ATP5MG,1,0.7489309785,GSE120805
TBC1D16,-1,0.6635953501,GSE120805
TEPSIN,1,0.9704425077,GSE120805
MYO5B,1,0.01162038216,GSE120805
ART5,1,0.3184016774,GSE120805
ACAA2,-1,0.6273073751,GSE120805
STIM1,1,0.5026683936,GSE120805
RRM1,-1,0.5171989444,GSE120805
OR51E2,1,NA,GSE120805
TRIM68,1,0.01019549028,GSE120805
OR51B5,-1,NA,GSE120805
FN3K,-1,0.9984779317,GSE120805
PRRT2,-1,0.8635232925,GSE120805
ZNF23,-1,0.9820269509,GSE120805
IRGQ,1,0.003608664552,GSE120805
ZNF226,1,0.8691002397,GSE120805
ZNF180,-1,0.734008346,GSE120805
PPP2R3B,-1,0.9278196672,GSE120805
ZNF668,1,0.8104721001,GSE120805
ZNF646,-1,0.9654864453,GSE120805
VKORC1,-1,1.77E-07,GSE120805
LPO,-1,NA,GSE120805
CA4,1,NA,GSE120805
SMG8,-1,0.6838914411,GSE120805
TPM4,-1,5.71E-05,GSE120805
RAB8A,-1,0.001029287541,GSE120805
GPX4,-1,0.1709439586,GSE120805
MIDN,-1,0.8251162409,GSE120805
JSRP1,-1,0.2099905305,GSE120805
NIBAN3,-1,0.85907847,GSE120805
KLHL26,1,0.9759754067,GSE120805
GATAD2A,-1,0.6607151191,GSE120805
MVD,1,0.9175393485,GSE120805
CDT1,-1,0.9986499334,GSE120805
TRAPPC2L,-1,0.726412528,GSE120805
ANKRD11,-1,0.8074364936,GSE120805
SPATA33,-1,0.2199545788,GSE120805
RSKR,-1,0.4468953879,GSE120805
PROCA1,1,0.5532308013,GSE120805
RPL13,-1,0.4682351039,GSE120805
ZNF641,1,2.28E-10,GSE120805
CACNB3,1,0.8769936811,GSE120805
DHRS13,-1,0.2237554612,GSE120805
TP53I13,1,0.3288005466,GSE120805
KMT2D,-1,0.91972281,GSE120805
CORO6,-1,0.7872955373,GSE120805
RHEBL1,1,0.1599390542,GSE120805
TUBA1A,-1,0.000840666692,GSE120805
TUBA1C,-1,0.3068762783,GSE120805
ZNF610,1,0.6149089651,GSE120805
ZNF528,1,0.02132046135,GSE120805
ZNF701,1,0.8116266167,GSE120805
SERTAD3,1,0.8358071365,GSE120805
NCKAP5L,1,0.9689958598,GSE120805
RAB4B,1,0.6154915003,GSE120805
GPD1,1,0.5232264949,GSE120805
PROSER3,-1,0.9855006059,GSE120805
CYP2S1,1,0.7303465467,GSE120805
AXL,-1,0.3402796728,GSE120805
NFKBID,1,0.9178090841,GSE120805
TMC4,-1,0.8701221632,GSE120805
TTYH1,1,NA,GSE120805
LENG8,-1,0.9959657014,GSE120805
CDC42EP5,-1,0.9178090841,GSE120805
TMEM145,-1,0.5887019624,GSE120805
ZNF526,-1,0.01125580525,GSE120805
TRAPPC9,1,0.0553761044,GSE120805
NLRP7,-1,NA,GSE120805
ZNF146,-1,0.0226587963,GSE120805
ZNF283,1,0.6693122232,GSE120805
PPP1R14A,-1,NA,GSE120805
SPINT2,1,1.12E-07,GSE120805
C19orf33,1,0.9977731905,GSE120805
YIF1B,-1,0.5726752167,GSE120805
DNAAF3,1,1.94E-06,GSE120805
PSCA,-1,0.618677468,GSE120805
ATCAY,1,NA,GSE120805
LY6D,1,NA,GSE120805
DAPK3,-1,0.5800324478,GSE120805
EEF2,-1,0.1047163441,GSE120805
TMIGD2,1,NA,GSE120805
CHAF1A,1,0.7204112703,GSE120805
UBXN6,1,0.4891558631,GSE120805
HDGFL2,1,0.6646064407,GSE120805
PLIN4,1,1.78E-06,GSE120805
SEMA6B,1,0.09060784352,GSE120805
ZNF444,1,0.8542549399,GSE120805
NXN,-1,0.01083128522,GSE120805
TLCD3A,-1,5.58E-17,GSE120805
GLOD4,-1,0.8999709974,GSE120805
SLC33A2,1,0.6390349305,GSE120805
GPT,-1,0.8772839071,GSE120805
KIFC2,-1,0.4923137889,GSE120805
SLC43A2,1,0.5089819872,GSE120805
RILP,1,0.0004511914512,GSE120805
SERPINF2,1,0.3370171784,GSE120805
WDR81,-1,0.9943534212,GSE120805
SRR,1,0.09867735127,GSE120805
TSR1,-1,8.49E-08,GSE120805
TRPV3,1,0.9098480309,GSE120805
HSD11B1L,-1,0.7921933905,GSE120805
CYB5D2,1,4.93E-05,GSE120805
GGT6,1,2.19E-06,GSE120805
KLK1,-1,NA,GSE120805
ZNF83,1,0.6719986687,GSE120805
KRT80,-1,0.02347911241,GSE120805
ACER1,-1,NA,GSE120805
OTUB1,1,0.7636494526,GSE120805
RCOR2,1,0.5779623855,GSE120805
ANGPTL4,1,0.0001990852594,GSE120805
CD320,-1,0.009550442752,GSE120805
SPRYD3,-1,1.20E-07,GSE120805
IGFBP6,-1,0.9706225117,GSE120805
SOAT2,-1,0.9430296506,GSE120805
ZNF558,-1,0.6388848612,GSE120805
NDUFV1,1,0.8463856024,GSE120805
CDK2AP2,-1,0.5408388071,GSE120805
NUDT8,-1,0.1164891999,GSE120805
PRDX2,1,0.8016956356,GSE120805
ZNF232,-1,0.3102860731,GSE120805
MIS12,-1,0.9800420599,GSE120805
HID1,1,6.02E-10,GSE120805
MRPL58,-1,0.0001865618676,GSE120805
ATP5PD,-1,0.921975984,GSE120805
TMEM88,1,0.7849139818,GSE120805
EVPL,1,0.4518141729,GSE120805
SRP68,-1,0.5887019624,GSE120805
MGAT5B,-1,0.9097455582,GSE120805
TMC8,1,NA,GSE120805
TK1,-1,0.5416754395,GSE120805
TMEM68,1,0.3192331326,GSE120805
TOX-DT,-1,0.628552169,GSE120805
GSDMA,1,NA,GSE120805
KRT10-AS1,1,0.199818274,GSE120805
GHDC,1,0.0003056608793,GSE120805
FAM234A,1,0.7484790806,GSE120805
SOST,-1,NA,GSE120805
ZNF598,-1,0.6904804138,GSE120805
RAB26,1,9.57E-05,GSE120805
MLST8,-1,0.7246671611,GSE120805
E4F1,1,0.9043801298,GSE120805
DNASE1L2,-1,0.6201897644,GSE120805
ECI1,-1,0.8971185515,GSE120805
CASKIN1,1,0.1444951468,GSE120805
ABCA3,1,0.1969226258,GSE120805
KCTD5,1,0.8791792716,GSE120805
SRRM2,-1,0.7418866353,GSE120805
NLRC3,-1,0.5662064859,GSE120805
SDHAF2,1,0.9376197674,GSE120805
DDB1,1,0.06234396871,GSE120805
VPS37C,-1,0.1073085606,GSE120805
VWCE,1,0.1444594301,GSE120805
RAB3IL1,1,0.5870047998,GSE120805
BEST1,1,0.5091570376,GSE120805
FTH1,-1,0.9714786141,GSE120805
BSCL2,-1,0.9859087336,GSE120805
POLR2G,1,0.7786043535,GSE120805
SLC3A2,-1,5.78E-07,GSE120805
PLAAT5,-1,NA,GSE120805
SPINDOC,1,0.9021882474,GSE120805
ATG16L2,1,0.6972959011,GSE120805
C2CD3,-1,0.991463503,GSE120805
TRANK1,1,0.003276255427,GSE120805
TTC21A,1,0.05511233488,GSE120805
RPSA,-1,0.5938904535,GSE120805
CTNNB1,1,0.1915902926,GSE120805
ULK4,-1,0.2544388614,GSE120805
FADD,-1,0.8381721463,GSE120805
LTBP3,1,0.9760391482,GSE120805
NAALADL1,1,0.8853475747,GSE120805
SAC3D1,-1,0.3987247812,GSE120805
BATF2,1,0.003528702023,GSE120805
SF1,-1,0.6682954139,GSE120805
MAP4K2,1,4.23E-09,GSE120805
CCDC88B,1,9.43E-06,GSE120805
SCARA3,-1,0.4842278698,GSE120805
PBK,1,2.87E-09,GSE120805
SCARA5,1,NA,GSE120805
COPS6,-1,0.3483150959,GSE120805
PAFAH1B2,1,0.9469076172,GSE120805
ANKS3,-1,0.8334751588,GSE120805
NUDT16L1,1,0.6019634206,GSE120805
KIAA1586,1,0.8589545001,GSE120805
RAB4A,1,0.7445595546,GSE120805
OR1F1,1,0.5878136093,GSE120805
OR2W6P,1,0.6677496601,GSE120805
KCNJ4,1,0.960152881,GSE120805
SETD5,-1,0.6842116949,GSE120805
VASN,1,0.7758433771,GSE120805
SACK1B,-1,0.7491157238,GSE120805
H3-4,-1,NA,GSE120805
THAP9,1,0.01290804553,GSE120805
OR2C1,-1,0.550164059,GSE120805
RNF187,-1,0.1154238424,GSE120805
HOOK3,-1,0.8428766506,GSE120805
MAPK1IP1L,-1,0.5554119371,GSE120805
DDIT4,-1,3.32E-06,GSE120805
RBPJ,-1,0.2303890394,GSE120805
LMBRD1,1,0.002880753119,GSE120805
ZCCHC4,1,0.4899144506,GSE120805
TTC39C,-1,1.12E-07,GSE120805
GLYCTK,-1,0.964439611,GSE120805
GNG4,1,0.2875243478,GSE120805
UBTD2,-1,0.06006231984,GSE120805
POLR2J3-UPK3BL2,1,0.3243440109,GSE120805
NKIRAS2,-1,0.946178577,GSE120805
DNAJC7,1,0.8958454031,GSE120805
IRF2BP2,-1,2.37E-05,GSE120805
NT5DC2,-1,0.01060809093,GSE120805
UQCC5,1,0.1878500135,GSE120805
COA6,-1,0.664754568,GSE120805
KIF5C,1,0.2824291056,GSE120805
MGAT2,1,0.843070046,GSE120805
BMI1,-1,0.9955350659,GSE120805
THAP11,-1,0.2344236502,GSE120805
MMADHC,1,0.9281509601,GSE120805
PDHB,-1,0.7887479466,GSE120805
PXK,-1,0.4687608407,GSE120805
H1-4,-1,6.36E-22,GSE120805
PCMTD1,1,0.0002148353651,GSE120805
KCTD6,-1,0.5228384075,GSE120805
MPLKIP,1,0.3115966875,GSE120805
ACOX2,1,0.8206322837,GSE120805
FAM107A,-1,0.249831936,GSE120805
IRF2,1,0.0045447274,GSE120805
MOBP,1,NA,GSE120805
CX3CR1,-1,NA,GSE120805
XIRP1,1,0.1169445174,GSE120805
INSM2,1,NA,GSE120805
DEGS2,1,0.003074534925,GSE120805
SCN11A,1,NA,GSE120805
ARF4,-1,0.8843635656,GSE120805
SEPTIN2,-1,0.2357005763,GSE120805
FILIP1L,-1,0.03219032106,GSE120805
MFSD2A,-1,0.1519572457,GSE120805
DTYMK,-1,0.8452655544,GSE120805
TAP1,1,0.06605182601,GSE120805
ING5,-1,2.76E-07,GSE120805
ATG4B,1,0.7411145058,GSE120805
BDKRB2,-1,0.2818408188,GSE120805
MLKL,-1,0.1901520862,GSE120805
RFWD3,1,0.1339468386,GSE120805
MTNR1A,-1,0.1887187572,GSE120805
RHOH,-1,NA,GSE120805
KLHL30,1,0.02984978441,GSE120805
COG7,-1,0.9054707696,GSE120805
CDC40,1,0.614053713,GSE120805
STIP1,-1,0.4159333445,GSE120805
HR,-1,0.2931244487,GSE120805
TXNDC2,1,0.8217322509,GSE120805
RAB31,1,0.05959919356,GSE120805
REEP4,1,0.8200113299,GSE120805
TNXB,1,0.1098313182,GSE120805
LGI3,1,0.7182845295,GSE120805
SFTPC,-1,NA,GSE120805
BMP1,-1,0.0001329891764,GSE120805
ATXN2L,-1,0.9158206927,GSE120805
PHYHIP,1,0.0002693519012,GSE120805
CCDC110,1,0.1228812743,GSE120805
POLR3D,-1,2.39E-11,GSE120805
FEN1,-1,0.002349829154,GSE120805
CAVIN2,-1,0.8035444084,GSE120805
MTCL1,-1,1.63E-10,GSE120805
GBX2,-1,0.1648515874,GSE120805
HJV,1,0.5222493723,GSE120805
HEXIM2,1,0.7819402235,GSE120805
FNTA,1,0.8209133446,GSE120805
SERINC2,1,0.8575622661,GSE120805
MYL1,-1,NA,GSE120805
TRAPPC11,1,0.2105493829,GSE120805
COL3A1,-1,7.01E-12,GSE120805
ING2,-1,4.82E-06,GSE120805
CDKN2AIP,-1,0.7536227377,GSE120805
SNRNP48,-1,0.9495767978,GSE120805
TMEM223,-1,0.7261592024,GSE120805
SLC20A2,-1,0.0005075148007,GSE120805
DYNLRB2,1,0.3094530903,GSE120805
TMUB2,1,0.001571783391,GSE120805
ADAM29,1,NA,GSE120805
STAT3,1,0.8432964196,GSE120805
ZSWIM1,-1,0.6610246407,GSE120805
ADAM9,-1,0.007552953931,GSE120805
ADAM18,-1,0.8928756314,GSE120805
GDNF,-1,1.70E-08,GSE120805
AXIN2,-1,3.23E-06,GSE120805
NDUFS5,-1,0.9102327178,GSE120805
VWA3B,1,NA,GSE120805
ZNF30,-1,0.5240301749,GSE120805
UGT3A2,1,0.4933646156,GSE120805
LRATD2,-1,3.25E-13,GSE120805
LDLRAD4,-1,NA,GSE120805
KCTD19,1,0.3850964823,GSE120805
SLC16A4,1,0.0008477883659,GSE120805
IL7R,1,0.003325476549,GSE120805
TMEM208,-1,0.99486317,GSE120805
LRP1B,1,NA,GSE120805
AHCYL1,-1,0.8056912545,GSE120805
DNAJC21,-1,0.3234808553,GSE120805
PKIG,1,0.0004997385383,GSE120805
NPNT,-1,0.05735064864,GSE120805
CA7,1,NA,GSE120805
FAM178B,1,NA,GSE120805
SEMA4C,1,0.8985987362,GSE120805
CNNM3,1,0.810579937,GSE120805
GSTM4,1,0.0175313037,GSE120805
TET2,-1,0.8099180122,GSE120805
CXXC4,1,0.7261592024,GSE120805
TCTN2,1,0.8761208124,GSE120805
SHOX2,-1,0.7782363711,GSE120805
PPIP5K1,1,0.005968497441,GSE120805
TSPAN5,-1,2.21E-07,GSE120805
ABHD15,1,0.1667326297,GSE120805
ZBTB5,-1,0.4877081956,GSE120805
CHTF8,1,0.4826252058,GSE120805
MAPDA,1,4.48E-05,GSE120805
LCMT2,-1,0.9171702109,GSE120805
SNTB2,1,0.8761552203,GSE120805
IL12A,-1,0.2799180248,GSE120805
ZNF507,-1,0.09160873556,GSE120805
STX18,1,0.5962497268,GSE120805
NSG1,1,5.81E-20,GSE120805
ZBTB49,-1,0.9937320417,GSE120805
GFM1,-1,0.8828133105,GSE120805
FSTL5,-1,0.9613051824,GSE120805
DDX19A,-1,0.358164557,GSE120805
ATOH8,1,9.59E-09,GSE120805
ANKRD49,-1,0.9471667701,GSE120805
USP39,-1,0.001176545017,GSE120805
TNIP2,1,0.8468783632,GSE120805
C2orf68,1,0.09026251574,GSE120805
TMEM150A,1,0.09570505699,GSE120805
RNF181,1,0.3009420556,GSE120805
VAMP5,1,0.2124428937,GSE120805
LRRC28,1,0.2063869894,GSE120805
MAT2A,-1,0.8089607593,GSE120805
PLA2G4F,1,NA,GSE120805
ENHO,1,0.4772309905,GSE120805
ZNF608,-1,0.0002294111381,GSE120805
SLC35G2,1,4.24E-10,GSE120805
INPP5D,1,6.72E-35,GSE120805
LETM1,-1,0.03760555001,GSE120805
TMEM129,1,0.09561972543,GSE120805
PPIC,-1,0.8571210502,GSE120805
SPRY3,1,0.2135616639,GSE120805
CEP120,1,0.6796128416,GSE120805
STXBP6,-1,0.001341416725,GSE120805
MFF,1,0.4910264999,GSE120805
GRM5,-1,0.9977731905,GSE120805
LGALS9,1,0.8627016731,GSE120805
LGALS9C,1,0.8627016731,GSE120805
JMJD7-PLA2G4B,1,0.6526549599,GSE120805
OR7E102P,1,NA,GSE120805
CPLX1,1,0.9549276457,GSE120805
PXDC1,-1,0.1141592614,GSE120805
E2F6,1,0.9835664001,GSE120805
FEM1B,-1,0.9024016691,GSE120805
COMMD8,1,0.9499548399,GSE120805
ATP5ME,-1,0.8065981062,GSE120805
UQCRFS1,1,0.6486393345,GSE120805
SLC49A3,1,0.6635235093,GSE120805
COL4A3,-1,0.1716063584,GSE120805
MAP2K1,1,0.9121877219,GSE120805
HNRNPH1,-1,0.2576380639,GSE120805
IRS1,-1,3.22E-06,GSE120805
MECP2,1,0.9855006059,GSE120805
UPF3A,1,0.4732810671,GSE120805
ZBBX,1,0.0002507276748,GSE120805
ACTBL2,-1,0.0117812291,GSE120805
ROR2,-1,0.003514694178,GSE120805
DHRSX,1,0.8875071851,GSE120805
VXN,-1,0.9274252076,GSE120805
HSPBAP1,1,0.9848055943,GSE120805
ASMTL,-1,0.01861359215,GSE120805
SLC25A6,-1,0.3469789139,GSE120805
CHST14,-1,0.777384686,GSE120805
PARM1,-1,0.9242048701,GSE120805
CSNK1G1,-1,0.9061755188,GSE120805
FAM110B,1,0.4149019216,GSE120805
ODAD2,-1,0.6162257079,GSE120805
AFAP1L2,-1,0.0001281659213,GSE120805
ZNF354A,-1,0.441352521,GSE120805
ATF5,-1,0.9733130644,GSE120805
UBE2V2,-1,0.8332645878,GSE120805
ZBTB43,-1,0.7314388548,GSE120805
CPT1C,1,0.006864829138,GSE120805
PCSK9,-1,0.9177655009,GSE120805
XPO6,-1,1.52E-09,GSE120805
GSG1L,-1,NA,GSE120805
MN1,-1,0.0257199104,GSE120805
APEX2,-1,0.0002075130997,GSE120805
NSMCE1,1,0.0956766067,GSE120805
CCDC126,1,0.8402317386,GSE120805
IL13,1,NA,GSE120805
NPIPB12,-1,NA,GSE120805
RAB3B,1,0.6001351549,GSE120805
CD2BP2,-1,0.9285295036,GSE120805
RGS14,1,5.62E-07,GSE120805
TBC1D10B,1,0.9882957817,GSE120805
LMAN2,1,0.9818550426,GSE120805
GCSAML,1,NA,GSE120805
RAB24,1,0.9534936108,GSE120805
PRELID1,-1,0.7775415936,GSE120805
THBS3,-1,0.006557448935,GSE120805
CA5B,1,0.04616108716,GSE120805
SLC50A1,1,0.5038603925,GSE120805
EFNA1,1,0.9547777116,GSE120805
CXCL10,-1,0.6914855044,GSE120805
NPIPB3,-1,0.564073116,GSE120805
SH3TC2,1,0.03554614656,GSE120805
CXCL11,-1,0.9859087336,GSE120805
ZRSR2,-1,0.6260143383,GSE120805
NMD3,-1,0.7411688847,GSE120805
ADRB2,1,0.05813477198,GSE120805
B3GALNT1,1,0.669914126,GSE120805
GPRIN1,-1,0.04862743728,GSE120805
HSPB3,1,0.4717144939,GSE120805
KCNAB1,1,0.9654864453,GSE120805
MRPL1,-1,0.5198130369,GSE120805
SHE,1,0.8303651299,GSE120805
NR0B1,1,0.06724174376,GSE120805
PGM2,-1,0.9558717812,GSE120805
STK32A,1,0.9175393485,GSE120805
IL1RAPL1,1,0.4492661595,GSE120805
C22orf15,1,0.7832368334,GSE120805
MINAR1,-1,6.18E-05,GSE120805
SLC33A1,1,0.5591353691,GSE120805
SNUPN,-1,0.9301785725,GSE120805
CRADD,1,0.1615694567,GSE120805
SIN3A,-1,0.9654864453,GSE120805
ARL13B,1,0.08275572838,GSE120805
PTK2,-1,0.8832066445,GSE120805
RSPH10B,1,NA,GSE120805
RSPH10B2,1,NA,GSE120805
PTAFR,1,0.07725714523,GSE120805
PTPN9,1,0.6041073525,GSE120805
NPR1,-1,0.8549439743,GSE120805
CXCL8,1,0.3880098248,GSE120805
SCN9A,-1,2.99E-13,GSE120805
RASSF6,1,0.006687453216,GSE120805
SDC2,-1,0.0001119512202,GSE120805
CD52,1,0.04586364317,GSE120805
MMGT1,-1,0.4114349243,GSE120805
TM2D2,-1,0.4174416818,GSE120805
HTRA4,1,0.897586113,GSE120805
PLEKHA2,-1,0.425978915,GSE120805
CLIC4,-1,0.4040599692,GSE120805
SLC38A11,1,NA,GSE120805
GPR183,1,0.9559899537,GSE120805
CCDC8,1,0.8080029902,GSE120805
METTL15,-1,0.9302644527,GSE120805
ZNF280A,1,0.05676074404,GSE120805
CT55,-1,NA,GSE120805
ZEB2,-1,0.2779050417,GSE120805
PCBP1,-1,0.1608831782,GSE120805
HINT1,-1,0.9336943034,GSE120805
DTWD2,1,0.264891436,GSE120805
CLIC3,1,0.04033796692,GSE120805
INO80E,-1,0.6077520325,GSE120805
BNC1,-1,0.1555554433,GSE120805
DFFB,-1,0.04323112822,GSE120805
NFU1,1,0.07717774986,GSE120805
ANTXR1,-1,0.9370163036,GSE120805
GKN1,-1,0.9388771795,GSE120805
CKAP2L,1,0.4766472032,GSE120805
C15orf40,1,0.2001866436,GSE120805
RAMAC,-1,0.9465931378,GSE120805
PROKR1,1,NA,GSE120805
APLF,1,6.78E-07,GSE120805
BOLA2,1,0.9980104569,GSE120805
BOLA2B,1,0.9980104569,GSE120805
RGPD8,1,0.7371024353,GSE120805
HIC2,-1,0.9327126861,GSE120805
LUZP1,-1,0.1749173639,GSE120805
HEXD,1,0.7813735943,GSE120805
BUB1,1,3.48E-17,GSE120805
SPNS1,1,0.3795590539,GSE120805
LRRC45,1,0.8141729525,GSE120805
CHRNA5,-1,0.01653827198,GSE120805
MT1B,-1,NA,GSE120805
CENPX,-1,0.6156262921,GSE120805
AGPAT2,1,0.4210440017,GSE120805
ASPSCR1,1,0.3158804393,GSE120805
FASN,-1,0.1305287007,GSE120805
CNBP,-1,0.02662003069,GSE120805
MT1E,-1,0.5716734698,GSE120805
DUS1L,1,0.8992527624,GSE120805
GPS1,-1,0.8376922313,GSE120805
RFNG,1,0.03790535879,GSE120805
DCXR,1,0.6334433748,GSE120805
ZNF32,1,0.2243120828,GSE120805
LDB2,-1,0.5467431886,GSE120805
RAC3,-1,0.08182213293,GSE120805
NRG4,1,0.7519692944,GSE120805
LIMS1,-1,0.3102860731,GSE120805
TMEM266,1,0.7448629736,GSE120805
NLGN1,1,2.48E-05,GSE120805
TAPT1,1,6.01E-07,GSE120805
UGP2,-1,0.8667682638,GSE120805
LINGO1,1,NA,GSE120805
HNRNPF,-1,0.005567329346,GSE120805
BTD,1,0.1806063574,GSE120805
CSGALNACT2,-1,0.6879847051,GSE120805
TACR3,-1,0.9784316942,GSE120805
PCDH7,-1,9.16E-07,GSE120805
ROBO1,-1,0.05959919356,GSE120805
ONECUT1,1,NA,GSE120805
AVEN,-1,0.4715106703,GSE120805
P2RY1,-1,3.96E-05,GSE120805
TRIM56,1,0.5931009308,GSE120805
WNT10B,-1,0.000328303131,GSE120805
CALML6,1,0.3068596133,GSE120805
REPS2,1,0.4203145698,GSE120805
SYAP1,1,0.02492230307,GSE120805
ITGAM,1,NA,GSE120805
TPST1,1,0.0006517222656,GSE120805
TM4SF4,-1,0.02636811903,GSE120805
TOR1AIP2,1,0.4198655432,GSE120805
TM4SF1,1,0.221007008,GSE120805
OTUD3,-1,0.002004490592,GSE120805
OTUD7A,-1,NA,GSE120805
GUSB,-1,0.6078449707,GSE120805
BRD3,-1,0.6682954139,GSE120805
KLF13,-1,8.19E-08,GSE120805
ZFPM2,-1,0.5302650352,GSE120805
ZNF764,-1,0.3554414084,GSE120805
ZNF747,1,0.002785407948,GSE120805
ZNF768,-1,0.09363657134,GSE120805
TAS1R3,-1,0.9839080975,GSE120805
TMEM42,1,0.666084671,GSE120805
MAP3K2,1,0.05269525523,GSE120805
PUSL1,-1,0.0251743613,GSE120805
SF3B5,-1,0.357318334,GSE120805
ZNF35,-1,0.5597284093,GSE120805
TIGD4,1,0.275166485,GSE120805
IFFO2,-1,0.3126471849,GSE120805
NLGN2,1,0.9962834372,GSE120805
MYO7B,-1,6.88E-08,GSE120805
CHD3,1,0.7666567861,GSE120805
TMEM154,1,0.04924430009,GSE120805
MYRIP,1,NA,GSE120805
ALCAM,-1,5.95E-08,GSE120805
YWHAG,-1,0.1309646396,GSE120805
UBE2E3,-1,0.5160959312,GSE120805
CNTROB,1,0.2214736454,GSE120805
TRAPPC1,-1,0.7545026397,GSE120805
ZPLD1,-1,NA,GSE120805
KCNAB3,1,0.6584906762,GSE120805
SERPINA9,-1,0.5885892642,GSE120805
GPR37L1,1,0.4947619852,GSE120805
SIMC1,-1,0.6907328203,GSE120805
TMEM192,-1,0.133402397,GSE120805
SPDYE5,-1,NA,GSE120805
SERPINA6,1,NA,GSE120805
ZNF778,-1,0.1897762308,GSE120805
NIPA1,-1,0.9931958365,GSE120805
FOXD4,-1,0.2692383688,GSE120805
UBE2E1,1,0.7293338359,GSE120805
HNRNPA3,-1,0.229020092,GSE120805
SIK2,-1,0.974405915,GSE120805
RNF150,-1,1.61E-19,GSE120805
CCDC144A,-1,0.809445291,GSE120805
FAM88B,1,0.9977244869,GSE120805
VGLL2,-1,NA,GSE120805
CHRNB1,1,3.68E-06,GSE120805
USP38,1,0.9867205367,GSE120805
SLC16A5,1,5.08E-05,GSE120805
NANP,-1,0.0005413504641,GSE120805
ANKK1,1,NA,GSE120805
ADRA1B,-1,0.754942412,GSE120805
ADPRM,1,0.8382762537,GSE120805
FABP6,1,0.4929181182,GSE120805
PWWP2A,-1,0.03130840035,GSE120805
USP50,1,0.7927138613,GSE120805
USP47,1,0.8915154096,GSE120805
PDCD6IP,-1,0.7637136833,GSE120805
ZNF212,-1,0.9017881966,GSE120805
FAM161A,-1,0.007169282541,GSE120805
ZNF282,1,0.9152291263,GSE120805
GLB1,1,0.08272273895,GSE120805
GON7,1,0.8801225912,GSE120805
FAXDC2,1,9.73E-06,GSE120805
CRTAP,1,0.7082090499,GSE120805
HSPB2,-1,0.3642850329,GSE120805
SLN,-1,NA,GSE120805
ELP5,-1,0.0721156894,GSE120805
CMTM8,1,0.9859087336,GSE120805
GABARAP,-1,0.7709790783,GSE120805
STX8,1,0.8323286649,GSE120805
CDK1,1,3.03E-05,GSE120805
UBB,1,0.302651971,GSE120805
NFRKB,1,0.6463779995,GSE120805
FABP4,1,NA,GSE120805
FRMPD2,1,NA,GSE120805
PRDM10,-1,0.3008701656,GSE120805
B3GNT2,1,0.2406303035,GSE120805
FOS,1,0.08540583975,GSE120805
TMED10,1,0.8769714725,GSE120805
SETMAR,-1,0.002600198947,GSE120805
SMAD1,-1,0.195949224,GSE120805
SP7,1,NA,GSE120805
TCAF2,-1,0.02358555315,GSE120805
SEMA3E,-1,1.64E-05,GSE120805
SLC30A1,1,0.9136011092,GSE120805
DCLK2,-1,0.5793664185,GSE120805
ZNF804A,-1,0.005019249192,GSE120805
GPRC5C,1,0.5001447168,GSE120805
TMEM182,1,0.4440721565,GSE120805
KRT8,-1,8.69E-06,GSE120805
KRT78,1,0.006025750874,GSE120805
ADORA2B,-1,0.07591777416,GSE120805
SDR9C7,1,NA,GSE120805
TMT1B,1,0.1443366719,GSE120805
KRT86,-1,0.0001216827304,GSE120805
HARS1,-1,0.5443914665,GSE120805
NFXL1,-1,0.02902897032,GSE120805
DENND5B,1,0.500624429,GSE120805
CD14,1,0.6887009051,GSE120805
DNAJC18,1,3.55E-06,GSE120805
RIOX1,-1,0.0002822020133,GSE120805
SPATA24,1,0.9587449336,GSE120805
RALGAPB,1,0.9955354615,GSE120805
PYM1,1,0.1994256081,GSE120805
MZB1,1,0.9912702549,GSE120805
KRT4,-1,NA,GSE120805
NPAS2,-1,0.3934790669,GSE120805
KISS1,-1,0.07394969202,GSE120805
LONRF2,1,0.7256882101,GSE120805
NUDT9,-1,0.550164059,GSE120805
HSD17B13,1,0.9007911422,GSE120805
PA2G4,-1,9.43E-08,GSE120805
ELOVL6,-1,0.004290232113,GSE120805
KRT83,-1,NA,GSE120805
PFKFB3,-1,3.62E-05,GSE120805
TMC7,1,0.9744485217,GSE120805
ARL6IP1,1,3.65E-19,GSE120805
SERPINB9,1,0.003155894652,GSE120805
SMAGP,-1,0.3656925117,GSE120805
CDH2,-1,8.64E-05,GSE120805
EMB,-1,0.6776010176,GSE120805
SIX2,-1,0.3208370746,GSE120805
DLGAP1,1,0.7468830632,GSE120805
STAT2,1,3.13E-06,GSE120805
NUDCD2,1,0.3948960527,GSE120805
IRF2BP1,1,0.5850079403,GSE120805
HSPA4,-1,0.9071109982,GSE120805
FOXA3,1,0.9689958598,GSE120805
SLC26A5,1,NA,GSE120805
COMMD5,1,0.922533737,GSE120805
SGCD,1,0.9154376175,GSE120805
ZNF16,-1,0.03239927583,GSE120805
ARMC10,1,0.9769457222,GSE120805
RNF34,-1,0.4690273746,GSE120805
ACYP2,1,3.18E-12,GSE120805
TRABD,-1,0.7562273431,GSE120805
ATF7,-1,0.8757022543,GSE120805
SOCS6,1,0.951491832,GSE120805
CAVIN4,-1,0.1667326297,GSE120805
OR10A3,-1,NA,GSE120805
ZNF296,-1,0.8834760388,GSE120805
HOXB9,-1,0.187873332,GSE120805
TTLL6,1,0.0868176893,GSE120805
POLH,1,0.3518010694,GSE120805
KCNS3,-1,0.8202033924,GSE120805
RBMXL2,1,NA,GSE120805
KIF5B,1,5.85E-05,GSE120805
GPR37,1,NA,GSE120805
AKAP13,1,0.660949893,GSE120805
CDCA4,-1,0.09831520129,GSE120805
CHCHD7,1,0.947609019,GSE120805
HTRA3,1,0.8222291905,GSE120805
FOXN2,-1,0.4129253163,GSE120805
CELP,-1,NA,GSE120805
USP32,1,0.3673750802,GSE120805
CEL,1,0.664754568,GSE120805
PPM1D,1,2.60E-05,GSE120805
MRFAP1L2,-1,0.91187408,GSE120805
PSG6,-1,NA,GSE120805
KBTBD2,1,1.01E-08,GSE120805
RIOX2,-1,7.14E-08,GSE120805
TRIAP1,1,0.9421299683,GSE120805
LSM3,1,0.8859432095,GSE120805
KIAA0232,1,0.7962906262,GSE120805
MTSS1,-1,0.1909226775,GSE120805
TMEM43,-1,1.54E-11,GSE120805
RNF139,-1,0.9717481479,GSE120805
RPS9,-1,0.8915720011,GSE120805
PLA2G1B,-1,NA,GSE120805
CYTL1,-1,0.4804499691,GSE120805
TSEN34,-1,0.782854668,GSE120805
GSTA4,-1,0.3102860731,GSE120805
MSANTD4,-1,0.9794149376,GSE120805
NDUFA3,-1,0.4766472032,GSE120805
OSCAR,1,0.6177054698,GSE120805
PAQR8,1,0.3000130963,GSE120805
NUDT6,1,0.000100012121,GSE120805
TANC2,-1,0.2683570267,GSE120805
PKHD1,1,NA,GSE120805
DNAJC24,1,0.4470877376,GSE120805
ZNF160,-1,0.05546494192,GSE120805
PGK2,1,NA,GSE120805
ZNF415,1,0.7690679713,GSE120805
CAVIN3,-1,0.07591777416,GSE120805
DCDC1,1,0.02241474058,GSE120805
HAS2,1,0.3583893468,GSE120805
PDGFD,1,0.0008450936754,GSE120805
PLAC1,1,0.8834328993,GSE120805
S1PR1,-1,0.001388035686,GSE120805
PYGO1,-1,0.8678988526,GSE120805
LRRC8E,1,0.6019634206,GSE120805
PKIA,-1,0.0003152943055,GSE120805
XKR6,-1,0.4258037486,GSE120805
TSNARE1,-1,NA,GSE120805
FPR1,-1,0.02978465932,GSE120805
FEZ2,1,0.8119950979,GSE120805
SOX7,-1,0.2527693324,GSE120805
C11orf24,-1,0.0002228305615,GSE120805
ALK,1,NA,GSE120805
KYAT1,-1,0.952138116,GSE120805
MTM1,1,0.06443018073,GSE120805
TRMT61B,-1,0.9590478968,GSE120805
INSR,-1,0.4224591961,GSE120805
MFN1,-1,0.9990929658,GSE120805
HSFX1,1,NA,GSE120805
NRTN,1,0.8655480309,GSE120805
KCNMB3,1,0.1099972782,GSE120805
FUT3,-1,NA,GSE120805
KCNG3,1,0.029892058,GSE120805
ATP6V0E2,1,5.61E-05,GSE120805
PRKCE,-1,0.03728079677,GSE120805
JAGN1,-1,0.6165356826,GSE120805
TADA3,1,0.4624651795,GSE120805
SOCS5,1,0.5510749491,GSE120805
C1GALT1C1,-1,0.9901338316,GSE120805
BBLN,1,0.6381137637,GSE120805
MORN4,1,0.001011219693,GSE120805
ZNF672,1,0.6295824763,GSE120805
ZNF692,-1,0.08371423776,GSE120805
NAIF1,-1,0.01557278674,GSE120805
RBKS,1,1.96E-05,GSE120805
TMEM126A,-1,0.9410758746,GSE120805
TMEM126B,1,0.9704790674,GSE120805
TRIM8,1,0.9303031223,GSE120805
NETO2,-1,0.003729437701,GSE120805
CLDN20,1,NA,GSE120805
CDC42BPG,1,4.41E-08,GSE120805
SCAND1,1,0.5887019624,GSE120805
JUNB,1,0.7092890341,GSE120805
FAM241B,1,0.1568373426,GSE120805
TMEM37,-1,0.004508592246,GSE120805
UGT2B7,1,NA,GSE120805
LRG1,1,0.0014847041,GSE120805
SHCBP1,1,0.9229276002,GSE120805
SOSTDC1,1,0.6274192031,GSE120805
NPTX1,1,0.08966465499,GSE120805
FAM98B,1,0.5382974,GSE120805
ZNF439,1,0.2164093987,GSE120805
ZNF440,1,0.9597452734,GSE120805
GAA,1,0.009669598446,GSE120805
CANT1,1,0.85907847,GSE120805
KCNK3,1,0.000328303131,GSE120805
ZDHHC16,-1,0.62390285,GSE120805
CHST11,1,0.4440193437,GSE120805
EXOSC1,-1,0.3451113941,GSE120805
PGAM1,-1,1.04E-06,GSE120805
CHD7,-1,0.03736153174,GSE120805
ESCO2,1,0.943940116,GSE120805
KRT19,1,0.185853635,GSE120805
KRT15,1,0.6481777293,GSE120805
LURAP1,1,0.8791946256,GSE120805
KRT38,-1,NA,GSE120805
CLCN5,-1,3.38E-07,GSE120805
TPPP,1,0.8626880757,GSE120805
KCND3,1,0.9414851749,GSE120805
APLN,-1,0.3015490007,GSE120805
XAGE3,-1,NA,GSE120805
KRT9,-1,0.5701774503,GSE120805
PDE7B,1,0.3368407323,GSE120805
MRPL36,-1,0.7632704381,GSE120805
ZNF581,-1,0.8649511722,GSE120805
NAT1,1,0.9369872099,GSE120805
KSR2,-1,NA,GSE120805
ZNF524,1,0.4772309905,GSE120805
MCC,-1,9.57E-06,GSE120805
ZBTB26,1,0.6126416085,GSE120805
DSEL,-1,0.003139063994,GSE120805
POLR1C,-1,0.5887019624,GSE120805
ASXL1,1,0.7311761692,GSE120805
DLK2,-1,0.3957711924,GSE120805
ZNF562,-1,0.0004737992007,GSE120805
ZNF318,-1,0.9996614271,GSE120805
ZNF561,-1,0.749012976,GSE120805
WIPF2,-1,0.7864288784,GSE120805
HOPX,-1,0.8389896077,GSE120805
NLRP5,1,NA,GSE120805
LRRC8C,-1,0.003631033492,GSE120805
RSL1D1,-1,6.64E-08,GSE120805
LRRC8D,-1,2.04E-08,GSE120805
PPID,-1,0.9826917496,GSE120805
COL24A1,-1,0.2246767809,GSE120805
ETFDH,1,0.7545878031,GSE120805
RXFP1,1,0.6633705007,GSE120805
LPAR3,1,0.6023614717,GSE120805
PTGER4,-1,0.06063222652,GSE120805
TBCA,-1,0.5814583414,GSE120805
NEUROD2,-1,NA,GSE120805
MAP6,1,0.5828388116,GSE120805
OTP,1,NA,GSE120805
ECEL1,1,NA,GSE120805
BCL2L1,1,0.9346684462,GSE120805
FGG,-1,0.742593357,GSE120805
FGB,1,NA,GSE120805
PLRG1,-1,0.8761208124,GSE120805
ZNF584,-1,0.443160004,GSE120805
CLSTN1,1,0.7177161849,GSE120805
CXXC5,-1,0.8178963204,GSE120805
ZNF274,1,0.9067794051,GSE120805
PIK3CD,-1,0.7168485519,GSE120805
SLC25A33,-1,0.3618590766,GSE120805
ENC1,1,0.03881924363,GSE120805
SPSB1,1,0.9417934121,GSE120805
P2RY6,1,0.8057442967,GSE120805
BPTF,-1,0.9223813973,GSE120805
ZIK1,1,0.7091246182,GSE120805
PLEKHG5,1,2.97E-09,GSE120805
ATF7IP,-1,0.9724993298,GSE120805
LKAAEAR1,-1,NA,GSE120805
RGS19,1,0.6014956493,GSE120805
TCEA2,1,0.01824535065,GSE120805
HDAC3,1,0.4328287014,GSE120805
GPHN,-1,0.1889290803,GSE120805
VAT1L,-1,NA,GSE120805
TMEM51,-1,0.393527309,GSE120805
CAMTA1,-1,0.9146400985,GSE120805
LGALS4,-1,0.8787388178,GSE120805
LRRC34,1,6.05E-06,GSE120805
AFG2B,-1,0.02795162663,GSE120805
GATM,-1,0.7485280099,GSE120805
NHLH1,-1,0.5623267829,GSE120805
SLFNL1,1,0.8951602992,GSE120805
BCL2,-1,7.20E-05,GSE120805
RHNO1,1,9.68E-08,GSE120805
CTPS1,-1,3.38E-06,GSE120805
WDR87,1,NA,GSE120805
METTL18,-1,0.9369872099,GSE120805
CFAP46,1,NA,GSE120805
COL8A2,1,1.28E-05,GSE120805
PWWP2B,1,0.01168730531,GSE120805
ZNF540,1,0.6723213027,GSE120805
ANGPTL7,-1,0.7794528062,GSE120805
FBXL14,1,0.57546427,GSE120805
EXOSC10,-1,0.0009659250373,GSE120805
ZNF570,-1,0.9813883742,GSE120805
NINJ2,1,0.1320490545,GSE120805
MLLT3,1,0.3109642768,GSE120805
FAM90A1,-1,NA,GSE120805
RRM2,-1,2.13E-08,GSE120805
TRAPPC12,-1,0.8131173491,GSE120805
IFNB1,1,NA,GSE120805
RPS21,-1,0.0679586944,GSE120805
C3AR1,1,0.08005013551,GSE120805
MRM3,-1,0.9538344829,GSE120805
PTEN,-1,0.7573554946,GSE120805
RPS7,-1,0.6729059772,GSE120805
RNASEH1,-1,0.5880834055,GSE120805
PRNP,1,0.4803806993,GSE120805
KLF17,-1,0.6678184882,GSE120805
FRMD5,1,0.4827177494,GSE120805
MIR31HG,1,0.6646730804,GSE120805
TLN2,-1,0.0976963368,GSE120805
TVP23B,1,0.8556346505,GSE120805
FBXW10,-1,0.8496095591,GSE120805
ZNF217,-1,0.2808246399,GSE120805
SRGAP2C,1,0.5520859358,GSE120805
SCG2,-1,0.2067805052,GSE120805
ATPAF2,1,0.7907902617,GSE120805
PPIH,-1,0.6796770023,GSE120805
DRC3,1,0.008582772636,GSE120805
ZNF57,-1,0.4922116735,GSE120805
SHLD1,1,0.9515546075,GSE120805
JMJD1C,1,0.9116994445,GSE120805
LDHAL6B,1,NA,GSE120805
SYNPO,-1,0.425640344,GSE120805
ZNF556,-1,0.250342328,GSE120805
ZNF554,1,0.7091617102,GSE120805
RAB33B,-1,0.9981136249,GSE120805
THOP1,1,0.9560387444,GSE120805
GAP43,1,0.894221967,GSE120805
EPHX4,1,0.06826025295,GSE120805
LAMB2,1,0.8478211141,GSE120805
USP19,1,0.5291222665,GSE120805
QARS1,1,0.7210734026,GSE120805
ORMDL3,1,0.1009431769,GSE120805
SERF1A,1,0.5669930393,GSE120805
KLF11,-1,0.251025656,GSE120805
LRRC15,-1,0.8691793171,GSE120805
SMN1,-1,0.1767457349,GSE120805
SMN2,-1,0.1767457349,GSE120805
EIF2AK3,-1,0.5204785614,GSE120805
SPMIP9,1,NA,GSE120805
MOB3A,-1,0.8217943951,GSE120805
KRCC1,1,0.19060166,GSE120805
NME6,-1,0.5785278958,GSE120805
CYCS,-1,0.7403033427,GSE120805
SLFN12,1,0.1799940387,GSE120805
CALB2,1,NA,GSE120805
SLC9C1,1,NA,GSE120805
FRMD3,1,0.8991503637,GSE120805
SNTB1,-1,0.002888731953,GSE120805
MTBP,1,0.832699476,GSE120805
TEFM,1,0.9799921688,GSE120805
MRPL13,1,0.972948578,GSE120805
MALT1,1,0.1717761614,GSE120805
ISG20,1,0.07781650411,GSE120805
MBOAT1,-1,1.97E-13,GSE120805
ID4,-1,0.9704790674,GSE120805
CEBPB,-1,0.3113027751,GSE120805
AZU1,1,0.9197482453,GSE120805
PAIP1,1,0.6929020092,GSE120805
C5orf34,1,0.0009409221677,GSE120805
C1QTNF4,1,NA,GSE120805
NEGR1,-1,0.03992186151,GSE120805
ZNF131,-1,0.06239358949,GSE120805
DPAGT1,-1,0.1278483527,GSE120805
BSG,-1,0.8919773939,GSE120805
HINFP,1,0.5333041653,GSE120805
CERS6,1,0.9856051589,GSE120805
SPTLC3,-1,0.9708470646,GSE120805
COPRS,-1,0.9981814789,GSE120805
TP53RK,-1,0.8368385109,GSE120805
B3GALT1,-1,0.6328145375,GSE120805
BPGM,-1,0.6722138478,GSE120805
POP7,-1,0.4917314984,GSE120805
ALG14,-1,0.4281209946,GSE120805
SUCLG2,1,0.922533737,GSE120805
STARD5,-1,6.07E-09,GSE120805
CSDC2,1,0.2535030949,GSE120805
RCAN2,1,0.9376197674,GSE120805
IL16,1,0.7651930774,GSE120805
ABCG4,1,2.43E-05,GSE120805
GNB2,-1,0.9704425077,GSE120805
CFAP53,1,0.01661824322,GSE120805
MCRIP2,1,0.9589197089,GSE120805
NHERF4,1,NA,GSE120805
C2CD2L,1,0.5676322027,GSE120805
ARNT2,-1,1.69E-07,GSE120805
GNG12,-1,0.1901451827,GSE120805
PRSS27,1,0.199818274,GSE120805
MYOZ2,-1,0.3858111506,GSE120805
SYNPO2,-1,0.628552169,GSE120805
CLP1,-1,0.8321499314,GSE120805
TTC36,-1,0.7579786738,GSE120805
RSPH9,1,0.6708561241,GSE120805
COPS9,-1,0.9744485217,GSE120805
GTPBP2,1,0.2797968333,GSE120805
FGGY,1,0.8310723972,GSE120805
IL17D,-1,0.8589285493,GSE120805
TCEAL1,1,0.03463865249,GSE120805
ZNF24,1,0.1178572053,GSE120805
MANEA,1,0.9287735892,GSE120805
RAB40A,1,0.2724798328,GSE120805
MAB21L4,1,NA,GSE120805
AFF1,1,0.9959983538,GSE120805
ACOT12,-1,NA,GSE120805
FIBP,-1,0.9063903931,GSE120805
CARNS1,1,1.26E-11,GSE120805
BANP,-1,0.9148241644,GSE120805
PPP1CA,-1,0.6451117907,GSE120805
HCFC1,-1,0.743807835,GSE120805
CTSW,1,0.8478268756,GSE120805
NIPAL4,-1,0.2521125895,GSE120805
PDE3A,-1,0.8655480309,GSE120805
RASGRP1,1,0.1300407228,GSE120805
KLHL6,-1,NA,GSE120805
CHCHD1,-1,0.8598895184,GSE120805
MRPL52,-1,0.5323337231,GSE120805
SMPDL3A,-1,0.2699764506,GSE120805
RND1,1,0.6077520325,GSE120805
RAD9A,1,0.9402387276,GSE120805
EFEMP2,1,0.9635401247,GSE120805
AGAP5,-1,0.8647800089,GSE120805
WASHC2C,1,0.02435914537,GSE120805
WASHC2A,1,0.02435914537,GSE120805
TMEM134,1,0.414660834,GSE120805
ZMAT3,1,0.04769324553,GSE120805
ZFAND4,1,0.7182845295,GSE120805
THEMIS,1,NA,GSE120805
ZNF738,1,0.3772900066,GSE120805
SLFN11,-1,0.5253846046,GSE120805
GARIN2,1,NA,GSE120805
CORO1B,1,0.0128211354,GSE120805
POFUT3,-1,0.0008253364134,GSE120805
LRRC20,-1,0.9071109982,GSE120805
MUS81,-1,0.246501902,GSE120805
PURG,1,0.009216873375,GSE120805
TMEM217,1,1.78E-05,GSE120805
ZNF596,-1,0.8320547782,GSE120805
CFL1,-1,0.000382497553,GSE120805
TMCC1,-1,0.8662409889,GSE120805
NAA16,-1,0.7016501559,GSE120805
EFCAB12,1,0.6403044754,GSE120805
PSME3IP1,-1,1.00E-05,GSE120805
RAB43,1,0.1229203915,GSE120805
ZNG1A,1,0.8463827068,GSE120805
HOXC5,-1,NA,GSE120805
RAB37,1,0.3219246585,GSE120805
DCP2,1,0.9403984977,GSE120805
SNX32,-1,0.5045838188,GSE120805
RPL38,-1,0.2074896354,GSE120805
OVOL1,1,0.1657817388,GSE120805
RARG,-1,0.65593871,GSE120805
CES4A,1,0.1678354709,GSE120805
CES3,1,1.56E-06,GSE120805
SSH3,-1,0.9814452839,GSE120805
CES2,1,8.04E-05,GSE120805
PDP2,1,0.0276897361,GSE120805
SP3,-1,0.9717481479,GSE120805
DMXL1,1,0.01666265489,GSE120805
METAP1D,-1,0.02706633508,GSE120805
ZNF621,-1,0.9798016825,GSE120805
EGFL7,1,0.3858893245,GSE120805
NADSYN1,1,0.2457175698,GSE120805
DHCR7,-1,8.36E-12,GSE120805
LVRN,1,0.905763679,GSE120805
NBEA,1,0.4890809995,GSE120805
RNASEH2C,-1,0.8720688415,GSE120805
MYEOV,-1,0.7287978965,GSE120805
ANKRD13D,1,0.2600032074,GSE120805
MRGPRF,1,0.1622488121,GSE120805
MYD88,-1,0.8708920147,GSE120805
OXSR1,-1,4.92E-05,GSE120805
SLC22A13,1,0.9967795124,GSE120805
PHF8,-1,0.9571001924,GSE120805
LCLAT1,-1,0.8195832852,GSE120805
MIR4435-2HG,-1,0.002656351433,GSE120805
FRG2C,-1,NA,GSE120805
KAT5,-1,0.761896627,GSE120805
SH3RF3,-1,0.07730768715,GSE120805
GXYLT2,-1,2.28E-06,GSE120805
DCAKD,-1,0.6236413345,GSE120805
ARPP21,1,NA,GSE120805
TADA2B,1,0.8857594157,GSE120805
CFAP184,1,0.4256890838,GSE120805
GRK2,-1,0.6335046202,GSE120805
RELA,-1,0.7055390199,GSE120805
EVC2,-1,0.1401941585,GSE120805
ZNF680,1,0.6237735448,GSE120805
HECTD4,1,0.1191584295,GSE120805
FAM222B,-1,0.9173725731,GSE120805
BNC2,-1,0.0002693519012,GSE120805
DELEC1,-1,0.6914448119,GSE120805
RXFP4,1,0.8985370201,GSE120805
HPSE,1,0.7159001164,GSE120805
COQ2,-1,2.02E-08,GSE120805
CCDC63,1,NA,GSE120805
HSPA6,-1,0.655614425,GSE120805
TRMT112,1,0.8507366906,GSE120805
LRRN3,1,0.8691246798,GSE120805
KDM2A,-1,0.9685455126,GSE120805
ACSM6,1,NA,GSE120805
ADCK5,1,0.9610120253,GSE120805
MRPL57,1,0.7491157238,GSE120805
NOC3L,-1,0.2250875299,GSE120805
ESRRA,1,0.8358627738,GSE120805
RHOD,1,3.31E-16,GSE120805
COMMD1,1,0.3945705633,GSE120805
RAPH1,-1,0.5901749729,GSE120805
MTX1,-1,0.7579786738,GSE120805
ADCY5,1,9.03E-12,GSE120805
PARP14,1,0.004994920127,GSE120805
PARP15,1,NA,GSE120805
CKS1B,1,0.2484423811,GSE120805
ABCD2,1,0.1978959713,GSE120805
ABLIM3,-1,0.7209015655,GSE120805
MAB21L3,1,NA,GSE120805
SLC60A2,1,1.50E-11,GSE120805
VANGL1,1,0.005910546744,GSE120805
GLRX,1,0.005723645323,GSE120805
IQCB1,1,0.017841687,GSE120805
SYT12,1,0.1115914038,GSE120805
GOLGB1,1,0.006043300349,GSE120805
C11orf86,-1,NA,GSE120805
ZNF483,1,0.9302533338,GSE120805
PLAC8L1,-1,0.08703271199,GSE120805
SLC2A14,-1,0.02051277935,GSE120805
GPR137,1,0.7261592024,GSE120805
SNCG,1,0.002790375623,GSE120805
MMRN2,1,0.3798141531,GSE120805
MZT2A,-1,0.6607065994,GSE120805
TNKS,1,0.22058016,GSE120805
ZNF449,-1,0.2808628465,GSE120805
ZBTB21,-1,0.2149058887,GSE120805
PPP1R3B,-1,5.91E-05,GSE120805
FAM86B3P,1,0.7921933905,GSE120805
STOX2,-1,0.9395733176,GSE120805
MAP3K11,1,0.2641279211,GSE120805
TRIB1,-1,0.03420791084,GSE120805
KCNK7,-1,0.9781577783,GSE120805
SFT2D3,-1,0.06303146787,GSE120805
NDNF,-1,0.9968957371,GSE120805
OLR1,-1,0.592689096,GSE120805
GLIPR1L1,1,NA,GSE120805
DAG1,-1,0.9615226058,GSE120805
ARV1,1,0.6238192641,GSE120805
NAA20,1,0.7815501961,GSE120805
SAA1,1,0.7616101966,GSE120805
MICOS10,-1,0.2169897977,GSE120805
EHBP1L1,1,0.7819402235,GSE120805
THAP2,1,0.9294733409,GSE120805
RNF26,1,0.9798016825,GSE120805
PPP1R14B,-1,0.0003043755765,GSE120805
ZNRD2,-1,0.5360272337,GSE120805
SMARCC1,-1,0.4994709046,GSE120805
ZNF417,1,0.9131090672,GSE120805
PTPRM,-1,0.00990654001,GSE120805
FKBP2,-1,0.9651980112,GSE120805
VEGFB,-1,0.1659232488,GSE120805
PEAK1,-1,0.8820048223,GSE120805
TNFRSF10D,1,0.9341745685,GSE120805
MST1,1,0.08664591756,GSE120805
TNFRSF10C,1,1.80E-06,GSE120805
GMPPB,-1,0.04719760355,GSE120805
MOB1B,1,0.4284787009,GSE120805
ZNF622,-1,0.8991503637,GSE120805
CSPG4,-1,0.7316424758,GSE120805
SNX33,-1,0.3311453668,GSE120805
CIMIP2C,1,0.8056615257,GSE120805
NABP1,1,0.0976963368,GSE120805
ADGRF3,-1,0.9857847553,GSE120805
CHD2,-1,0.7023607332,GSE120805
CCDC106,1,0.4713644471,GSE120805
CEP83,-1,0.0001692006407,GSE120805
SULT1B1,-1,NA,GSE120805
NUDT4,-1,0.6508940696,GSE120805
PC,1,0.8568473845,GSE120805
SCAI,1,0.9959180079,GSE120805
NMNAT1,1,0.004980721837,GSE120805
LRFN4,-1,0.1091462614,GSE120805
SLC19A1,-1,1.92E-07,GSE120805
HSPB7,1,0.8453484294,GSE120805
RCE1,-1,0.07342768082,GSE120805
UQCRH,1,0.9804156432,GSE120805
TAS1R1,1,0.2588396987,GSE120805
EIF1AX,-1,0.04659073195,GSE120805
LOC124905557,-1,0.04659073195,GSE120805
BCLAF3,1,0.536017271,GSE120805
PSMD1,1,0.9321932126,GSE120805
ADGRG2,1,NA,GSE120805
MUC13,1,0.6333623018,GSE120805
SUSD5,-1,0.9614982344,GSE120805
HEG1,-1,0.01523777542,GSE120805
WFIKKN2,1,0.2672448176,GSE120805
TOP6BL,-1,0.04316360074,GSE120805
TOMM20,-1,0.2967335245,GSE120805
AGFG1,-1,0.6907237104,GSE120805
STAT5B,-1,0.04528556622,GSE120805
CNP,1,0.8230541375,GSE120805
JUP,1,0.9990929658,GSE120805
HAP1,1,2.77E-14,GSE120805
TDRD12,1,0.6490743236,GSE120805
EIF1,-1,0.1627266002,GSE120805
ENDOV,1,0.02268977133,GSE120805
RNF213,1,0.7920951396,GSE120805
TIGD3,1,3.49E-05,GSE120805
KCNH6,1,NA,GSE120805
MARCHF10,1,0.6695452701,GSE120805
PLK3,1,0.0001514612226,GSE120805
NET1,-1,0.8655480309,GSE120805
DPY19L1,1,0.9711575346,GSE120805
FLJ20712,-1,NA,GSE120805
PHOSPHO1,1,0.2634871085,GSE120805
ZNF791,1,0.8857172156,GSE120805
PHC3,-1,0.9998562827,GSE120805
GPR160,1,0.7832368334,GSE120805
CBX2,-1,9.31E-13,GSE120805
SPTBN2,-1,0.001604180965,GSE120805
GOLIM4,-1,0.582654106,GSE120805
RBM4B,1,0.06911542132,GSE120805
ATP5MK,-1,0.9977423222,GSE120805
HOXB2,-1,0.8927841418,GSE120805
C1QTNF1,1,0.05203287018,GSE120805
MARCHF3,-1,0.0002308901321,GSE120805
SWSAP1,-1,0.4470534018,GSE120805
SLCO4C1,-1,0.576679214,GSE120805
RBM4,1,0.2644774932,GSE120805
XXYLT1,-1,2.01E-05,GSE120805
UBXN2A,1,0.4176190055,GSE120805
LRRC63,1,0.0857281381,GSE120805
TCAP,1,0.6891681519,GSE120805
CCS,1,4.76E-07,GSE120805
NRROS,1,0.08029234996,GSE120805
CEP19,1,5.39E-09,GSE120805
KLHL15,1,0.05896349111,GSE120805
FBXO45,-1,0.1742362183,GSE120805
CBY2,1,NA,GSE120805
GNG5,-1,0.05005369038,GSE120805
SLC25A30,1,0.848242618,GSE120805
CD34,1,0.5819993592,GSE120805
CTSF,1,5.18E-07,GSE120805
MSRB3,-1,0.2579464667,GSE120805
LEMD3,1,0.5019666023,GSE120805
UQCC4,-1,0.9867205367,GSE120805
TLR10,1,NA,GSE120805
TLR1,1,1.98E-05,GSE120805
TLR6,1,0.9348647784,GSE120805
FAM174A,1,0.000239666314,GSE120805
RGMB,-1,0.0002773455575,GSE120805
FAM53A,1,0.7292231959,GSE120805
CYB561D1,1,0.7785151186,GSE120805
GSTA3,-1,NA,GSE120805
ZDHHC24,1,1.65E-05,GSE120805
LOC105370792,1,NA,GSE120805
TRMT10C,-1,0.8452655544,GSE120805
SELP,1,NA,GSE120805
CTU2,-1,0.005235516742,GSE120805
MGA,1,0.951491832,GSE120805
KICS2,-1,8.01E-06,GSE120805
SNX31,1,NA,GSE120805
PIGG,1,0.4400703585,GSE120805
PRPF8,-1,0.8452375672,GSE120805
ADCY6,1,0.0003424502554,GSE120805
REP15,-1,0.06785674275,GSE120805
PITPNA,-1,0.99160131,GSE120805
DDX23,-1,0.9579964342,GSE120805
ZNF80,-1,NA,GSE120805
ZNHIT2,-1,0.9156933064,GSE120805
ZBTB4,1,0.9978137088,GSE120805
TNK1,1,0.4502997248,GSE120805
ZHX3,-1,0.3669481768,GSE120805
PHLDA3,1,1.30E-06,GSE120805
SLC16A13,1,0.8992527624,GSE120805
GLIS1,-1,0.5705634007,GSE120805
CHRNA9,1,0.8676421743,GSE120805
PODN,1,0.1919653272,GSE120805
SNHG11,1,0.5905150002,GSE120805
KCNJ5-AS1,1,0.2468934559,GSE120805
EXO1,-1,1.75E-11,GSE120805
RALGAPA1,1,0.003746557893,GSE120805
LIG4,-1,0.9980745003,GSE120805
RPL35P9,1,NA,GSE120805
GTF2IRD2B,1,0.0341782863,GSE120805
ABRA,1,NA,GSE120805
ATP2A2,-1,0.5427661946,GSE120805
ZWILCH,1,0.925896597,GSE120805
RPL4,-1,0.4039383898,GSE120805
SNAPC5,1,0.7922656316,GSE120805
STARD6,-1,0.889940363,GSE120805
VWC2L,1,NA,GSE120805
C12orf76,1,0.01310904225,GSE120805
ZCCHC12,1,0.01460537088,GSE120805
CNTNAP2,-1,0.9154633708,GSE120805
GALNTL6,1,0.9760391482,GSE120805
LINGO2,-1,0.964439611,GSE120805
BBS1,1,0.01200715627,GSE120805
DENND4A,-1,0.9728636475,GSE120805
IGDCC3,1,0.9601080503,GSE120805
GCSAM,1,NA,GSE120805
ANKRD36C,-1,0.6383497171,GSE120805
SLC26A9,-1,NA,GSE120805
SLC60A1,1,0.152937541,GSE120805
PELI3,1,0.0002117744434,GSE120805
MYO1H,1,NA,GSE120805
TMEM81,-1,0.3931136251,GSE120805
MRPL11,-1,0.9108306243,GSE120805
IL20RB,-1,0.04973636481,GSE120805
GOLT1A,1,0.0007418692302,GSE120805
RPL10P2,-1,NA,GSE120805
AKIRIN1,1,0.000729299851,GSE120805
NPAS4,-1,0.5271746657,GSE120805
MSL2,-1,0.1387571085,GSE120805
ZNF497,-1,0.7403033427,GSE120805
TRAM1L1,-1,0.3268799513,GSE120805
CMKLR1,-1,0.1441472494,GSE120805
ANGEL2,-1,0.9931958365,GSE120805
UGT8,-1,0.04532362508,GSE120805
IQCK,-1,0.6014956493,GSE120805
SLCO2A1,-1,0.1639018653,GSE120805
ZNF266,-1,0.7943746546,GSE120805
SLC29A2,-1,0.5582709268,GSE120805
BRSK2,1,0.6995395757,GSE120805
B4GAT1,1,1.10E-08,GSE120805
TMEM167A,1,0.6017631459,GSE120805
SH3PXD2B,-1,0.619637806,GSE120805
RESF1,1,0.1118576416,GSE120805
LARP7,1,0.4303634567,GSE120805
FGFBP3,-1,0.2857931942,GSE120805
NR1D2,1,0.4032191603,GSE120805
BRMS1,1,0.6367820045,GSE120805
RPL15,-1,0.7778924914,GSE120805
FAM241A,-1,0.869375367,GSE120805
HRAS,-1,0.3746607312,GSE120805
WDR49,1,0.5694469204,GSE120805
SRP72,-1,0.7004586706,GSE120805
PCP2,1,0.06203152639,GSE120805
RIN1,-1,0.008266180549,GSE120805
ODAPH,-1,NA,GSE120805
THAP6,1,0.08985411289,GSE120805
CEP135,1,0.002013056585,GSE120805
FZD4,-1,0.007487809426,GSE120805
CD248,-1,0.0008039340962,GSE120805
BTC,1,0.0003120430345,GSE120805
PDZK1,-1,1.19E-05,GSE120805
DENND6A,-1,0.9977423222,GSE120805
PDE12,-1,0.9699296317,GSE120805
ARF4-AS1,-1,0.9699296317,GSE120805
GLMN,-1,0.3667324363,GSE120805
DNAH12,1,0.02812138019,GSE120805
YIF1A,-1,0.000108098849,GSE120805
CNIH2,-1,0.6148239736,GSE120805
NDUFA11,-1,0.9018956438,GSE120805
RSRC1,1,0.8312450909,GSE120805
CATSPERD,1,0.5756117809,GSE120805
RAB1B,1,0.7743792028,GSE120805
PTDSS2,-1,0.7874118503,GSE120805
MICOS13,-1,0.5834170332,GSE120805
MISO1,1,0.6835400088,GSE120805
SEZ6L2,1,0.9669799932,GSE120805
ASPHD1,-1,0.131945941,GSE120805
KCTD13,1,0.9699572988,GSE120805
AMZ1,-1,3.52E-06,GSE120805
CD164L2,1,NA,GSE120805
FUT1,1,0.002663774966,GSE120805
DHX36,-1,0.3247704174,GSE120805
ZIC4,1,0.02813471784,GSE120805
FBXW8,-1,0.3332298959,GSE120805
CA5A,-1,NA,GSE120805
ZG16,-1,NA,GSE120805
KLC2,1,0.9229276002,GSE120805
SLC22A1,-1,0.4324695776,GSE120805
TEX36,-1,NA,GSE120805
CTBP2,-1,0.0007645001243,GSE120805
CHST2,1,0.498078435,GSE120805
ZDHHC14,-1,0.02361745228,GSE120805
ATR,-1,0.7563048124,GSE120805
SNHG29,-1,0.09363657134,GSE120805
UBE2C,1,4.78E-21,GSE120805
GK5,1,0.9679007141,GSE120805
VCPIP1,-1,0.8056912545,GSE120805
DES,1,0.605126865,GSE120805
PDIK1L,1,0.07243060048,GSE120805
SPSB4,1,0.6894101316,GSE120805
RAG2,1,NA,GSE120805
TRAF6,-1,0.2916488345,GSE120805
ZNF654,-1,0.7773019218,GSE120805
TVP23C,1,8.18E-07,GSE120805
MRPS22,-1,0.9959781453,GSE120805
PACS1,-1,0.9529184927,GSE120805
MARCKSL1,1,0.972527838,GSE120805
SH3BP5L,1,0.9346684462,GSE120805
TMEM51-AS1,1,NA,GSE120805
YPEL2,1,1.08E-20,GSE120805
PSMD2,1,0.1275289148,GSE120805
PPM1E,-1,0.002887284779,GSE120805
FAM131A,-1,0.6890348281,GSE120805
CSRP2,-1,0.03572904297,GSE120805
INHBC,-1,NA,GSE120805
PARL,-1,0.8448937811,GSE120805
DDIT3,1,0.4033346833,GSE120805
PCCA,-1,0.8394726311,GSE120805
HIGD2B,1,0.5326181212,GSE120805
DCTN2,-1,0.532592448,GSE120805
ZNF408,-1,0.4842278698,GSE120805
CTDSP2,-1,0.7611759661,GSE120805
CKAP5,1,1.70E-09,GSE120805
ARHGAP1,-1,0.8647256865,GSE120805
MED16,1,0.9846637157,GSE120805
ATG13,1,0.5803411856,GSE120805
CIROZ,1,NA,GSE120805
CHST1,1,NA,GSE120805
GOLGA8A,-1,0.3762351544,GSE120805
VWA3A,-1,NA,GSE120805
TP53I11,1,0.0006216309617,GSE120805
CENPS,1,0.9585252845,GSE120805
DOLK,1,0.01733765889,GSE120805
PHYHD1,1,4.71E-05,GSE120805
CATSPER1,1,8.05E-05,GSE120805
ANKRD30BP1,-1,0.06425235249,GSE120805
CCNE2,-1,0.07529922644,GSE120805
PHYKPL,1,0.4453714297,GSE120805
CST6,1,0.550164059,GSE120805
GRAMD2A,1,1.28E-09,GSE120805
ZNF519,1,0.6046511189,GSE120805
LSM1,1,0.8879010072,GSE120805
BANF1,-1,0.5434807748,GSE120805
APOF,1,NA,GSE120805
TMEM9B,1,0.01311420918,GSE120805
NRIP3,1,3.31E-19,GSE120805
PTPN2,-1,0.4348449791,GSE120805
SCUBE2,1,0.002008276065,GSE120805
EIF1AD,-1,0.007443591862,GSE120805
SMAD2,-1,0.5380605719,GSE120805
EIF3F,-1,0.0112442815,GSE120805
ZNF25,-1,0.0005624910744,GSE120805
ARL10,-1,0.08492878903,GSE120805
CLTB,1,0.9309931909,GSE120805
LPL,-1,0.4400996346,GSE120805
RFESD,-1,0.5361291338,GSE120805
CCDC14,1,0.06742064202,GSE120805
TBC1D10C,1,0.7076153272,GSE120805
SART1,-1,0.8447312454,GSE120805
PPP2R2D,1,0.8475284437,GSE120805
MCTP1,1,0.2300917639,GSE120805
POLD4,1,0.2996438023,GSE120805
CLCF1,1,0.722076487,GSE120805
TSGA10IP,-1,NA,GSE120805
UBQLNL,1,NA,GSE120805
LIPT2,1,0.1460774533,GSE120805
KCNE3,1,NA,GSE120805
CABP4,1,NA,GSE120805
ALG10B,1,0.002506413347,GSE120805
DRAP1,1,0.9712347794,GSE120805
LONRF3,1,0.5362931576,GSE120805
UCP3,-1,0.7292019367,GSE120805
UCP2,-1,0.9685965039,GSE120805
C11orf68,1,0.02495662021,GSE120805
PAAF1,1,0.04731962549,GSE120805
MRPL48,-1,0.2154051857,GSE120805
RAB6A,-1,0.7266009497,GSE120805
P2RY2,1,6.77E-07,GSE120805
FOSL1,-1,0.9240303349,GSE120805
ERCC4,1,0.9041116544,GSE120805
SUGCT,-1,0.6893028218,GSE120805
CCDC85B,-1,0.9923890133,GSE120805
TMEM70,-1,0.4715106703,GSE120805
ERCC6L2-AS1,1,0.6975984435,GSE120805
RPS6KB2,1,0.06901697843,GSE120805
RMI2,-1,0.4520044282,GSE120805
TOM1L2,1,0.1618092192,GSE120805
ZNF77,-1,0.5323337231,GSE120805
GPR156,1,0.8927841418,GSE120805
MTLN,-1,0.7954789782,GSE120805
KDF1,1,NA,GSE120805
QTGAL,-1,0.503314955,GSE120805
LOC128966610,-1,0.503314955,GSE120805
MLXIP,-1,0.7312827361,GSE120805
LINC02873,-1,0.9164712923,GSE120805
NR2F1,-1,1.26E-15,GSE120805
LINC02915,1,0.02154373972,GSE120805
EIF3KP1,1,0.2491551047,GSE120805
AURKAIP1,-1,0.7312838685,GSE120805
TTLL11,-1,0.1327011792,GSE120805
TOMM5,-1,0.4475352022,GSE120805
LINC01106,1,0.5530409219,GSE120805
ZBTB44-DT,1,0.9893564932,GSE120805
SLC35E3,-1,0.8935225789,GSE120805
ZNF169,-1,0.09655723973,GSE120805
RUVBL1,-1,0.5031737964,GSE120805
SFN,1,3.93E-07,GSE120805
MSRA,1,0.01909728063,GSE120805
LRTM3,-1,0.07204742468,GSE120805
CTDNEP1,-1,0.4687608407,GSE120805
ETV4,1,0.9403984977,GSE120805
SWI5,1,4.50E-05,GSE120805
BAIAP2,-1,0.9037962237,GSE120805
CALCB,-1,0.9358714488,GSE120805
CREG2,1,NA,GSE120805
TMEM270,1,NA,GSE120805
RPL7AP66,-1,0.9723224253,GSE120805
ZDHHC21,1,0.004414413519,GSE120805
PLEKHF2,-1,0.4758016841,GSE120805
A2M,1,NA,GSE120805
ARL4D,-1,0.01684058379,GSE120805
DOK7,1,0.07073778367,GSE120805
UBE2O,-1,0.4715106703,GSE120805
ORAI3,1,1.90E-12,GSE120805
KLHL38,-1,0.9096701176,GSE120805
LINC02880,1,NA,GSE120805
UNC119B,-1,0.770169127,GSE120805
DENND2C,1,0.01871104055,GSE120805
PLEKHD1,1,0.3729979294,GSE120805
TUBB6,-1,0.02316094177,GSE120805
LYSMD3,-1,0.8439983965,GSE120805
B3GALT6,-1,0.004453348134,GSE120805
ZNF613,1,0.8772456876,GSE120805
TMPRSS7,1,NA,GSE120805
NUPR1,-1,0.6810087975,GSE120805
JAKMIP2,-1,0.9253438142,GSE120805
RPL23P2,1,0.9661975007,GSE120805
MBLAC2,-1,0.000404430668,GSE120805
TPRN,-1,0.5258920979,GSE120805
KCNE5,1,0.961815648,GSE120805
SLC35A4,-1,0.8685476174,GSE120805
CRYBG2,1,0.6099702086,GSE120805
IP6K1,1,0.817834047,GSE120805
SSNA1,-1,0.9801010023,GSE120805
CSTF3,-1,0.2032770253,GSE120805
YES1,1,0.0007960673988,GSE120805
CHMP6,-1,0.8168102135,GSE120805
DLEU1,-1,0.1747038831,GSE120805
DLEU7-AS1,-1,0.1747038831,GSE120805
UFSP1,-1,0.8785503588,GSE120805
MC5R,1,NA,GSE120805
TMEM39A,-1,0.1975232063,GSE120805
TCP11L1,-1,0.0005572720285,GSE120805
GPX2,-1,NA,GSE120805
CCDC57,-1,0.6571940905,GSE120805
HSF5,1,NA,GSE120805
FOXG1,-1,0.7793565273,GSE120805
SPHK1,1,0.7315144682,GSE120805
BNIP3,-1,2.90E-08,GSE120805
MYPOP,1,0.9801010023,GSE120805
CIDEA,1,NA,GSE120805
ATAD5,-1,0.6987875157,GSE120805
SMIM19,1,0.2595130356,GSE120805
ZNF404,-1,0.3089773124,GSE120805
CATED,-1,0.3089773124,GSE120805
RTTN,1,0.3936821798,GSE120805
RPP38-DT,1,0.8521578289,GSE120805
ACBD7,1,2.72E-21,GSE120805
ANAPC2,1,0.8531932874,GSE120805
ZBTB8OS,1,0.922533737,GSE120805
SLC35G1,1,0.4303634567,GSE120805
ZNF135,1,NA,GSE120805
FOXN3P1,1,NA,GSE120805
COX8A,1,0.7395301512,GSE120805
TAC4,1,NA,GSE120805
ZSCAN2,-1,0.4848525463,GSE120805
PRR18,1,0.8516988355,GSE120805
B3GNT4,-1,0.7800944077,GSE120805
CDC26,1,0.8721579169,GSE120805
HSD11B2,1,0.6165356826,GSE120805
CRLF3,1,0.9716015694,GSE120805
RNPEP,1,0.5667478295,GSE120805
EID2,-1,0.9108306243,GSE120805
DMRTA1,1,0.8732982242,GSE120805
EID2B,1,0.02573654055,GSE120805
GJC3,1,0.002870936743,GSE120805
RIMS2,-1,0.07952194881,GSE120805
KCMF1,1,0.7126416783,GSE120805
DNAJC30,1,0.2726433559,GSE120805
SPRYD4,-1,0.85907847,GSE120805
VPS37D,1,4.76E-10,GSE120805
SYNE3,1,2.82E-09,GSE120805
CLK2,-1,0.4690132765,GSE120805
LPCAT4,-1,0.05755601275,GSE120805
SLCO3A1,-1,0.7897224465,GSE120805
ZNF575,-1,0.1398030689,GSE120805
WDR25,1,0.535986162,GSE120805
SGF29,-1,0.00247439842,GSE120805
PLAAT3,1,0.03970071179,GSE120805
DIRAS1,-1,0.2457175698,GSE120805
PHLDB3,1,0.003700522875,GSE120805
PRR15,-1,NA,GSE120805
GNG7,1,0.03644942173,GSE120805
USF3,-1,0.9101785057,GSE120805
CNTD1,-1,0.7177972928,GSE120805
ZNF606-AS1,1,0.07604114764,GSE120805
KBTBD11,1,0.6239592893,GSE120805
B3GNT5,1,0.2214112157,GSE120805
MAP3K19,-1,NA,GSE120805
LMNB2,-1,0.6584906762,GSE120805
RMDN1,1,0.1745072778,GSE120805
MEX3C,-1,0.8217322509,GSE120805
RNF152,-1,0.2973429194,GSE120805
MYO1D,1,0.9679007141,GSE120805
FOXL1,1,7.55E-05,GSE120805
LRRC37A,-1,0.8935225789,GSE120805
FOXC2,-1,0.04740720095,GSE120805
BDNF,-1,0.000133082414,GSE120805
CCDC121,-1,0.1975746353,GSE120805
ACSF3,1,0.1995222118,GSE120805
BOK,-1,1.39E-06,GSE120805
ZNF843,-1,0.9669257983,GSE120805
TTTY14,1,0.3086546424,GSE120805
RBIS,1,0.897586113,GSE120805
PFN4,1,0.006178131388,GSE120805
CDK5R1,-1,8.63E-06,GSE120805
PAK6-AS1,1,0.002694915522,GSE120805
NCKAP5,-1,0.001382588114,GSE120805
RUFY1,1,0.2985187675,GSE120805
BASP1,-1,0.1205636214,GSE120805
LRRC37A3,1,0.8941257432,GSE120805
VSIG10,-1,0.2193637353,GSE120805
MIR7-3HG,1,NA,GSE120805
IRX5,-1,0.0006551584,GSE120805
METRNL,-1,0.2021024718,GSE120805
FAM91A1,1,0.6044715792,GSE120805
KRT18P28,-1,0.9687644967,GSE120805
WSB2,-1,0.09678867896,GSE120805
GRIN1,-1,NA,GSE120805
TYMS,-1,0.1210547114,GSE120805
PXMP2,-1,0.1078967262,GSE120805
TCEANC,-1,0.6215532174,GSE120805
PNMA1,1,0.6799199144,GSE120805
TCIM,1,0.0288656903,GSE120805
MAMSTR,-1,0.5413089202,GSE120805
ANKLE2,-1,0.008664031071,GSE120805
C8G,1,0.4425455451,GSE120805
FUT2,-1,NA,GSE120805
EFCAB5,1,0.1550612834,GSE120805
GCNT4,1,0.1531604928,GSE120805
MUC20,1,0.1146145677,GSE120805
THAP4,-1,0.01822280967,GSE120805
NFATC2IP,-1,0.4685180753,GSE120805
FIBIN,-1,0.04283649927,GSE120805
FAM89B,-1,0.8332957103,GSE120805
SHMT1,-1,0.7880678243,GSE120805
DPP7,1,0.2414856829,GSE120805
LOC107984399,1,0.07091040811,GSE120805
SEC24C,1,0.9760391482,GSE120805
SMCR8,-1,0.8626880757,GSE120805
MTHFR,1,0.001756129713,GSE120805
C19orf18,-1,0.6733105249,GSE120805
DEAF1,-1,0.8907558158,GSE120805
MTX3,1,0.8666988767,GSE120805
TMEM80,-1,0.5659704811,GSE120805
SIX5,-1,0.6776938553,GSE120805
FBXO46,-1,0.5741331857,GSE120805
ZDHHC13,1,0.2450849489,GSE120805
SLC38A9,1,0.19972419,GSE120805
ACER2,1,2.22E-15,GSE120805
WDR73,1,0.8297555855,GSE120805
POLE,-1,0.665595119,GSE120805
PHETA2,-1,7.42E-07,GSE120805
SCN4B,1,0.005056570771,GSE120805
DSCAML1,1,NA,GSE120805
RHOG,-1,0.762015668,GSE120805
EPS8L2,1,0.0020956376,GSE120805
ZDHHC22,1,0.4018241551,GSE120805
ANO6,-1,0.3646834584,GSE120805
ZBTB34,-1,0.03372706135,GSE120805
MIMS1,-1,6.63E-05,GSE120805
TALDO1,-1,0.6224234174,GSE120805
ULK1,1,0.9871891092,GSE120805
RIMKLA,-1,0.5741848206,GSE120805
CLVS1,-1,0.6171382018,GSE120805
RPS6KA3,-1,0.003953885334,GSE120805
B3GNT8,1,0.382717049,GSE120805
PUS1,-1,9.81E-12,GSE120805
CHD9,-1,0.4088112919,GSE120805
OR2T33,-1,0.4585307867,GSE120805
GATD1,1,0.496158124,GSE120805
LINC01561,-1,0.2396042404,GSE120805
TRIM72,-1,0.4275327941,GSE120805
MAN1B1,1,0.9152291263,GSE120805
OR2AJ1,-1,NA,GSE120805
FZD8,-1,0.7978785639,GSE120805
GJD4,-1,NA,GSE120805
FBXO39,1,0.8619449408,GSE120805
CLDN22,-1,NA,GSE120805
KCNA2,-1,NA,GSE120805
TOP3A,-1,0.08966465499,GSE120805
CASKIN2,-1,0.8859432095,GSE120805
ZBTB38,1,0.8568601413,GSE120805
LY6S-AS1,1,0.04895616952,GSE120805
FLJ13224,1,0.5300325384,GSE120805
CCDC71,1,0.7491506226,GSE120805
OVOS2P,-1,0.264024491,GSE120805
LRRN4CL,1,0.08009838314,GSE120805
TIMM22,-1,0.01559481645,GSE120805
HIC1,-1,0.08951903439,GSE120805
PPFIA3,1,0.09196091396,GSE120805
MAGEF1,1,0.5644912641,GSE120805
UMODL1,1,NA,GSE120805
NINJ2-AS1,1,1.77E-29,GSE120805
SAMD9L,1,0.002939061067,GSE120805
ZFAS1,-1,0.08102635554,GSE120805
UBE2U,-1,NA,GSE120805
PAWR,-1,0.006059900516,GSE120805
TGIF1,1,0.6416443687,GSE120805
MIEF2,1,0.001807448122,GSE120805
NAP1L5,1,0.01706061234,GSE120805
RPL19P3,-1,NA,GSE120805
NIM1K,-1,0.7424950807,GSE120805
ERICH5,1,4.66E-13,GSE120805
OR2T8,-1,0.3931266154,GSE120805
NR2C2,-1,0.05780154495,GSE120805
GPR4,1,0.9694236583,GSE120805
ACOT4,1,0.9856051589,GSE120805
CAVIN1,-1,1.99E-07,GSE120805
ARIH2,1,0.7018966806,GSE120805
RBM44,1,0.6043832867,GSE120805
ZBTB33,-1,0.868439157,GSE120805
ZBED2,1,NA,GSE120805
IRX3,-1,NA,GSE120805
SLC25A22,-1,0.7223196886,GSE120805
RABEP2,1,0.01290804553,GSE120805
NHLH2,1,NA,GSE120805
ATOX1,-1,0.8958454031,GSE120805
TBL1XR1,-1,0.2990313395,GSE120805
SAMD12,1,0.1887722074,GSE120805
C18orf32,1,0.07312196547,GSE120805
PIDD1,1,0.5460070683,GSE120805
ZNF491,1,0.001023521965,GSE120805
RPLP2,-1,0.02092429428,GSE120805
HASPIN,1,0.5962613005,GSE120805
JUN,-1,0.000477292845,GSE120805
CSTF2T,-1,0.9862034324,GSE120805
PGBD5,-1,0.7712575514,GSE120805
GBA1,1,0.844444826,GSE120805
CASC2,1,0.1157112809,GSE120805
ACAD9,-1,0.6317849199,GSE120805
IL17RA,-1,0.9231382003,GSE120805
PNPLA2,1,0.9954685022,GSE120805
MBOAT4,1,NA,GSE120805
AGTRAP,1,0.003714018638,GSE120805
CD163L1,1,0.001008111305,GSE120805
SRRM3,-1,0.3202520809,GSE120805
THAP5,1,0.272369812,GSE120805
CRACR2B,-1,0.8420489108,GSE120805
SUMO4,1,0.5265719931,GSE120805
DNAJC28,1,0.008572657466,GSE120805
NAALADL2,1,0.06924907366,GSE120805
CD151,-1,0.08544226083,GSE120805
POLR2L,-1,0.4189317063,GSE120805
FAM20C,-1,0.836295857,GSE120805
NECTIN3,-1,0.3913862361,GSE120805
SLC35G5,-1,0.6707571253,GSE120805
ANXA2R,1,0.04763443848,GSE120805
TMEM94,-1,0.9247524947,GSE120805
FLII,-1,0.5974075677,GSE120805
SOX12,-1,0.75154052,GSE120805
HNRNPA0,-1,0.5752968191,GSE120805
FXNP2,-1,0.8500798835,GSE120805
FLJ32255,1,0.06593708453,GSE120805
ANXA2R-OT1,1,0.06593708453,GSE120805
YIPF7,-1,NA,GSE120805
FAM87B,-1,0.9704790674,GSE120805
RAB4A-AS1,1,0.02921873132,GSE120805
MYOZ1,1,0.5739818168,GSE120805
KCNJ10,1,0.01848020496,GSE120805
CHID1,-1,0.6430985795,GSE120805
PCDHB9,1,0.9195731316,GSE120805
ZNF620,1,0.1098528442,GSE120805
ZNF518A,1,0.9097291844,GSE120805
TMEM187,1,5.03E-06,GSE120805
SVBP,-1,0.9945254335,GSE120805
ZNF619,-1,0.8186010293,GSE120805
CCDC184,1,0.5035534713,GSE120805
AP3S1,-1,0.2176309966,GSE120805
GRB2,1,0.1171853804,GSE120805
ZBTB41,1,0.9585768931,GSE120805
UBE2N,-1,0.4499825227,GSE120805
ARL6IP6,-1,0.8525600102,GSE120805
ZNF354C,1,0.9746053989,GSE120805
MAMDC4,-1,0.1430959763,GSE120805
BET1L,-1,0.1608291355,GSE120805
RPS27,-1,0.9177655009,GSE120805
RIC8A,-1,0.003139063994,GSE120805
IMP3,-1,0.2544388614,GSE120805
ASB8,-1,0.2163216216,GSE120805
LCN15,1,0.3741102163,GSE120805
CIMAP1B,1,0.03725826411,GSE120805
DPY19L2,-1,0.6027687538,GSE120805
ZNRF3-AS1,1,0.5112499572,GSE120805
CIMIP6,1,NA,GSE120805
GPR150,1,0.7973718515,GSE120805
LRRC75B,1,0.1267863689,GSE120805
DMAP1,1,0.9986359678,GSE120805
ADAMTSL1,-1,8.76E-10,GSE120805
CALHM5,-1,0.07858074421,GSE120805
IMPDH2,-1,0.06890553471,GSE120805
ALS2CL,1,2.79E-13,GSE120805
MLF1,-1,0.9526640177,GSE120805
NDUFAF3,-1,0.3875063322,GSE120805
C2orf69,1,0.94430947,GSE120805
GRAMD1C,1,0.0008578164431,GSE120805
STAP2,1,4.92E-07,GSE120805
TSSK6,-1,0.7196797568,GSE120805
BOLA1,1,0.4923341071,GSE120805
PDE4DIP,-1,0.1471985058,GSE120805
LOC124904395,-1,0.1471985058,GSE120805
DDX10,-1,0.3100721733,GSE120805
PPP1R42,1,0.3592948562,GSE120805
NDUFV2,1,0.05808125346,GSE120805
DALRD3,1,0.355716517,GSE120805
ZNF114,-1,0.1816346636,GSE120805
ZNF518B,1,0.9281419165,GSE120805
ZNF366,1,NA,GSE120805
LCORL,1,0.1265297556,GSE120805
PARD6G,1,0.00265163798,GSE120805
ZNF454,-1,NA,GSE120805
SH2B1,-1,0.9801010023,GSE120805
ZC3H12D,1,0.814217566,GSE120805
VN1R1,1,0.02975534657,GSE120805
POGLUT3,-1,0.3644504951,GSE120805
PLEC,-1,0.1928307557,GSE120805
SH2D4B,1,NA,GSE120805
PRSS36,1,0.8622524928,GSE120805
ZNF543,1,0.4845997418,GSE120805
TMEM151B,1,NA,GSE120805
GALNT11,1,0.1632081023,GSE120805
SLITRK1,1,0.8942421604,GSE120805
WDR6,-1,0.7311761692,GSE120805
GEN1,1,0.004233785912,GSE120805
TMPRSS9,-1,0.665595119,GSE120805
AQP11,-1,0.9476464379,GSE120805
TMEM11,-1,0.9571741622,GSE120805
ZNF354B,-1,0.168699047,GSE120805
CALML3,1,NA,GSE120805
ZFAND2A,-1,0.7786291639,GSE120805
PLEKHM3,1,0.5766278026,GSE120805
ZNF223,-1,0.9099210486,GSE120805
FAM220A,-1,0.1053100653,GSE120805
DNAJC22,1,7.31E-11,GSE120805
NEUROG2,1,0.05546494192,GSE120805
CEP295NL,-1,0.9611004184,GSE120805
BEND3,-1,1.11E-15,GSE120805
CTDP1-DT,1,0.9751228223,GSE120805
NT5DC1,-1,0.6708561241,GSE120805
RPS3AP5,-1,0.2525859209,GSE120805
TIMM23B-AGAP6,-1,0.09411353742,GSE120805
GLDC,1,0.9080636257,GSE120805
COX14,1,0.7232793345,GSE120805
MCMDC2,1,0.3945360032,GSE120805
TUBAL3,1,0.569409785,GSE120805
RPL10P16,-1,0.4861947699,GSE120805
P4HTM,1,0.01390892621,GSE120805
DTX3,1,0.1569746494,GSE120805
KLHL11,1,2.62E-05,GSE120805
CTXN1,-1,0.09375410698,GSE120805
SLC25A20,1,0.4251934863,GSE120805
CA8,-1,NA,GSE120805
CD28,1,0.3383252863,GSE120805
EPM2AIP1,1,0.01978321339,GSE120805
ERBB4,-1,0.8751111895,GSE120805
MAF,-1,NA,GSE120805
CTNNBIP1,1,2.09E-07,GSE120805
OTOS,1,NA,GSE120805
GTPBP6,-1,0.0268383639,GSE120805
ERN1,1,0.5467431886,GSE120805
GPR35,1,0.9839789748,GSE120805
CSRNP3,1,0.08820526784,GSE120805
ZNF713,-1,0.7793565273,GSE120805
PARP10,1,2.33E-05,GSE120805
SUZ12,1,0.2098132417,GSE120805
NSUN3,1,0.7396631672,GSE120805
KCTD12,-1,2.27E-08,GSE120805
DHFR2,1,0.002176638968,GSE120805
RPS16P1,-1,0.3501051592,GSE120805
RPP25,-1,0.1468237303,GSE120805
GRINA,1,0.9804156432,GSE120805
LINC03122,1,NA,GSE120805
THBD,-1,0.5258920979,GSE120805
GP5,1,0.9799962042,GSE120805
LMO7DN,1,0.7091137184,GSE120805
LMO7DN-IT1,1,0.7091137184,GSE120805
COX5A,-1,0.7811898271,GSE120805
STX19,-1,NA,GSE120805
ERFE,-1,0.4600587039,GSE120805
FAM219B,-1,0.8208302368,GSE120805
H2BC2P,-1,NA,GSE120805
ZHX2,-1,0.6535351852,GSE120805
CPNE7,-1,0.03549855526,GSE120805
C5orf46,-1,5.05E-05,GSE120805
RIIAD1,1,0.421344048,GSE120805
MPI,-1,0.001149614841,GSE120805
ADORA2A-AS1,-1,NA,GSE120805
TRIM73,1,0.6101350436,GSE120805
TRIM74,1,0.6101350436,GSE120805
OPLAH,1,0.01177873425,GSE120805
TMEM52,1,0.9355102932,GSE120805
TMEM139,1,0.8800843296,GSE120805
EFCAB13,1,0.0488008129,GSE120805
MSC,-1,2.77E-07,GSE120805
APOLD1,1,2.05E-31,GSE120805
RFLNA,-1,0.07637735112,GSE120805
ZNF664-RFLNA,-1,0.07637735112,GSE120805
EXOSC4,-1,0.9199800443,GSE120805
DPY19L3,-1,0.09867735127,GSE120805
TAF7,-1,0.952138116,GSE120805
ZNF852,1,0.1867498644,GSE120805
FOXE1,-1,0.344778775,GSE120805
PFAS,-1,0.001946971939,GSE120805
HYI,-1,0.0151284896,GSE120805
CYBC1,1,0.880830317,GSE120805
ZNF552,1,0.9546865572,GSE120805
GAK,1,0.3348877853,GSE120805
ZBTB7A,-1,0.894765836,GSE120805
TUFM,-1,0.1127076595,GSE120805
RMI1,-1,0.3729233646,GSE120805
CTC1,-1,0.8985987362,GSE120805
FBXO34,1,0.1961494126,GSE120805
LINC00324,1,4.79E-05,GSE120805
SELENOW,-1,0.544421607,GSE120805
EIF3K,-1,0.005967556916,GSE120805
MRFAP1L1,-1,0.9421774361,GSE120805
SNX18,-1,0.1185061554,GSE120805
EXD1,-1,0.7741906147,GSE120805
AURKB,-1,0.3315748174,GSE120805
C14orf39,1,NA,GSE120805
MRFAP1,-1,0.5631908,GSE120805
C3orf38,1,0.6894667839,GSE120805
KLHDC7A,1,0.3982083621,GSE120805
TMEM107,1,0.3433792231,GSE120805
RRS1,-1,1.70E-06,GSE120805
EXOC3L1,-1,NA,GSE120805
TRIML2,1,0.269157008,GSE120805
RCC2,-1,0.6452018504,GSE120805
IGSF22,-1,NA,GSE120805
C9orf50,1,0.1843492663,GSE120805
ZFP42,1,NA,GSE120805
LOC124904701,1,NA,GSE120805
CCDC89,1,0.2747950358,GSE120805
FAM133A,-1,NA,GSE120805
DPM3,-1,0.7920951396,GSE120805
CYC1,-1,0.8089607593,GSE120805
PER1,-1,0.9907972763,GSE120805
HTR1F,-1,0.1669473268,GSE120805
TMTC2,-1,1.20E-05,GSE120805
HES7,1,0.07606262756,GSE120805
FARSA,-1,0.07515138559,GSE120805
SPTY2D1,-1,0.1694273851,GSE120805
RPL31P38,1,NA,GSE120805
C10orf67,-1,0.5065075085,GSE120805
SAMD4B,1,0.9617696816,GSE120805
LINC00670,-1,9.43E-05,GSE120805
ALOXE3,1,0.1615129661,GSE120805
EDC3,-1,0.8987733087,GSE120805
TCAIM,1,0.8087691017,GSE120805
RPS2P28,-1,NA,GSE120805
FUCA1,1,1.50E-18,GSE120805
PXT1,1,0.6972959011,GSE120805
GGN,1,0.207363397,GSE120805
HNRNPCL1,1,0.1644110147,GSE120805
TMEM125,1,0.02285889253,GSE120805
ZNF664,-1,0.4641093832,GSE120805
CALR,-1,0.03737642876,GSE120805
LINC00311,-1,0.399984334,GSE120805
MAGED1,-1,0.003399672279,GSE120805
GVQW3,1,0.02580789881,GSE120805
LDLRAD3,-1,0.001378952899,GSE120805
CDH4,-1,0.02586095377,GSE120805
SMCO3,1,NA,GSE120805
RAD23A,-1,0.8800843296,GSE120805
GADD45GIP1,-1,0.3913021645,GSE120805
DAND5,-1,0.9954685022,GSE120805
TMEM151A,-1,NA,GSE120805
PTPN11,-1,0.843070046,GSE120805
NSUN7,1,1.39E-11,GSE120805
RTL3,-1,0.0005082621857,GSE120805
WSCD1,1,NA,GSE120805
RAB39A,1,0.9719175443,GSE120805
CLK3,-1,0.8986194659,GSE120805
GATA2,1,0.9197482453,GSE120805
ARID3B,1,0.961815648,GSE120805
TMEM31,1,NA,GSE120805
PACS2,-1,0.8420174099,GSE120805
ELMOD2,1,0.8746558259,GSE120805
EGR3,1,0.8831631855,GSE120805
CATSPERE,1,0.9148239327,GSE120805
GPC5,1,0.6707014985,GSE120805
VWA1,-1,NA,GSE120805
LINC00174,1,0.2918639619,GSE120805
GEMIN4,-1,5.67E-05,GSE120805
IL6-AS1,-1,0.01389326723,GSE120805
FJX1,-1,7.08E-10,GSE120805
KLHL28,1,0.8959783057,GSE120805
MKRN3,1,0.006290311396,GSE120805
ZBTB18,-1,0.08652061907,GSE120805
DORIP1,1,0.9346684462,GSE120805
ALOX12B,1,0.23946737,GSE120805
SLC17A8,1,NA,GSE120805
EIF3J-DT,1,0.06950282631,GSE120805
SHARPIN,-1,0.6051903813,GSE120805
LBX2,1,1.02E-06,GSE120805
DNHD1,-1,0.6223785817,GSE120805
SLITRK4,-1,0.125734048,GSE120805
HTR1D,-1,0.4748786101,GSE120805
GCC1,1,0.8138711797,GSE120805
LSMEM2,1,0.8650638114,GSE120805
NBPF17P,-1,0.9471667701,GSE120805
RNF151,-1,NA,GSE120805
CIITA,1,NA,GSE120805
ZFPM1,1,0.3379537587,GSE120805
ALOX15B,1,NA,GSE120805
PLD6,1,0.3458294004,GSE120805
GRM8,1,NA,GSE120805
CDC42EP4,1,0.6742227602,GSE120805
DGKZP1,-1,0.3247704174,GSE120805
ZBTB42,1,0.1092240884,GSE120805
LACC1,1,2.88E-07,GSE120805
MAF1,1,0.4713644471,GSE120805
RPRML,-1,NA,GSE120805
ARL14,1,0.1810105553,GSE120805
WDR97,-1,0.7819461238,GSE120805
PCED1B,-1,0.01327998037,GSE120805
SPEN-AS1,1,0.6574179104,GSE120805
APOBEC3B,-1,0.9666968874,GSE120805
PIPOX,-1,0.5456988163,GSE120805
FOXS1,1,0.8028453853,GSE120805
ATOH7,1,0.7001239862,GSE120805
CDH5,-1,0.6273073751,GSE120805
MYADM,-1,0.6965875041,GSE120805
MROH1,1,0.972390191,GSE120805
SERTAD2,-1,0.922533737,GSE120805
AKAP5,1,0.5952592673,GSE120805
NKPD1,1,0.9199800443,GSE120805
GIPC3,-1,0.7614067368,GSE120805
RNF227,-1,0.3936821798,GSE120805
CITED4,1,0.2588263258,GSE120805
ABCA13,1,NA,GSE120805
NLRP11,-1,0.3866101604,GSE120805
TIGD5,-1,0.7563048124,GSE120805
PDXDC1,1,0.9855006059,GSE120805
ZNF154,1,NA,GSE120805
R3HDM2,-1,0.9912702549,GSE120805
NRXN1,1,NA,GSE120805
SEPHS2,1,0.8157722784,GSE120805
GPBAR1,-1,0.5463676734,GSE120805
ZNF784,1,0.4877081956,GSE120805
C14orf119,-1,0.8222952096,GSE120805
LINC00652,1,0.9060995735,GSE120805
BBS10,1,5.24E-10,GSE120805
FIZ1,-1,0.8016879668,GSE120805
PUF60,-1,0.5429376482,GSE120805
SSC5D,-1,0.249831936,GSE120805
DCTPP1,-1,1.47E-08,GSE120805
ZNF771,-1,0.2416234185,GSE120805
TSHZ1,-1,0.9636442667,GSE120805
PSTK,1,0.9632744347,GSE120805
SOCS4,1,0.001102775293,GSE120805
PTGR3,1,0.05451578197,GSE120805
ZNF48,-1,0.2903299269,GSE120805
GARIN5B,1,NA,GSE120805
C3orf80,1,0.7558135282,GSE120805
NKX2-6,1,0.7850757925,GSE120805
TMEM150B,-1,NA,GSE120805
LINC02870,-1,NA,GSE120805
ANKRD18A,-1,0.146785568,GSE120805
FAM95C,-1,0.146785568,GSE120805
TMEM86B,-1,0.655614425,GSE120805
SEPTIN1,-1,0.9664170343,GSE120805
TRNAU1AP,-1,0.3636760278,GSE120805
EXOC3,1,0.05691859213,GSE120805
TDRD6,1,NA,GSE120805
CSNK1A1L,-1,0.7150967732,GSE120805
ACTA2-AS1,-1,0.6034366912,GSE120805
XIAPP3,1,0.06605182601,GSE120805
LYNX1,1,0.4757549876,GSE120805
MED14,-1,0.7172570424,GSE120805
FAHD1,-1,0.9440785771,GSE120805
TDRP,-1,0.5625858592,GSE120805
RCC1,-1,9.13E-10,GSE120805
MYL11,1,0.8558460545,GSE120805
F2,1,0.9958319795,GSE120805
RPL23P6,-1,0.9003965158,GSE120805
PRKRA,-1,0.6742709059,GSE120805
NACAP2,1,NA,GSE120805
ZNRF2,1,0.3532637814,GSE120805
RRH,-1,0.1070506011,GSE120805
SLC9A4,1,3.88E-05,GSE120805
ZNF816,-1,0.9689958598,GSE120805
FGD6,-1,0.08847466499,GSE120805
ADGRD2,1,NA,GSE120805
CNEP1R1P1,-1,NA,GSE120805
OAZ2,1,0.5509473466,GSE120805
PNPLA1,1,0.9074575442,GSE120805
ALX1,-1,0.006192118921,GSE120805
CCDC43,1,0.9810098178,GSE120805
KCTD4,1,NA,GSE120805
MEIOC,-1,0.4993752797,GSE120805
FZD2,-1,0.8468681703,GSE120805
TIGD2,-1,0.4293333737,GSE120805
HCLS1,1,0.4003089612,GSE120805
MTURN,1,1.46E-09,GSE120805
ZNF609,-1,0.999335329,GSE120805
PAK2,-1,0.8176820063,GSE120805
CCDC66,1,0.02518455,GSE120805
DEFB124,-1,NA,GSE120805
MCFD2,1,0.00130682346,GSE120805
LINC00304,1,0.7920951396,GSE120805
HARBI1,-1,0.5382685193,GSE120805
C11orf71,1,0.004092119399,GSE120805
GAS1,-1,0.04271343496,GSE120805
ARHGAP45,-1,0.000158463829,GSE120805
ZNF571,-1,0.9967795124,GSE120805
GLIPR1L2,1,0.06911542132,GSE120805
MIGA1,1,0.06234396871,GSE120805
KCNE1,-1,0.9661189853,GSE120805
DIP2C-AS1,1,NA,GSE120805
NRIP1,1,0.3350885278,GSE120805
ZSCAN4,1,0.4686584301,GSE120805
BHLHA15,-1,3.56E-10,GSE120805
RNF182,1,0.7095500933,GSE120805
LINC02908,1,NA,GSE120805
TSPYL5,1,0.8287063551,GSE120805
H2AC6,-1,4.69E-06,GSE120805
EIF2S3B,-1,0.003953885334,GSE120805
SKIDA1,1,0.7345499671,GSE120805
H2BC4,-1,8.38E-13,GSE120805
MB21D2,-1,0.000111418985,GSE120805
GSX2,1,0.5440219016,GSE120805
SSTR2,1,0.628552169,GSE120805
ZNF594,1,0.001213411808,GSE120805
PCGF5,1,0.5508164696,GSE120805
SLC47A2,1,NA,GSE120805
PRF1,1,NA,GSE120805
MAB21L1,-1,0.002431163262,GSE120805
RPL21P8,1,NA,GSE120805
YOD1,-1,0.464390062,GSE120805
EXOC5P1,-1,0.8463856024,GSE120805
TMEM64,-1,0.896630644,GSE120805
LINC02363,1,0.9801010023,GSE120805
CHRM4,1,0.8516899092,GSE120805
SHISA2,-1,1.87E-07,GSE120805
S1PR5,-1,0.682379186,GSE120805
CLRN3,1,NA,GSE120805
SMG1P3,-1,0.7085412629,GSE120805
GPR157,1,0.5027926919,GSE120805
CHST13,-1,0.890916828,GSE120805
WDFY3-AS2,1,0.06137013969,GSE120805
SLC36A4,-1,0.1773537018,GSE120805
ZDHHC20,1,0.01246311102,GSE120805
ANKRD30B,-1,0.4153898966,GSE120805
ZFP3,1,0.01334366718,GSE120805
ARSJ,-1,4.39E-05,GSE120805
HOXC9,1,0.6664867851,GSE120805
MAP3K15,1,0.2665011894,GSE120805
PPA1,-1,0.3312513096,GSE120805
HOXC10,-1,0.9758615015,GSE120805
PSMG4,-1,0.04089566908,GSE120805
MAP6D1,-1,4.52E-11,GSE120805
ZNF443,-1,0.8428157135,GSE120805
LINC01559,-1,NA,GSE120805
LINC01555,-1,NA,GSE120805
CXCR2,1,NA,GSE120805
GREM2,-1,0.6473323579,GSE120805
SSR4,-1,0.5578179009,GSE120805
CAPS2,1,0.0001101228226,GSE120805
ZNF792,1,0.1239119073,GSE120805
CUEDC1,1,0.02401102352,GSE120805
SCRIB,-1,0.138357624,GSE120805
KCTD2,-1,0.4087389371,GSE120805
D2HGDH,-1,0.7802614638,GSE120805
OXTR,-1,1.22E-08,GSE120805
CMTR2,1,0.4465971034,GSE120805
SACK1H,-1,0.8679354892,GSE120805
OR7E18P,-1,NA,GSE120805
GPR62,1,NA,GSE120805
ZNF572,1,0.004288313806,GSE120805
ST20,1,0.7936543382,GSE120805
PITPNB,-1,0.1134401339,GSE120805
TCEAL8,1,0.8667682638,GSE120805
LRRC57,-1,0.03424698155,GSE120805
MRPL14,-1,0.9724993298,GSE120805
GPR137C,1,0.3234923305,GSE120805
C1orf105,1,0.941446781,GSE120805
BBS12,1,0.2829279984,GSE120805
ZFP82,-1,0.01215515208,GSE120805
LSMEM1,1,0.9514454972,GSE120805
NQO1,-1,0.7758433771,GSE120805
AEN,1,0.2374108345,GSE120805
FKRP,1,0.002235799359,GSE120805
TRAPPC5,1,0.3613250387,GSE120805
RPH3AL,1,0.8378010926,GSE120805
SLC25A42,1,2.68E-15,GSE120805
FCRL6,-1,0.07322351379,GSE120805
METTL23,1,0.3512130626,GSE120805
SLC26A11,1,5.09E-10,GSE120805
HIGD1A,1,0.7850233497,GSE120805
CHRM2,-1,0.04576155344,GSE120805
MAPK15,-1,0.9657407459,GSE120805
EHMT1,-1,0.9156933064,GSE120805
F2R,1,0.3315748174,GSE120805
ZNF707,1,0.7921933905,GSE120805
LOC101928160,1,0.7921933905,GSE120805
MUC16,1,NA,GSE120805
NPM1,-1,0.1050117706,GSE120805
PJA1,-1,0.03020214915,GSE120805
DHTKD1,-1,0.05799326907,GSE120805
H2BC27P,-1,NA,GSE120805
H2AC25,-1,0.6052506506,GSE120805
ZNF746,1,0.7495995051,GSE120805
POLR2A,1,0.7853306915,GSE120805
SLC25A41,1,0.8207319923,GSE120805
MTHFD2P7,-1,0.9699572988,GSE120805
TLCD5,1,5.19E-09,GSE120805
FRAT2,-1,0.1305287007,GSE120805
TMEM102,1,0.6351381647,GSE120805
ZNF322,1,0.4692155484,GSE120805
NME9,1,0.03656056865,GSE120805
SPEM1,-1,NA,GSE120805
HEPHL1,-1,NA,GSE120805
LRRC75A,1,0.2445396133,GSE120805
HSP90AA6P,-1,0.1988591004,GSE120805
CFAP65,1,NA,GSE120805
DDX60L,-1,0.4401665077,GSE120805
SYNE4,-1,0.7188811485,GSE120805
OGFOD3,-1,0.819010872,GSE120805
WASHC1,1,0.908253972,GSE120805
LOC124908102,1,0.908253972,GSE120805
UTS2R,1,NA,GSE120805
AATK,1,0.5390710171,GSE120805
DDN,-1,5.49E-09,GSE120805
ZNF467,1,0.8103796132,GSE120805
SOX2,-1,0.6833872458,GSE120805
ZNF678,-1,0.912399279,GSE120805
TMEM45A,-1,0.02425652786,GSE120805
RAP2B,-1,0.1789793135,GSE120805
ZBTB2,-1,0.06619822955,GSE120805
RNF135,1,0.009774532464,GSE120805
ACBD4,1,2.11E-05,GSE120805
SGSH,1,0.0102358653,GSE120805
RPL24P4,-1,0.7762536543,GSE120805
MAB21L2,-1,0.006016771835,GSE120805
FANCB,-1,0.1880858464,GSE120805
SETD2,-1,0.9623059617,GSE120805
LINC03040,-1,0.9263365538,GSE120805
TMIE,1,0.0002138590084,GSE120805
MEX3D,-1,0.008209648106,GSE120805
MRPS23,-1,0.7831056774,GSE120805
GPR135,-1,0.3914698902,GSE120805
SLX1B,-1,NA,GSE120805
LOC130134321,-1,NA,GSE120805
ANKRD62,-1,NA,GSE120805
TNFSF15,-1,0.2252561278,GSE120805
ZFP41,-1,0.99486317,GSE120805
PHLDA2,-1,0.0829715188,GSE120805
ATG9B,1,NA,GSE120805
GPR88,-1,0.5956347614,GSE120805
ZNF875,1,0.5114388987,GSE120805
PLAG1,-1,0.9702963074,GSE120805
YIPF6,1,0.003549890092,GSE120805
ZBTB20,1,0.742593357,GSE120805
DIPK2A,-1,0.05236486641,GSE120805
MACIR,-1,0.00191493798,GSE120805
AMIGO1,1,1.20E-11,GSE120805
GPR3,1,0.0164228824,GSE120805
CIMAP1D,1,NA,GSE120805
SIAH2,-1,9.29E-20,GSE120805
COPG1,-1,0.7495371744,GSE120805
LINC00471,1,0.05735256255,GSE120805
SLC9A9,1,0.01117420282,GSE120805
LSM10,-1,0.6622173689,GSE120805
RELL1,-1,0.0003581646433,GSE120805
RFX7,-1,0.9981070468,GSE120805
SLC35C1,-1,0.3252293474,GSE120805
RNF41,1,0.1199259777,GSE120805
SLC2A4,1,0.6965918138,GSE120805
IBA57,-1,0.001390625422,GSE120805
CLDN7,1,0.0002233352107,GSE120805
ZNF329,-1,0.9197482453,GSE120805
ZNF101,-1,0.5254554165,GSE120805
C5orf24,1,0.2810731787,GSE120805
LINC02724,1,NA,GSE120805
ADO,-1,0.6416443687,GSE120805
COA4,-1,0.5242899258,GSE120805
PRKAG1,1,0.4247074215,GSE120805
GINS3,-1,0.1910030239,GSE120805
CCDC149,-1,2.11E-05,GSE120805
MRPS11,1,0.4538587754,GSE120805
SNRPE,-1,0.5934904578,GSE120805
RTKN2,-1,0.9959983538,GSE120805
PNMA8A,1,0.003121689214,GSE120805
CHST15,-1,0.2961406618,GSE120805
ADIG,1,NA,GSE120805
USH1G,1,4.80E-05,GSE120805
MGAT4C,1,0.07897660947,GSE120805
IDH2,-1,5.16E-06,GSE120805
TMEM259,1,0.7073952665,GSE120805
GET1,1,0.9079491435,GSE120805
TNRC18,-1,0.9215624035,GSE120805
CDC50B,1,NA,GSE120805
DEXI,-1,0.7182845295,GSE120805
ZNF716,1,NA,GSE120805
NOP10,-1,0.7832368334,GSE120805
FAM89A,-1,0.5595821886,GSE120805
TDRKH,1,6.20E-09,GSE120805
ZNF708,-1,0.02880499999,GSE120805
IST1,1,0.5156154503,GSE120805
ERCC6L2,1,0.6156262921,GSE120805
MRPL41,-1,0.8038671652,GSE120805
CREB3L2,-1,0.5429147081,GSE120805
TP53TG1,1,4.16E-06,GSE120805
UNC5C,-1,1.33E-06,GSE120805
TSEN54,-1,0.4350535674,GSE120805
RGMA,1,NA,GSE120805
ASB18,1,NA,GSE120805
UBA7,1,0.0009575100064,GSE120805
MRPS16,1,0.6978898787,GSE120805
SHISAL2A,1,NA,GSE120805
RAD51B,1,3.22E-06,GSE120805
LDOC1,-1,0.8411075627,GSE120805
ARL6IP4,1,0.9962834372,GSE120805
EXT1,-1,3.51E-10,GSE120805
SHMT2,-1,0.2449873602,GSE120805
MOB2,1,0.6388848612,GSE120805
HHIPL1,1,0.0001046068543,GSE120805
ATP6AP2,1,0.7804654734,GSE120805
ZAR1,1,0.9949228873,GSE120805
CYB5D1,-1,0.64211378,GSE120805
BACE2,-1,7.17E-18,GSE120805
UBE2E2,-1,0.0001865618676,GSE120805
SYNM,1,0.2630810295,GSE120805
NLRP10,-1,1.40E-08,GSE120805
FIGN,-1,0.1748603421,GSE120805
IZUMO1,-1,0.6263310389,GSE120805
B4GALNT4,1,0.9584984722,GSE120805
AP1S2,-1,0.4006873407,GSE120805
C8orf33,-1,0.8217943951,GSE120805
DCAF4L1,-1,0.1411422563,GSE120805
SPACA6,-1,0.7563048124,GSE120805
ZSCAN22,-1,0.4388099496,GSE120805
KCNJ14,-1,0.02857509831,GSE120805
FBXL6,-1,0.1717233083,GSE120805
C1S,1,0.05872106067,GSE120805
GLTPD2,-1,NA,GSE120805
KIAA2012,-1,0.3863921332,GSE120805
OR5P3,-1,NA,GSE120805
KBTBD3,-1,0.7631343532,GSE120805
YBEY,1,0.1118576416,GSE120805
FAM87A,1,NA,GSE120805
CLN8,1,0.1825469179,GSE120805
PIEZO1-AS1,-1,NA,GSE120805
PLCXD1,1,0.4780581718,GSE120805
NXPH4,-1,0.9093902726,GSE120805
RPL27AP5,1,NA,GSE120805
CACNB4,-1,0.7266706382,GSE120805
TRAPPC6B,1,3.89E-05,GSE120805
PGBD4,1,0.6900868859,GSE120805
NPLOC4,1,0.3350885278,GSE120805
KCNK4,1,NA,GSE120805
TEX19,-1,0.3433792231,GSE120805
TSHZ2,1,NA,GSE120805
CAPN12,1,0.7616101966,GSE120805
EXOC7,1,0.002760554057,GSE120805
KPNA2,1,1.46E-07,GSE120805
WASH6P,1,0.4303634567,GSE120805
XKRX,1,0.6398535199,GSE120805
BGN,-1,0.2924765595,GSE120805
CEP97,1,3.58E-07,GSE120805
LHFPL1,1,0.5723317739,GSE120805
FES,1,3.08E-08,GSE120805
GLRX5,-1,0.9426449311,GSE120805
VCF2,-1,0.3000130963,GSE120805
CAV3,1,0.5802635557,GSE120805
MXRA7,-1,0.05737749659,GSE120805
LIMK2,1,0.1019280394,GSE120805
SLC61A1,-1,0.5194271462,GSE120805
ADI1,1,0.6391758028,GSE120805
RWDD4,-1,0.8830353158,GSE120805
SPNS3,1,0.8307514508,GSE120805
SATB1,1,0.3139323552,GSE120805
CSGALNACT2P1,-1,NA,GSE120805
NXPH3,1,0.4292882063,GSE120805
CSF1R,-1,0.3871885041,GSE120805
EPHB3,1,0.000505632609,GSE120805
EPGN,-1,5.04E-07,GSE120805
SNORC,1,0.3858111506,GSE120805
HS3ST4,1,NA,GSE120805
TRAK1,1,0.8297555855,GSE120805
TSPAN10,1,5.09E-05,GSE120805
PLCB1,1,0.7794528062,GSE120805
LOC105372522,1,0.7794528062,GSE120805
SKA2,1,0.000228971299,GSE120805
RNF32-DT,1,0.03122439289,GSE120805
NTM,-1,0.6907328203,GSE120805
TTC3,-1,0.01560675047,GSE120805
PPP1R27,-1,NA,GSE120805
BRICD5,-1,0.8006738071,GSE120805
GALR2,1,0.8463856024,GSE120805
IGIP,-1,0.9493731672,GSE120805
TSKU,-1,0.3205571183,GSE120805
ANXA2,-1,0.05623770918,GSE120805
RGS6,1,NA,GSE120805
HOXB4,-1,0.5850079403,GSE120805
SLC35D3,1,0.4246380453,GSE120805
PAQR7,-1,0.9897448385,GSE120805
PAPPA,-1,1.20E-17,GSE120805
MAFA,1,1.16E-05,GSE120805
NGRN,-1,0.3857440871,GSE120805
RPS17,-1,0.8050402631,GSE120805
HCAR2,1,NA,GSE120805
CCDC87,1,0.04987349648,GSE120805
C1orf116,-1,0.8497593278,GSE120805
MAGEB17,-1,NA,GSE120805
CRIP2,-1,0.2544388614,GSE120805
DDX28,-1,0.6640368495,GSE120805
ACBD3,1,0.868439157,GSE120805
HAPSTR1,1,0.4144004013,GSE120805
PLCXD3,-1,NA,GSE120805
VMO1,1,0.6874175795,GSE120805
OR4F15,-1,NA,GSE120805
ALG12,1,0.5376472978,GSE120805
LCK,1,NA,GSE120805
GALNT9,1,NA,GSE120805
COL18A1,-1,9.82E-09,GSE120805
RBM10,-1,0.397695796,GSE120805
PRKCZ-AS1,-1,0.8830353158,GSE120805
ADGRG3,-1,NA,GSE120805
RPS27AP20,1,NA,GSE120805
GLUD2,-1,0.4251900733,GSE120805
TMEM95,1,0.2698333725,GSE120805
RPL35A,-1,0.8986754504,GSE120805
RGS7,1,0.5383891592,GSE120805
SLC25A18,-1,0.3264266713,GSE120805
ZNF721,-1,0.1302151479,GSE120805
TCEAL7,1,0.0001381645085,GSE120805
BKGD,1,0.5900452151,GSE120805
CEP63,-1,0.6238192641,GSE120805
WFDC10B,-1,NA,GSE120805
SRPRA,-1,0.2039909241,GSE120805
EWSR1,1,0.9122673322,GSE120805
CIMAP1C,1,0.002778868564,GSE120805
HMGN4,1,0.6374182331,GSE120805
SPATA13,-1,1.07E-09,GSE120805
GJC1,-1,0.09030608567,GSE120805
CNOT10,-1,0.8468783632,GSE120805
MTA1,-1,0.9471667701,GSE120805
ZNF662,1,0.3987765537,GSE120805
CADM1,-1,0.01449815694,GSE120805
ZNF320,-1,0.8907558158,GSE120805
C12orf60,1,0.955242683,GSE120805
PYCR1,-1,6.22E-09,GSE120805
NAA38,1,0.636176782,GSE120805
SPNS2,1,0.0032851807,GSE120805
AP2A2,-1,0.9102327178,GSE120805
SLC8A1,-1,1.08E-06,GSE120805
SLC25A21,1,0.4647687886,GSE120805
ABAT,1,0.3478064722,GSE120805
SLC25A10,-1,0.9519936529,GSE120805
CAMK1D,-1,1.35E-05,GSE120805
LYSMD4,1,0.9108306243,GSE120805
NKX2-5,-1,0.645477978,GSE120805
AFMID,-1,0.02344462655,GSE120805
GAS6,-1,0.01340683243,GSE120805
NEB,1,0.07311586287,GSE120805
BEGAIN,-1,0.0002617345654,GSE120805
GPC6,-1,9.53E-05,GSE120805
ARHGEF37,1,7.81E-06,GSE120805
FAM43B,1,NA,GSE120805
CSMD1,-1,NA,GSE120805
CALHM3,1,0.6706955807,GSE120805
PTGDR2,-1,0.2099559945,GSE120805
CEP57L1,1,0.4786984211,GSE120805
RIPPLY3,1,0.00580033851,GSE120805
GPR19,1,0.6416443687,GSE120805
GJD3,1,0.6570710192,GSE120805
LOC102723701,1,NA,GSE120805
RABIF,-1,0.2091737165,GSE120805
TMEM119,1,0.655028371,GSE120805
FANCF,-1,0.8662409889,GSE120805
CALN1,1,NA,GSE120805
NOL11P1,-1,0.4934565508,GSE120805
SMDT1,1,0.2406171036,GSE120805
C2CD4C,-1,0.7773012434,GSE120805
CHST6,1,0.02360704846,GSE120805
HSP90AB3P,-1,0.03880386338,GSE120805
POTEC,-1,NA,GSE120805
RUVBL2,1,0.5982702182,GSE120805
GDPGP1,1,0.4225357322,GSE120805
CTNNA3,1,0.4983038641,GSE120805
WT1-AS,1,0.4266174054,GSE120805
RIMBP3C,1,NA,GSE120805
PRR36,-1,NA,GSE120805
LINC01547,1,0.06680603618,GSE120805
PTTG1IP,-1,0.6566990983,GSE120805
DDX41,-1,0.4976430432,GSE120805
ABHD16B,-1,NA,GSE120805
PLGLB1,-1,NA,GSE120805
DAZAP2,-1,0.6570710192,GSE120805
CCBE1,-1,7.64E-18,GSE120805
SELENOF,-1,0.7420602197,GSE120805
RPSAP19,-1,0.437741403,GSE120805
OR5P2,-1,NA,GSE120805
TMEM121B,-1,0.9867205367,GSE120805
ZNF623,1,0.09802728706,GSE120805
CCDC125,1,0.200707777,GSE120805
BCOR,-1,0.942806608,GSE120805
JRKL,-1,0.1286626336,GSE120805
CABCOCO1,1,0.9550163746,GSE120805
BRD10,1,0.8278037482,GSE120805
OVCH2,-1,3.17E-06,GSE120805
SYNDIG1L,1,NA,GSE120805
FHL3,-1,0.7442670327,GSE120805
PMCH,1,NA,GSE120805
TMEM89,-1,0.8370056746,GSE120805
TEKTIP1,1,0.07394818784,GSE120805
CCDC159,1,0.5003299785,GSE120805
RIPK4,-1,0.06626843457,GSE120805
LRIT3,-1,0.8500798835,GSE120805
NPIPA1,-1,0.7277274505,GSE120805
NPIPA9,-1,0.7277274505,GSE120805
SF3A3,-1,0.9027567944,GSE120805
TFDP3,-1,NA,GSE120805
TRIM61,1,0.9471667701,GSE120805
OR7E38P,-1,0.05619891826,GSE120805
PKD1P3,-1,0.9661189853,GSE120805
GTF2H2C,-1,0.2336307721,GSE120805
ASB7,1,1.65E-05,GSE120805
TREX2,-1,0.2871132521,GSE120805
GPR132,1,0.3448035182,GSE120805
MX2,-1,0.9910960669,GSE120805
EP400,-1,0.6402977596,GSE120805
MEX3B,-1,7.69E-11,GSE120805
TENT5C,1,0.2441338773,GSE120805
COA5,1,0.07725650241,GSE120805
UTP11,-1,0.4397144182,GSE120805
PSMG1,-1,5.67E-05,GSE120805
PRR14L,-1,0.3962929648,GSE120805
COL18A1-AS1,1,NA,GSE120805
IZUMO1R,1,NA,GSE120805
SERHL2,1,0.4842278698,GSE120805
PCBP3,1,0.9615226058,GSE120805
PGPEP1L,1,0.9060995735,GSE120805
SETD3,1,0.8772456876,GSE120805
TNFAIP8L3,-1,0.01149887494,GSE120805
ZNRF3,-1,0.000985103728,GSE120805
FBXL7,-1,0.6563534326,GSE120805
TANGO2,1,0.0001052316214,GSE120805
H3C13,-1,4.88E-07,GSE120805
SFXN4,-1,5.06E-05,GSE120805
FAM167B,1,0.1018156575,GSE120805
MRPL54,-1,0.8227894633,GSE120805
ZNF438,-1,0.1320369468,GSE120805
HMCES,1,9.20E-05,GSE120805
DGCR6,1,NA,GSE120805
RP1L1,1,0.941516198,GSE120805
HOATZ,1,NA,GSE120805
ZNF530,-1,0.9804156432,GSE120805
NDUFB1,1,0.8477059375,GSE120805
KLHL25,-1,0.5549417602,GSE120805
TAFA1,1,NA,GSE120805
TYW2,-1,0.8489218829,GSE120805
PSG9,-1,0.008623428647,GSE120805
CMKLR2,-1,0.4299442632,GSE120805
BMP8A,1,0.2687393809,GSE120805
ALYREF,-1,0.002879163589,GSE120805
RFLNB,-1,2.57E-16,GSE120805
EFHC2,1,0.4781465373,GSE120805
NOG,1,0.91755528,GSE120805
UPP1,-1,0.2106784031,GSE120805
OPCML,1,0.001023521965,GSE120805
TRIM52,1,0.04437706005,GSE120805
LHFPL6,-1,2.91E-07,GSE120805
CMTM4,1,0.02762544116,GSE120805
TMEM50A,1,0.9877394276,GSE120805
TBK1,1,0.4030424524,GSE120805
CBX6,-1,7.23E-07,GSE120805
MACC1,-1,0.8224156646,GSE120805
TBL3,-1,0.3629319852,GSE120805
ACP7,1,NA,GSE120805
KREMEN1,1,0.1699946493,GSE120805
TRAIP,1,0.007616334737,GSE120805
CHEK2,1,0.8216030081,GSE120805
FOXL2,1,0.9424304225,GSE120805
AIFM3,1,0.130219477,GSE120805
KCTD16,-1,0.02803841346,GSE120805
B3GALT5,1,0.6940017205,GSE120805
ZNF703,-1,0.6795670093,GSE120805
TUBA8,1,0.719263556,GSE120805
NPIPA5,-1,0.8096057812,GSE120805
EMILIN3,1,NA,GSE120805
OLFML1,-1,NA,GSE120805
FAM162B,1,0.003834209124,GSE120805
RBM12B,1,0.005227898161,GSE120805
CCR4,1,0.7266380977,GSE120805
LIN9,1,0.9156386425,GSE120805
BTBD9,1,4.51E-08,GSE120805
NUDT14,1,0.8720688415,GSE120805
ANKRD45,1,0.1494079411,GSE120805
CFAP91,1,0.954950462,GSE120805
GPR39,-1,0.00252811818,GSE120805
FAM3B,-1,NA,GSE120805
ZNF730,1,0.980615139,GSE120805
KIRREL1,-1,0.4103971567,GSE120805
IQGAP3,1,0.253820937,GSE120805
TOB2,-1,0.9907972763,GSE120805
SCN5A,1,NA,GSE120805
ARSI,1,0.3667371872,GSE120805
UTY,1,0.07515474669,GSE120805
NPIPA6,-1,NA,GSE120805
TTC32,1,0.006472318531,GSE120805
DNAH2,1,0.006619669635,GSE120805
SDR42E2,1,0.8224156646,GSE120805
PRKX,-1,0.3075295486,GSE120805
KMT5A,1,0.5453520127,GSE120805
KCNH8,-1,NA,GSE120805
SMTN,1,0.05048748484,GSE120805
NPW,-1,0.009250778383,GSE120805
PP2D1,1,NA,GSE120805
COA3,1,0.5168155775,GSE120805
NPB,-1,0.4115921315,GSE120805
ST6GALNAC3,-1,0.6974414097,GSE120805
PTP4A2,-1,0.8790137168,GSE120805
ACTG1,-1,8.39E-13,GSE120805
DENND5A,-1,0.6077520325,GSE120805
DIABLO,1,0.3595486836,GSE120805
VPS33B,-1,0.5457168965,GSE120805
TBX1,1,NA,GSE120805
ADAP2,1,1.45E-07,GSE120805
UQCR10,1,0.8407079779,GSE120805
FAM120C,-1,0.0704547861,GSE120805
BRD7P2,-1,0.8941257432,GSE120805
EIF3C,-1,0.3924591206,GSE120805
EIF3CL,-1,0.3924591206,GSE120805
RPL11P4,-1,NA,GSE120805
CLDN5,-1,NA,GSE120805
NIPSNAP1,1,0.2491855108,GSE120805
RPL7AP28,1,0.9529184927,GSE120805
CNTN2,1,NA,GSE120805
LRRC51,1,0.6897239393,GSE120805
KCNQ3,1,NA,GSE120805
ADRA2C,-1,0.02645109072,GSE120805
NR2C2AP,-1,0.1067333457,GSE120805
C1QTNF12,1,0.5681462321,GSE120805
CRELD2,-1,0.002431163262,GSE120805
SCFD2,-1,4.62E-07,GSE120805
UBE2F,1,0.527508696,GSE120805
KCNJ12,1,0.5869381031,GSE120805
GPR173,1,0.001019219135,GSE120805
PPP1R2,1,0.4115921315,GSE120805
TSPYL2,1,0.08820364409,GSE120805
GOLGA6L4,1,0.9346684462,GSE120805
PGP,-1,0.7182845295,GSE120805
SNRNP35,-1,0.6607151191,GSE120805
IRAK1,-1,0.6363555446,GSE120805
CMSS1,-1,0.5555539965,GSE120805
LOC105374010,-1,0.5555539965,GSE120805
NDUFV1-DT,1,NA,GSE120805
PCDH9,-1,0.2798194986,GSE120805
ACOT1,-1,0.4794239071,GSE120805
OAF,-1,0.4266174054,GSE120805
ALDH1A3,1,0.0772717023,GSE120805
H2AC20,-1,2.93E-10,GSE120805
H2AC21,-1,6.20E-17,GSE120805
POU6F1,-1,0.007550317295,GSE120805
LOC124905040,-1,0.8197000447,GSE120805
TM2D3,1,0.9649431569,GSE120805
TSSC4,-1,0.9633695994,GSE120805
TACSTD2,1,NA,GSE120805
PRKD1,-1,0.9008834764,GSE120805
CCSER1,-1,0.9027161297,GSE120805
ZDHHC23,1,2.07E-12,GSE120805
SRPK3,1,0.5770786209,GSE120805
SLIT3,-1,1.25E-07,GSE120805
EFNA5,-1,0.1673897429,GSE120805
H1-5,-1,1.47E-16,GSE120805
SPATA32,-1,0.8448937811,GSE120805
PKP3,-1,0.6317849199,GSE120805
MAP7D2,1,0.3629319852,GSE120805
CSF1,1,0.5860660268,GSE120805
COLEC10,1,0.9569895772,GSE120805
ACTRT3,1,0.9028863963,GSE120805
PLA2G6,1,0.6087398919,GSE120805
MAML2,-1,0.1078438493,GSE120805
A3GALT2,-1,NA,GSE120805
SS18L1,1,0.2933786295,GSE120805
KCND2,1,0.3124024405,GSE120805
TOP1MT,-1,0.3595486836,GSE120805
COPB2,1,0.9804156432,GSE120805
THAP7,-1,0.6868843422,GSE120805
KNTC1,1,0.9727671656,GSE120805
CCR10,1,0.5101078767,GSE120805
NCMAP,-1,NA,GSE120805
WDR27,-1,0.001581052777,GSE120805
TXNRD2,1,0.9088380481,GSE120805
FOXO4,1,9.59E-09,GSE120805
POU3F2,-1,NA,GSE120805
PTP4A3,1,0.6342594998,GSE120805
FOXD4L1,-1,NA,GSE120805
TMEM255B,1,0.9650834083,GSE120805
PROS1,1,0.03152526763,GSE120805
GAST,1,NA,GSE120805
NUTM1,1,NA,GSE120805
HDDC3,-1,0.002828524371,GSE120805
ZFP1,-1,0.001016170827,GSE120805
CEND1,1,0.1804083078,GSE120805
C6orf58,1,0.9446584103,GSE120805
DUSP8,-1,0.1988534058,GSE120805
SOCS3,1,0.5555946161,GSE120805
SLITRK6,-1,0.9699572988,GSE120805
LPAR5,1,0.05892116275,GSE120805
XPOT,-1,4.39E-05,GSE120805
STING1,1,0.1322548648,GSE120805
PDE4B,1,0.9119215988,GSE120805
TAFA3,1,NA,GSE120805
SNN,1,1.21E-07,GSE120805
KCNH7,-1,0.0492588997,GSE120805
NELL2,1,NA,GSE120805
KRABD2,1,0.6498442329,GSE120805
MED12,1,0.891038896,GSE120805
ZNF93,-1,0.001189024283,GSE120805
SEPTIN9,-1,0.06335789707,GSE120805
CDCA2,1,4.82E-06,GSE120805
RALYL,1,0.9104161102,GSE120805
AMER1,-1,3.34E-10,GSE120805
ZBTB40,-1,0.8654493913,GSE120805
H2BC21,-1,9.50E-14,GSE120805
CLDN6,1,0.9801010023,GSE120805
SEPTIN5,1,0.9952039095,GSE120805
EIF4ENIF1,-1,0.8621691544,GSE120805
SERINC4,1,0.5044859145,GSE120805
RNLS,1,NA,GSE120805
APOBR,1,0.8966766956,GSE120805
ATL3,1,0.7386322999,GSE120805
NDUFA12,-1,0.5434807748,GSE120805
SMIM10,1,0.9585768931,GSE120805
DYNLT2,1,0.3871885041,GSE120805
UBE2G2,-1,0.5489680833,GSE120805
SATL1,1,NA,GSE120805
OSBP2,1,8.64E-05,GSE120805
ZBTB7C,-1,NA,GSE120805
APOO,-1,0.614290109,GSE120805
PRR16,-1,0.0003415652592,GSE120805
TMED9,-1,0.503314955,GSE120805
TMEM186,-1,0.7992526573,GSE120805
SDR42E1,-1,0.8935225789,GSE120805
RBM33,-1,0.7182845295,GSE120805
ARMCX2,-1,2.76E-05,GSE120805
BTBD6,-1,0.2088870426,GSE120805
SRY,-1,NA,GSE120805
H1-10,-1,0.9264122184,GSE120805
RBM43,-1,0.9685965039,GSE120805
SUMO3,-1,0.005003980375,GSE120805
IMMP2L,-1,0.03811196645,GSE120805
CLCNKB,1,0.02449715688,GSE120805
JAG2,1,0.8129484712,GSE120805
FMNL1,1,0.162253871,GSE120805
NUTM2A,1,0.3592948562,GSE120805
PTRHD1,1,0.03209059055,GSE120805
LCN12,1,0.9643651901,GSE120805
OR6A2,-1,0.8475284437,GSE120805
WT1,-1,2.78E-05,GSE120805
ZFP90,1,0.02899978807,GSE120805
FAM227A,1,0.001117416607,GSE120805
RPL7AP49,1,NA,GSE120805
NOC4L,-1,0.7752618606,GSE120805
USP18,1,0.008109360725,GSE120805
NDUFA6,-1,0.9804156432,GSE120805
CHRM5,-1,0.8896436593,GSE120805
SORCS2,-1,0.008183045988,GSE120805
TMEM121,1,0.8761208124,GSE120805
TMEM106A,1,0.3459684016,GSE120805
SIVA1,-1,0.8099180122,GSE120805
BRI3BP,1,0.6361832192,GSE120805
IFNE,1,0.9938666388,GSE120805
DGAT1,1,0.09693123239,GSE120805
AP3M1,-1,0.9975241438,GSE120805
F8,1,0.1172314669,GSE120805
CA13,-1,0.001058766218,GSE120805
UBOX5,-1,0.7289602365,GSE120805
MAFF,1,0.2041267141,GSE120805
BRF1,1,0.3452078515,GSE120805
LRRC14B,-1,NA,GSE120805
SEMA4B,-1,0.9999380043,GSE120805
MROH2A,1,NA,GSE120805
SPDYE16,1,NA,GSE120805
CIB1,1,0.6334433748,GSE120805
ANKS1B,-1,0.8820030483,GSE120805
NELFA,-1,0.8093377285,GSE120805
SGCZ,1,NA,GSE120805
EFCAB10,1,0.9267470931,GSE120805
C5orf47,1,NA,GSE120805
UFD1-AS1,1,0.0004904979267,GSE120805
KRT76,1,NA,GSE120805
FLRT2,-1,1.31E-06,GSE120805
INTS5,-1,0.6691697415,GSE120805
RPS27L,1,0.2566659172,GSE120805
MANEAL,-1,0.9820269509,GSE120805
ADSS1,1,0.02918343971,GSE120805
ANO9,1,0.2245668489,GSE120805
FAF1,-1,0.02403235333,GSE120805
FAM43A,1,0.04800252147,GSE120805
NSMCE3,-1,0.7960946208,GSE120805
HSF1,-1,0.8018956084,GSE120805
C6orf120,-1,0.9364175099,GSE120805
PURA,-1,0.8667682638,GSE120805
H2BC13,-1,1.66E-17,GSE120805
INPP5J,1,0.1978959713,GSE120805
NPY2R,1,NA,GSE120805
MIXL1,1,NA,GSE120805
MFSD6L,1,NA,GSE120805
LRRC37B,1,0.4207652397,GSE120805
DDX51,-1,0.01250011035,GSE120805
NOMO2,-1,0.9086482479,GSE120805
ZNF479,-1,NA,GSE120805
SIGIRR,1,0.6691697415,GSE120805
NRBP2,-1,0.2796820178,GSE120805
IFITM2,-1,0.9424304225,GSE120805
TNFAIP2,1,0.003729437701,GSE120805
ZNF445,-1,0.3427936147,GSE120805
PGBD2,-1,0.005134246575,GSE120805
TCEAL9,-1,0.2810731787,GSE120805
RAB11B,-1,0.9435449588,GSE120805
PRMT3,-1,0.005876120599,GSE120805
GP1BA,-1,NA,GSE120805
PRPF39,1,0.5664403089,GSE120805
PPIL6,1,0.8489218829,GSE120805
ZNF74,-1,0.7528932773,GSE120805
KIAA0825,1,0.4788503732,GSE120805
UBALD2,1,8.51E-05,GSE120805
CDNF,1,0.1767457349,GSE120805
NOTUM,1,0.6107861005,GSE120805
KLHL33,1,NA,GSE120805
RBM11,1,NA,GSE120805
ZBTB37,-1,0.8958454031,GSE120805
CCDC137,-1,0.04533603543,GSE120805
ARL15,1,0.7637423124,GSE120805
C12orf56,1,0.9369896627,GSE120805
CDK10,-1,0.8028378641,GSE120805
TMEM105,1,0.6383497171,GSE120805
SOCS1,1,0.761771653,GSE120805
TCN2,1,8.11E-07,GSE120805
GAS2L1,1,0.8423158019,GSE120805
ATP6V0A2,-1,0.2117231396,GSE120805
PRKN,1,0.00162364334,GSE120805
TEDC1,-1,0.8115377455,GSE120805
HS6ST3,1,0.7353071432,GSE120805
HGS,1,0.7785151186,GSE120805
TNFAIP8L1,1,1.36E-09,GSE120805
RAD51D,-1,0.000338990362,GSE120805
MAPK11,1,0.298416533,GSE120805
SP140L,1,0.9409628931,GSE120805
MRPL30,-1,0.736831499,GSE120805
TARS3,-1,0.6493476637,GSE120805
SMYD3,-1,0.5298825517,GSE120805
TMT1A,1,1.50E-29,GSE120805
LINC00158,-1,0.6034366912,GSE120805
IFNLR1,1,4.62E-12,GSE120805
SH3BGR,1,0.08262428615,GSE120805
FAM174B,1,0.6899395017,GSE120805
ZSWIM9,-1,0.8700577184,GSE120805
TMEM179B,1,0.6103328174,GSE120805
GPRIN3,-1,0.915690527,GSE120805
PARPBP,1,0.04732260533,GSE120805
STAC3,1,0.6255054379,GSE120805
ROR1,-1,2.71E-08,GSE120805
MUC1,-1,0.6165565047,GSE120805
FAAP100,-1,0.01200715627,GSE120805
IRF7,-1,0.7168485519,GSE120805
L3MBTL1,1,0.5548581973,GSE120805
BRCC3,-1,0.01302196271,GSE120805
SV2B,1,NA,GSE120805
FAM131C,-1,0.8758162326,GSE120805
LMNTD2,1,0.03180254404,GSE120805
SPATA45,1,0.9102407565,GSE120805
PDE6G,1,0.3024575999,GSE120805
PRKG1,1,0.3169813214,GSE120805
NR2F2,-1,0.01594948691,GSE120805
TLCD2,1,0.07368636467,GSE120805
LSAMP,-1,NA,GSE120805
AHNAK2,1,0.176509696,GSE120805
OLFML2A,-1,0.005451198258,GSE120805
SP1,-1,0.02387396653,GSE120805
MRPL40,1,0.9111990126,GSE120805
INKA1,1,0.3059963113,GSE120805
PDIA2,-1,0.5803411856,GSE120805
PCGF3,1,2.08E-06,GSE120805
LMLN,1,0.8116916497,GSE120805
P4HB,-1,0.02002527901,GSE120805
PSMD13,-1,0.9426936033,GSE120805
PBX1,-1,0.3863063862,GSE120805
RPL14P6,1,NA,GSE120805
COXFA4L2,-1,0.06698397757,GSE120805
SHC4,1,0.0004875322234,GSE120805
KRT79,-1,0.7772209371,GSE120805
ZFP36L1,-1,0.8486777259,GSE120805
UBE2L3,-1,0.6874932092,GSE120805
BRWD1,1,0.8432964196,GSE120805
PMEL,1,1.07E-06,GSE120805
SYN3,-1,0.9177655009,GSE120805
POU3F1,1,NA,GSE120805
SNAI3,1,2.80E-07,GSE120805
ZBTB3,-1,0.5036470606,GSE120805
LYG2,1,0.6357380559,GSE120805
MORN5,1,NA,GSE120805
PRAME,1,0.5878136093,GSE120805
MYBL1,1,0.4128515205,GSE120805
SMG1P4,1,NA,GSE120805
MOSMO,1,1.30E-07,GSE120805
DRG1,1,0.9605881686,GSE120805
ANKFY1,-1,0.3898669057,GSE120805
YTHDF3,1,0.8347960997,GSE120805
ZNF696,-1,0.2808246399,GSE120805
SRL,1,NA,GSE120805
IFIT1,1,1.93E-09,GSE120805
CXorf38,-1,0.3774437593,GSE120805
KCNQ5,-1,2.15E-07,GSE120805
ADAMTSL5,-1,0.8772456876,GSE120805
KCNIP4,-1,NA,GSE120805
MORF4L1,-1,0.1225020558,GSE120805
WDR53,-1,0.3116943908,GSE120805
DMWD,1,0.9516606493,GSE120805
SLC52A2,-1,0.749699485,GSE120805
PIGP,1,0.0002498468642,GSE120805
PCYT2,-1,0.2750573089,GSE120805
NAT8L,-1,0.08005013551,GSE120805
BCAP31,1,0.95432123,GSE120805
ARL17A,1,0.7126416783,GSE120805
ARL17B,1,0.7126416783,GSE120805
HDHD5-AS1,1,NA,GSE120805
GNB1L,-1,0.9358714488,GSE120805
AK2P1,-1,0.7631343532,GSE120805
DNAH14,1,0.6387851306,GSE120805
CCDC190,1,0.01423401081,GSE120805
EVI2B,1,0.4782316265,GSE120805
TMEM210,1,NA,GSE120805
NPIPB4,-1,0.7887057137,GSE120805
ZNF829,1,0.8056912545,GSE120805
TMPRSS11B,1,NA,GSE120805
THNSL1,-1,0.3344989331,GSE120805
TRIM69,1,1.04E-15,GSE120805
ATP6V0C,1,0.7232793345,GSE120805
IFITM1,1,0.6661457018,GSE120805
LAMP1,1,0.8336450767,GSE120805
POMK,1,0.7907902617,GSE120805
LINC00839,-1,0.0001274601566,GSE120805
C16orf54,1,NA,GSE120805
KLHDC8B,1,1.03E-06,GSE120805
SETD4,-1,0.755802783,GSE120805
PTCH1,-1,0.7355999196,GSE120805
RTN4RL1,1,0.9796063291,GSE120805
CALHM1,1,1.85E-06,GSE120805
RNPC3,1,0.9426936033,GSE120805
ZNF267,1,0.4624651795,GSE120805
IRS2,-1,0.1994348848,GSE120805
SPACDR,1,0.2635454428,GSE120805
SHOX,1,NA,GSE120805
BICD2,-1,0.0838883594,GSE120805
CCIN,1,0.4685180753,GSE120805
TMLHE,1,0.0002202512156,GSE120805
GRK1,1,NA,GSE120805
PLK5,-1,0.9236368564,GSE120805
RASA3,-1,0.06308010787,GSE120805
LRCH3,-1,0.9959983538,GSE120805
LEMD1,1,NA,GSE120805
RPS4XP21,1,NA,GSE120805
NDUFA13,-1,0.415858561,GSE120805
ZNF566,-1,0.01113358957,GSE120805
ZNF225-AS1,-1,0.8213838109,GSE120805
ZNF529,-1,0.709837823,GSE120805
ZNF284,1,0.6607151191,GSE120805
DLEU7,1,NA,GSE120805
DLEU1-AS1,1,NA,GSE120805
TAL2,1,0.9704425077,GSE120805
MATN1-AS1,1,0.3070932608,GSE120805
AIDA,-1,0.2043408186,GSE120805
CDIN1,-1,0.3131536101,GSE120805
KRT5,-1,NA,GSE120805
KRT18P14,-1,NA,GSE120805
NBPF6,1,NA,GSE120805
GSAP,1,1.86E-15,GSE120805
CYP2R1,-1,0.9601177559,GSE120805
LRRC70,1,0.4715106703,GSE120805
ANKRD46,1,0.7964603326,GSE120805
PIP5K1C,-1,0.9844787508,GSE120805
CYP4F2,1,0.04943319463,GSE120805
TEX38,-1,NA,GSE120805
ZBTB6,1,0.7205566362,GSE120805
C2orf76,-1,0.9707592765,GSE120805
POLR3C,-1,0.001144454093,GSE120805
UBL4B,-1,NA,GSE120805
WWOX,1,0.02898558472,GSE120805
CIDECP1,1,0.07646023049,GSE120805
CENATAC,1,0.0253725923,GSE120805
BCL9L,-1,0.9547777116,GSE120805
POLR1D,-1,0.09198988362,GSE120805
KIF18B,-1,0.9717481479,GSE120805
ZNRF1,-1,0.3327629518,GSE120805
FFAR4,1,NA,GSE120805
SAPCD2,1,0.001325562288,GSE120805
EDARADD,1,0.9675718945,GSE120805
SLC51B,1,NA,GSE120805
MTARC1,-1,0.05750801701,GSE120805
LCE5A,-1,NA,GSE120805
SOWAHB,1,0.6275361022,GSE120805
BLOC1S4,-1,0.2635454428,GSE120805
ZNF749,-1,8.07E-05,GSE120805
KLHL32,1,NA,GSE120805
LINC02610,-1,NA,GSE120805
RPL21P124,1,NA,GSE120805
MRTFB,-1,0.9669799932,GSE120805
BTLA,1,0.7099591542,GSE120805
ZNF17,-1,0.9557191768,GSE120805
KDM4D,1,0.006177094884,GSE120805
TOR3A,-1,0.03730840947,GSE120805
PPP1CC,-1,0.9232500421,GSE120805
ZNF555,1,0.8941257432,GSE120805
PRELID2,-1,0.9981464068,GSE120805
BACE1,1,0.9243097174,GSE120805
RGS9BP,1,0.844444826,GSE120805
THBS2,-1,1.06E-06,GSE120805
RXRA,1,0.9998562827,GSE120805
ANKRD37,-1,0.005849387681,GSE120805
NUDT17,1,0.07808720882,GSE120805
ZNF75D,-1,0.8928427867,GSE120805
KRT10,-1,0.4146961852,GSE120805
GOLGA8R,1,NA,GSE120805
CCDC30,1,0.07204742468,GSE120805
NKRF,-1,0.04969215879,GSE120805
GLDN,1,NA,GSE120805
KPNA4,1,0.9093038996,GSE120805
TRDN,-1,NA,GSE120805
KRT3,-1,NA,GSE120805
ZNF501,-1,0.9154376175,GSE120805
ZNF197,1,0.9060995735,GSE120805
ZNF660-ZNF197,1,0.9060995735,GSE120805
SPATA12,1,NA,GSE120805
TMPRSS12,1,NA,GSE120805
FAM228A,-1,0.3801028477,GSE120805
NAP1L2,1,NA,GSE120805
RPS23,-1,0.5293061818,GSE120805
GNG2,1,0.4412901413,GSE120805
BTN3A2,1,0.9601080503,GSE120805
AKAP14,-1,NA,GSE120805
PCLO,-1,0.566099531,GSE120805
RGS7BP,-1,0.9282438371,GSE120805
INSIG1,-1,2.15E-05,GSE120805
MYT1L,-1,0.1771085351,GSE120805
ZNF396,1,6.88E-05,GSE120805
TMEM222,-1,0.709837823,GSE120805
CLCNKA,1,0.1836857494,GSE120805
ARHGAP30,1,0.3858111506,GSE120805
SEPTIN10,-1,0.1916438279,GSE120805
FAM86B1,-1,6.60E-06,GSE120805
CYP4F8,1,NA,GSE120805
CYP4F3,1,0.0159387566,GSE120805
SMYD4,1,0.4533531012,GSE120805
FOXD2,-1,0.09371509178,GSE120805
GPATCH8,-1,0.9907487354,GSE120805
CEACAM19,-1,0.1127937729,GSE120805
NF2,-1,0.0001192489173,GSE120805
SMIM29,1,0.003902051271,GSE120805
UBE2H,1,0.008926032801,GSE120805
MIR22HG,1,0.9124825403,GSE120805
HPDL,-1,0.1095240066,GSE120805
KTN1-AS1,1,0.5600704013,GSE120805
KATNA1,1,0.7023712688,GSE120805
FSD2,1,NA,GSE120805
ARAP1,1,0.04127384927,GSE120805
KIF24,1,0.4016993871,GSE120805
PDE2A,1,0.0019170877,GSE120805
CARMIL3,-1,0.546884502,GSE120805
PRG2,-1,NA,GSE120805
PRR5,-1,6.37E-11,GSE120805
ZFP91,-1,0.8203251572,GSE120805
C17orf58,-1,0.357318334,GSE120805
BCDIN3D,1,0.6696093169,GSE120805
CYP27C1,-1,0.0008863438052,GSE120805
LYRM7,1,0.5917661204,GSE120805
CFAP73,1,0.6695127909,GSE120805
CCDC73,-1,0.9005958716,GSE120805
MST1L,1,0.4314121784,GSE120805
BCR,1,0.7921294525,GSE120805
FSCN2,1,0.6238192641,GSE120805
SPIN4,-1,0.7287368502,GSE120805
ZNF732,-1,0.5860660268,GSE120805
SPIN2B,1,0.602084838,GSE120805
FOXE3,-1,0.925896597,GSE120805
HYAL3,1,0.04884824895,GSE120805
VSIG10L,-1,0.1437282972,GSE120805
ZNF397,-1,0.503314955,GSE120805
ZSCAN30,1,0.001854408996,GSE120805
TPCN1,-1,0.4093464431,GSE120805
TNFRSF4,-1,0.7488474631,GSE120805
KRT16,-1,0.7357650106,GSE120805
HEXIM1,1,0.867687184,GSE120805
SELENOV,1,NA,GSE120805
KRT14,-1,6.26E-06,GSE120805
TRABD2A,-1,2.35E-07,GSE120805
LOC105374836,-1,2.35E-07,GSE120805
PDZD7,1,0.1322915868,GSE120805
POFUT2,1,0.2619629613,GSE120805
QRFPR,-1,0.0001547713767,GSE120805
MAPT,-1,0.9981070468,GSE120805
ERCC6L,-1,0.9633695994,GSE120805
TMEM17,1,0.2011621284,GSE120805
TNFRSF18,-1,NA,GSE120805
C1QL4,-1,0.2497643445,GSE120805
RTN4RL2,1,0.9626244006,GSE120805
ZDHHC17,1,0.1928307557,GSE120805
ZNF395,-1,4.30E-09,GSE120805
ZACN,1,0.5224628729,GSE120805
PPARA,1,0.7849332238,GSE120805
TMEM232,1,2.26E-06,GSE120805
LINC01551,-1,0.937166893,GSE120805
CFAP144,1,NA,GSE120805
EFCAB6,1,0.6652310231,GSE120805
KRTAP19-5,1,NA,GSE120805
KANK3,1,1.04E-06,GSE120805
EMID1,1,0.01567275201,GSE120805
RHD,-1,NA,GSE120805
LINC02875,1,0.03953600157,GSE120805
ESPN,1,0.1809101649,GSE120805
PTRH1,-1,0.1908224969,GSE120805
TMEM216,-1,0.1300164664,GSE120805
RPS19BP1,1,0.9585596702,GSE120805
CATSPERH,1,0.6993208606,GSE120805
C3orf70,-1,0.4607583384,GSE120805
TEAD1,-1,0.5579338917,GSE120805
OR2AK2,1,NA,GSE120805
PLCD1,1,0.0066530546,GSE120805
CCK,1,NA,GSE120805
ENTPD5,-1,0.7849139818,GSE120805
MITF,-1,0.06744073355,GSE120805
HEATR4,1,0.3087788349,GSE120805
NAP1L1,-1,0.06605182601,GSE120805
CMC1,-1,0.6103328174,GSE120805
SLIT1,-1,0.8038671652,GSE120805
LYPD6,-1,0.1329096187,GSE120805
AKR1C1,1,0.03549855526,GSE120805
SPATA21,-1,NA,GSE120805
RNF220,-1,0.1804142223,GSE120805
SHTN1,-1,0.969802596,GSE120805
LOC388282,-1,NA,GSE120805
LOC730098,1,0.9766068027,GSE120805
ZNF546,1,9.04E-05,GSE120805
TSPYL4,1,0.4831816634,GSE120805
MT1X,-1,4.60E-06,GSE120805
GCNT1,-1,1.14E-06,GSE120805
PSD3-AS1,1,0.8208269056,GSE120805
SESTD1,-1,6.60E-06,GSE120805
FNBP1,1,0.9294733409,GSE120805
DYNC2H1,1,0.6810050258,GSE120805
KRT12,-1,NA,GSE120805
BCAM,1,0.7258847784,GSE120805
RSBN1L,-1,0.6521445766,GSE120805
WDR86,1,0.325294138,GSE120805
EPOR,1,0.00196693911,GSE120805
CIDEC,1,NA,GSE120805
TAF9B,1,0.1259761514,GSE120805
PCDHB13,-1,0.8029195191,GSE120805
MAGI2,1,0.8361132718,GSE120805
LUZP2,-1,0.008362832326,GSE120805
CHP1,1,0.7261592024,GSE120805
FPR3,1,0.8962789694,GSE120805
H1-6,-1,0.831247302,GSE120805
C11orf96,1,0.08717603262,GSE120805
KCNJ11,1,0.9747819779,GSE120805
CDHR4,1,0.6899395017,GSE120805
COL4A1,-1,1.15E-07,GSE120805
RPL7P48,-1,0.9071883933,GSE120805
PLEKHG7,-1,0.447576886,GSE120805
PTMA,-1,6.69E-07,GSE120805
H2AP,-1,NA,GSE120805
HSPA14,1,0.9699546893,GSE120805
SIRT7,-1,0.9671855762,GSE120805
IFT140,1,0.6903239641,GSE120805
AGMO,-1,0.1530236689,GSE120805
SBK2,1,0.4247074215,GSE120805
CYP26C1,-1,0.4572384317,GSE120805
TLR5,1,0.6760450978,GSE120805
USP7,-1,0.6696093169,GSE120805
NANOS3,1,0.6366254157,GSE120805
NHLRC1,1,0.6343908385,GSE120805
PLEKHN1,-1,0.8376922313,GSE120805
ZNF385C,1,0.005209029999,GSE120805
MAGEH1,-1,0.9003893772,GSE120805
TET3,-1,0.3062684324,GSE120805
ZNF286A,-1,0.1895250181,GSE120805
ISG15,1,0.0004197022321,GSE120805
EXD3,1,0.08602577669,GSE120805
LIAT1,1,0.9928565244,GSE120805
ZKSCAN4,-1,0.9375053917,GSE120805
RGPD1,-1,NA,GSE120805
DHRS4L2,1,0.1394491143,GSE120805
SAMD11,1,0.6996699191,GSE120805
PERM1,1,0.9074950541,GSE120805
VMAC,1,1.94E-05,GSE120805
ERC2,1,0.2615354545,GSE120805
B3GLCT,-1,0.9952039095,GSE120805
SPRY4,1,0.3897541731,GSE120805
ERAS,-1,NA,GSE120805
KRT18P59,1,0.3499384731,GSE120805
TRPV2,1,7.54E-07,GSE120805
AKAP19,1,0.0706830203,GSE120805
TMEM203,-1,0.5560054785,GSE120805
SLC18A3,-1,NA,GSE120805
THSD4,-1,0.1548696843,GSE120805
DNAJB13,-1,0.9949228873,GSE120805
TCEA1,1,0.9235801596,GSE120805
LYPLA1-TCEA1,1,0.9235801596,GSE120805
NHEJ1,-1,0.7920951396,GSE120805
FANCA,-1,0.001620455375,GSE120805
SECISBP2,-1,1.10E-09,GSE120805
C9orf153,1,0.4841489663,GSE120805
SEMA4D,1,0.3779010316,GSE120805
LIN28B,-1,0.9660881075,GSE120805
DNAH17,1,0.01234116166,GSE120805
MCRS1,1,0.4946868667,GSE120805
FANCM,1,0.07740384901,GSE120805
ZNF70,-1,0.5542630647,GSE120805
CARD9,-1,0.7195800075,GSE120805
PEAR1,1,0.08710196834,GSE120805
ZFP69B,-1,0.00129720551,GSE120805
SOWAHD,-1,6.20E-05,GSE120805
ZFP69,-1,0.5741848206,GSE120805
TMEM220,1,0.04291542145,GSE120805
C2orf78,1,0.001554455639,GSE120805
H1-2,-1,2.10E-13,GSE120805
PLSCR3,1,0.4182603633,GSE120805
EIF4EBP1,-1,1.65E-06,GSE120805
CCDC157,1,0.9676070532,GSE120805
TTC24,1,NA,GSE120805
PABIR1,-1,0.7670347747,GSE120805
PALM3,-1,0.7370350248,GSE120805
SHISA7,1,NA,GSE120805
LRRC74B,1,NA,GSE120805
DMBT1,1,0.007490086429,GSE120805
CLEC17A,1,NA,GSE120805
LDLRAD2,-1,0.07248371766,GSE120805
C2orf66,1,0.9406179793,GSE120805
OVCH1,1,NA,GSE120805
LOC100288637,1,0.4824789165,GSE120805
PMS2CL,-1,0.04174001255,GSE120805
ZFTRAF1,1,0.2065140239,GSE120805
COL14A1,-1,0.001407471794,GSE120805
DNER,1,0.7106417192,GSE120805
CPSF4L,1,0.09062681966,GSE120805
KLHL17,-1,0.7241415036,GSE120805
ZSCAN23,1,0.02832907495,GSE120805
RINL,1,6.23E-14,GSE120805
OR7D2,1,NA,GSE120805
TPRG1,-1,0.7673757153,GSE120805
SNHG28,1,0.2365641416,GSE120805
MORN2,1,0.1964731073,GSE120805
MEIS3P2,1,0.02774358145,GSE120805
S100A3,1,0.8304391212,GSE120805
UBQLN2,-1,0.6731182865,GSE120805
RILPL1,-1,0.1821901636,GSE120805
C19orf67,1,NA,GSE120805
ZNF490,1,0.6728580113,GSE120805
CLCN1,1,NA,GSE120805
NWD1,1,NA,GSE120805
ARL4C,-1,0.08433184141,GSE120805
TMEM221,1,0.4600703295,GSE120805
RAB42,1,0.01365511059,GSE120805
WNT7B,1,0.4911789122,GSE120805
ZFTA,1,0.919398107,GSE120805
PLA2G4E,1,NA,GSE120805
GPHRB,1,0.1301125905,GSE120805
GPHRA,1,0.1301125905,GSE120805
MESP2,1,0.9370163036,GSE120805
EYS,1,0.8818070718,GSE120805
C6orf132,-1,0.4253808228,GSE120805
OR2AG2,1,0.6835810192,GSE120805
MAPK12,1,0.9942285054,GSE120805
COL4A5,-1,0.5600431508,GSE120805
AGRN,-1,0.002315367678,GSE120805
NHS,1,0.9101266557,GSE120805
CIMIP2A,-1,0.5419415084,GSE120805
TMPPE,-1,0.6740775902,GSE120805
ZNF626,-1,0.9248303206,GSE120805
HEPACAM2,1,NA,GSE120805
SMTNL2,1,NA,GSE120805
ZC3H6,1,0.1789793135,GSE120805
LAMTOR4,1,0.5697768606,GSE120805
PRKAR1B,-1,0.960207993,GSE120805
NUTM2B,-1,0.8251079429,GSE120805
NCR3LG1,-1,0.9372439764,GSE120805
DCUN1D3,1,0.1545974246,GSE120805
POTEE,-1,NA,GSE120805
ZNF793,1,0.4733442237,GSE120805
TUBB4B,-1,0.9595477439,GSE120805
AGAP4,1,0.8818249638,GSE120805
SLC9A3-OT1,1,0.5805913692,GSE120805
COMMD6,-1,0.9784316942,GSE120805
HYKK,1,0.009316790996,GSE120805
C15orf62,1,1.81E-05,GSE120805
ZNF383,1,0.6267910174,GSE120805
HES4,-1,0.02426230802,GSE120805
ZNF669,-1,0.8966696239,GSE120805
PEAK3,1,NA,GSE120805
LRRIQ4,1,0.124628146,GSE120805
CENPP,-1,0.06932959632,GSE120805
PLSCR1,1,0.6975984435,GSE120805
C3orf62,1,0.5404988187,GSE120805
ENO4,1,0.3511488255,GSE120805
ZNF559,1,0.8571210502,GSE120805
SBK1,1,0.9590512683,GSE120805
SLC38A3,1,0.03273113054,GSE120805
GTF2F2,1,0.9962834372,GSE120805
CIBAR1,1,0.846767595,GSE120805
FOCAD,-1,0.8304391212,GSE120805
PRR19,-1,0.332116001,GSE120805
ZP3,1,0.8897466982,GSE120805
H3-5,1,0.9895975519,GSE120805
JAKMIP3,1,NA,GSE120805
GOLGA6L3P,1,NA,GSE120805
GPR21,-1,NA,GSE120805
DYNLT4,1,0.09708648096,GSE120805
SELL,1,0.0003554535027,GSE120805
CHM,1,0.6078528474,GSE120805
BLOC1S5,-1,0.1456935539,GSE120805
SRP72P2,-1,0.2601860231,GSE120805
CERKL,1,0.960152881,GSE120805
IER5L,-1,0.1597036651,GSE120805
H2AX,-1,0.905763679,GSE120805
INSC,1,NA,GSE120805
SERPINA5,-1,0.8927841418,GSE120805
ACTMAP,-1,0.9876448854,GSE120805
LCTL,1,0.06556240651,GSE120805
NCCRP1,1,NA,GSE120805
KRTDAP,1,NA,GSE120805
CYCSP3,-1,0.8251162409,GSE120805
COL25A1,-1,0.005370282804,GSE120805
SACK1G,1,0.1972611776,GSE120805
CFAP77,-1,NA,GSE120805
SRSF10,-1,0.1103729242,GSE120805
DUSP28,-1,0.8130738327,GSE120805
CCDC9B,-1,0.01619398752,GSE120805
NBR1,1,1.95E-09,GSE120805
RALGAPA2,1,0.9160972681,GSE120805
NDOR1,-1,0.9804159521,GSE120805
FBLL1,1,0.9617696816,GSE120805
NKAIN2,1,0.8831631855,GSE120805
PAQR9,-1,0.6103328174,GSE120805
CFAP54,1,1.90E-08,GSE120805
NPIPP1,-1,0.8740621029,GSE120805
CLN3,1,0.4147110234,GSE120805
FAM72B,1,0.0008853768781,GSE120805
ASAH2,1,0.6018477642,GSE120805
SUMO2,-1,0.9295170046,GSE120805
NANOS1,1,0.5584705993,GSE120805
HMX3,-1,NA,GSE120805
IGFL3,-1,NA,GSE120805
GOLGA8M,1,NA,GSE120805
ZNF177,1,NA,GSE120805
ZNF559-ZNF177,1,NA,GSE120805
RTL6,-1,0.008883667069,GSE120805
DPYD,-1,0.09393548191,GSE120805
S100A16,-1,0.06388808695,GSE120805
PTAR1,1,0.9905763862,GSE120805
SAXO2,1,0.005846356323,GSE120805
RHCE,1,0.5711909275,GSE120805
PARVB,-1,9.41E-05,GSE120805
SLC4A5,-1,0.9897448385,GSE120805
UROS,1,0.09459573677,GSE120805
CYP51A1-AS1,1,0.7616101966,GSE120805
ZDHHC9,-1,0.008752537092,GSE120805
SMIM15,-1,0.8535195278,GSE120805
OSTN,-1,NA,GSE120805
FAM221A,1,2.99E-06,GSE120805
TMEM120B,-1,1.52E-05,GSE120805
FSIP2,-1,NA,GSE120805
RBM34,-1,0.7880678243,GSE120805
NOXA1,1,0.03715684176,GSE120805
TMEM198,1,0.01246464054,GSE120805
BCL2L15,-1,0.3656640656,GSE120805
FZD9,1,0.1554701618,GSE120805
SPRED3,1,0.05362109587,GSE120805
SKOR1,-1,0.7631343532,GSE120805
PRELP,-1,0.7240659183,GSE120805
ZNF548,-1,0.6798533451,GSE120805
MTF1,-1,0.7336661624,GSE120805
TMCO2,1,NA,GSE120805
TMEM201,-1,0.0003576465899,GSE120805
NHLRC3,1,0.01903267352,GSE120805
HMX2,-1,0.3350885278,GSE120805
SNTN,-1,NA,GSE120805
ZDHHC11,-1,0.7256882101,GSE120805
CALHM6,-1,0.1047369164,GSE120805
CNR2,1,NA,GSE120805
LINC00910,1,4.48E-05,GSE120805
SLX4,-1,0.9096701176,GSE120805
ENTPD8,1,0.1815167683,GSE120805
RPL14,-1,0.2386682575,GSE120805
RPSAP47,-1,0.7092890341,GSE120805
ZNF563,1,0.2895516894,GSE120805
TMC3,-1,0.354661458,GSE120805
RPL10AP2,-1,0.5582709268,GSE120805
FBF1,1,3.11E-05,GSE120805
KLRG2,1,0.6993298555,GSE120805
ASTL,1,0.8881010363,GSE120805
MSL1,-1,0.2411020696,GSE120805
APOLTP,-1,0.7882902681,GSE120805
LRRK2,1,0.7943746546,GSE120805
GJB3,1,0.5413357387,GSE120805
INSYN2A,1,0.3919064157,GSE120805
TRMT2B,1,0.1236660309,GSE120805
HACD4,1,3.26E-08,GSE120805
CFAP126,-1,NA,GSE120805
FAM120AOS,1,0.01154844792,GSE120805
UTS2B,-1,0.46587074,GSE120805
C9orf152,-1,NA,GSE120805
NOC2L,-1,0.09208534629,GSE120805
MSANTD1,-1,0.7115707368,GSE120805
NELFB,-1,0.4123396175,GSE120805
LRRC66,-1,0.5669930393,GSE120805
ZNF292,-1,0.6335957689,GSE120805
HUS1B,1,0.4965596467,GSE120805
KCTD21,-1,0.5961012251,GSE120805
SBSN,1,NA,GSE120805
ADAT2,-1,4.32E-19,GSE120805
VHLL,-1,0.8259854829,GSE120805
ZNF567,-1,0.8439983965,GSE120805
COXFA4,1,0.9303012919,GSE120805
ANKDD1B,1,0.8310723972,GSE120805
ALKBH2,-1,0.02403235333,GSE120805
RNFT1,1,0.004778830073,GSE120805
RNF222,1,NA,GSE120805
CGB5,-1,0.5883361441,GSE120805
RELN,1,NA,GSE120805
FAM111B,-1,7.09E-07,GSE120805
APOD,1,NA,GSE120805
H1-0,-1,0.9245724419,GSE120805
LITAF,-1,0.1232379973,GSE120805
VSTM1,1,0.4003943035,GSE120805
TMEM120A,1,0.9870772802,GSE120805
ARID2,-1,0.9376197674,GSE120805
SF3B3,-1,0.08272273895,GSE120805
BLOC1S3,1,0.9613132982,GSE120805
SP6,1,0.01604389997,GSE120805
ANKRD34B,-1,NA,GSE120805
PLAC9,1,0.03796513294,GSE120805
NKAPL,1,NA,GSE120805
CLDN4,1,0.1977447648,GSE120805
ZNF573,1,0.9305820607,GSE120805
FAM47E,1,0.4643846117,GSE120805
JPT1,1,0.6141226051,GSE120805
ZNF527,-1,0.9091187788,GSE120805
ZAR1L,1,0.844921444,GSE120805
S100A13,-1,0.9980147593,GSE120805
ZNF33A,1,0.8761552203,GSE120805
PCDH18,-1,0.000326039576,GSE120805
ZNF600,-1,0.1083843096,GSE120805
BTBD8,1,1.04E-06,GSE120805
LINC00994,1,NA,GSE120805
MAOA,-1,NA,GSE120805
PAX8-AS1,-1,0.08769203821,GSE120805
C15orf61,-1,0.3600670223,GSE120805
NUGGC,1,NA,GSE120805
TSPYL1,1,0.003538310955,GSE120805
SPANXN3,-1,NA,GSE120805
PNRC2,1,0.0002506533369,GSE120805
DRICH1,1,0.3853381245,GSE120805
LINC01164,-1,NA,GSE120805
GJB5,1,NA,GSE120805
FHIT,1,0.05458636079,GSE120805
ALKAL2,-1,0.938239448,GSE120805
ZKSCAN3,1,0.2937161979,GSE120805
RRP7A,-1,0.5686146719,GSE120805
LIN54,1,0.05187640619,GSE120805
LOC441239,-1,NA,GSE120805
FAM53B,1,0.5481678506,GSE120805
FAM180A,1,0.3247704174,GSE120805
BNIP5,1,NA,GSE120805
S100A14,1,0.5582709268,GSE120805
KAZN,-1,0.01143419863,GSE120805
SLC35E2B,-1,0.9297675392,GSE120805
RPS2P46,-1,0.1947227747,GSE120805
TOGARAM2,1,0.638668101,GSE120805
NEMP2,1,0.0002994246017,GSE120805
KIAA0408,-1,NA,GSE120805
GSPT2,-1,0.2542372871,GSE120805
TBC1D28,1,NA,GSE120805
C8orf76,-1,0.9704790674,GSE120805
CXCL17,-1,NA,GSE120805
HMGB1,-1,0.5779623855,GSE120805
MMP23B,1,0.7011991981,GSE120805
SH2D5,1,0.9029323645,GSE120805
SPATA41,-1,NA,GSE120805
ZFP92,1,0.8761208124,GSE120805
RASSF10,1,NA,GSE120805
MIR494,-1,0.5746822569,GSE120805
OR2L13,1,0.3836899014,GSE120805
BLOC1S2,1,0.5741848206,GSE120805
SYCP2,1,0.003980500276,GSE120805
ZNF724,-1,0.2741523329,GSE120805
IL1RAP,-1,0.01174727817,GSE120805
PAX5,-1,NA,GSE120805
SPOCK3,1,0.6342272327,GSE120805
ZNF676,-1,0.4072508245,GSE120805
ZNF699,1,0.4606937389,GSE120805
ADAM5,1,NA,GSE120805
TDRD7,1,3.10E-05,GSE120805
CFAP119,1,0.1110567848,GSE120805
MATCAP1,-1,0.8580246915,GSE120805
MYT1,1,0.8507366906,GSE120805
SERPINA3,-1,0.9189609358,GSE120805
AKR1C3,1,0.964443069,GSE120805
SPATS2L,-1,4.44E-06,GSE120805
ZNF250,-1,0.04719760355,GSE120805
WDSUB1,1,0.8929248421,GSE120805
ZNF79,1,0.3556098999,GSE120805
S100A4,-1,0.8038671652,GSE120805
PLEKHG4,-1,0.9264567133,GSE120805
FAT4,-1,0.006126217942,GSE120805
LINC03042,1,NA,GSE120805
COLCA1,-1,NA,GSE120805
ZNF681,-1,0.9671855762,GSE120805
ACADSB,1,2.09E-07,GSE120805
STK40,-1,0.61778096,GSE120805
RPS2P4,1,NA,GSE120805
TMEM63A,1,0.02925112794,GSE120805
SEMA4A,1,0.01586790503,GSE120805
HRCT1,1,0.4986468972,GSE120805
MPHOSPH8,-1,0.5105555646,GSE120805
RNF216P1,-1,3.45E-08,GSE120805
GREB1,1,4.62E-13,GSE120805
SIRPB2,1,NA,GSE120805
ZNF766,-1,0.3458600977,GSE120805
RYR1,1,0.7637136833,GSE120805
SRGAP3,1,5.47E-10,GSE120805
FAM217B,-1,0.2391051545,GSE120805
TUBB,-1,0.008175368998,GSE120805
LCOR,1,0.2856722783,GSE120805
SUPT5H,1,0.9532502547,GSE120805
XPNPEP3,-1,0.9940957562,GSE120805
LINC00615,1,NA,GSE120805
ZNF107,-1,0.4006873407,GSE120805
SFTA2,1,NA,GSE120805
PPIA,-1,0.3871885041,GSE120805
ZNF471,-1,0.9197482453,GSE120805
ZNF836,1,0.8021347566,GSE120805
ZNF493,-1,0.3021891523,GSE120805
GTF2IRD2,-1,0.9688329382,GSE120805
SUPT3H,-1,0.0328850087,GSE120805
NIF3L1,1,0.2741699435,GSE120805
ATP2A1,1,0.661681679,GSE120805
IARS1,-1,0.1468368746,GSE120805
POM121,-1,0.9018956438,GSE120805
ZBTB44,1,0.9212850253,GSE120805
STK31,1,0.5164079501,GSE120805
CGB7,1,0.2218840581,GSE120805
NLGN3,-1,0.9189609358,GSE120805
ZKSCAN7,-1,0.9505861867,GSE120805
ZNF729,1,0.8277192473,GSE120805
CD55,-1,0.004402333503,GSE120805
ZNF565,-1,0.02450997494,GSE120805
NTNG2,1,NA,GSE120805
ELAVL3,-1,0.8958454031,GSE120805
WDR5,-1,5.21E-09,GSE120805
LONP1,-1,0.01279060772,GSE120805
C9orf163,1,0.3693614527,GSE120805
TRRAP,-1,0.7979744859,GSE120805
NUDT11,-1,0.04488064484,GSE120805
SRGAP2B,1,0.2717538436,GSE120805
FUT4,-1,0.09002150978,GSE120805
ASB13,1,0.4329757541,GSE120805
SLC35F1,1,NA,GSE120805
ZNF34,-1,3.56E-05,GSE120805
ZNF140,1,0.7907902617,GSE120805
INCA1,-1,0.8313132606,GSE120805
ZNF774,1,0.1315935836,GSE120805
PTPN1,1,0.9669799932,GSE120805
EVL,-1,0.3187479398,GSE120805
SPANXD,-1,NA,GSE120805
NOXO1,1,0.9685455126,GSE120805
EPHB4,-1,0.8722989093,GSE120805
ZNF765,-1,0.5878136093,GSE120805
ZNF124,-1,0.9937723664,GSE120805
XRCC6,-1,0.922533737,GSE120805
S100A5,1,0.2205473723,GSE120805
C20orf204,1,0.8935643517,GSE120805
PPP1R26,1,0.3327629518,GSE120805
TSC22D2,-1,0.3487304194,GSE120805
ASMT,-1,NA,GSE120805
NPIPB15,1,0.7386322999,GSE120805
LOC124907807,1,0.7386322999,GSE120805
LOC124907808,1,0.7386322999,GSE120805
ZNF569,-1,0.4117821908,GSE120805
ARMCX4,-1,0.204017045,GSE120805
YRDC,-1,0.4977962324,GSE120805
ZNF777,-1,0.4580039799,GSE120805
PIK3R4,1,0.9438935049,GSE120805
ZNF775,-1,6.77E-06,GSE120805
ZNF605,1,0.7457529546,GSE120805
TRAPPC2,1,0.02081299154,GSE120805
RFX8,-1,0.9707592765,GSE120805
MYL6B,1,0.4160251439,GSE120805
ZNF799,1,0.9471667701,GSE120805
SIAH1,-1,0.01149887494,GSE120805
C20orf96,1,0.9632023941,GSE120805
ESRRG,1,0.1295383676,GSE120805
IPO4,-1,0.002736329538,GSE120805
NCOR2,-1,0.3741718316,GSE120805
SULT1A1,1,0.006868581666,GSE120805
ARL9,-1,0.1237294619,GSE120805
PRPF40A,1,0.9841296623,GSE120805
GDAP2,1,0.03335611504,GSE120805
TCEAL3,-1,0.6924438673,GSE120805
ANAPC7,-1,0.666084671,GSE120805
TPK1,-1,0.9967895959,GSE120805
SLC6A9,-1,0.2446983875,GSE120805
AFAP1,-1,0.001096640974,GSE120805
NACA,-1,0.868439157,GSE120805
MYO18A,1,0.921975984,GSE120805
SPTSSB,1,NA,GSE120805
BORCS6,1,0.6206171571,GSE120805
MAN2A2,1,0.957837123,GSE120805
MME,-1,0.3568488364,GSE120805
FAM72A,1,0.0001659502601,GSE120805
CACNA1H,1,NA,GSE120805
SULF2,1,1.02E-15,GSE120805
HBG2,-1,NA,GSE120805
LAMA2,1,0.5830141694,GSE120805
PLXNB2,-1,0.5586299886,GSE120805
XRCC2,1,0.2863353429,GSE120805
MYO6,1,0.3667324363,GSE120805
MRTFA,-1,0.8853663482,GSE120805
HDAC2,-1,0.06474280594,GSE120805
ZNF782,1,0.0002408851772,GSE120805
POTEF,-1,0.3042313037,GSE120805
ZNF846,1,0.4791291419,GSE120805
LOC100505555,1,0.4791291419,GSE120805
MMP1,1,0.05187766317,GSE120805
TCF4,-1,0.02797005931,GSE120805
WNK3,1,0.8534851281,GSE120805
SDHAF3,-1,0.9943534212,GSE120805
HRH1,-1,0.1969732484,GSE120805
RABL6,-1,0.7425973123,GSE120805
ZNF136,1,0.6103328174,GSE120805
ZKSCAN5,1,0.2374062316,GSE120805
ZNF502,-1,0.9594804817,GSE120805
TRAPPC4,-1,0.7720153473,GSE120805
IFT70B,1,0.04811171112,GSE120805
SLC30A10,1,NA,GSE120805
TECPR2,1,0.9801010023,GSE120805
FAM180B,-1,NA,GSE120805
LINC00173,1,0.7886798197,GSE120805
ZFP62,-1,0.4950533181,GSE120805
ERI2,1,2.47E-05,GSE120805
TOMM7,-1,0.9256993297,GSE120805
LOC107986346,-1,0.9256993297,GSE120805
HSH2D,1,NA,GSE120805
TRPV1,1,0.8804875337,GSE120805
ZNF33B,1,2.26E-05,GSE120805
PDXDC2P-NPIPB14P,1,0.7342338073,GSE120805
ZNF512B,-1,0.9997469935,GSE120805
AMZ2,1,6.14E-05,GSE120805
ZNF431,-1,0.05183567078,GSE120805
NF1,1,0.9764504556,GSE120805
VKORC1L1,-1,0.003620473036,GSE120805
ZNF418,-1,0.9549276457,GSE120805
DAPK1,-1,7.67E-05,GSE120805
LCE1B,1,NA,GSE120805
COL27A1,-1,0.8598895184,GSE120805
GM2A,1,0.01136017608,GSE120805
H2AC13,-1,4.36E-12,GSE120805
CLPSL2,1,0.7536227377,GSE120805
S100A2,1,0.9716015694,GSE120805
SNHG17,-1,0.0001206468364,GSE120805
ZNF700,-1,0.9858141255,GSE120805
CD47,-1,0.735490964,GSE120805
TLE1,-1,1.69E-06,GSE120805
MAML3,1,0.8680870012,GSE120805
H2AC11,-1,3.82E-11,GSE120805
STRN3,1,2.22E-06,GSE120805
ZNF239,-1,0.5887019624,GSE120805
CTBP1-DT,-1,0.8980503603,GSE120805
ZSCAN16,1,0.005933175578,GSE120805
MVB12B,1,6.31E-06,GSE120805
ILRUN,1,0.0726404481,GSE120805
POTEI,-1,NA,GSE120805
ADA,1,0.8856198755,GSE120805
ARID5A,-1,0.05863213002,GSE120805
PATE2,1,0.3190844316,GSE120805
PPTC7,-1,0.2819360898,GSE120805
TOMM20L,1,0.1151271292,GSE120805
RGPD4,1,NA,GSE120805
NHLRC2,-1,0.9569030237,GSE120805
H2AC7,1,NA,GSE120805
ZFP28,-1,0.7931491972,GSE120805
CRACDL,1,0.9855006059,GSE120805
ZNG1B,-1,0.8923846525,GSE120805
ZNG1C,-1,0.8923846525,GSE120805
ZNG1F,-1,0.8923846525,GSE120805
SCN8A,-1,0.6719172383,GSE120805
LAMB3,1,0.00102386519,GSE120805
H2BC26,-1,3.76E-06,GSE120805
SPMIP10,1,NA,GSE120805
KPNA5,1,0.8491413459,GSE120805
ANKRD36B,-1,0.3229724619,GSE120805
ARHGEF12,1,0.4202422506,GSE120805
PDLIM7,-1,0.0004050665709,GSE120805
FLNA,-1,0.000106568662,GSE120805
TMEM26,1,0.2994412275,GSE120805
SRGAP1,-1,0.5530409219,GSE120805
FAM3C,-1,0.94180665,GSE120805
NOP9,-1,0.1070208104,GSE120805
SLC39A10,-1,4.47E-08,GSE120805
SCOC-AS1,1,0.09185796606,GSE120805
LOC124900785,1,0.09185796606,GSE120805
CASP4,1,0.09305322744,GSE120805
AP2A1,1,0.9995594828,GSE120805
ZNF585A,-1,0.8614097165,GSE120805
POFUT4,-1,0.0001156021416,GSE120805
ANXA4,1,0.5582709268,GSE120805
LAGE3,-1,0.925896597,GSE120805
GPRACR,1,0.8721579169,GSE120805
WDR5B,1,0.879041159,GSE120805
NPIPB9,1,0.9639668901,GSE120805
WDR45,1,8.22E-05,GSE120805
METTL9,1,0.964439611,GSE120805
ZNF138,1,0.2049513181,GSE120805
ZNF429,1,0.5418228303,GSE120805
ZNF470,-1,0.4644777012,GSE120805
SERTAD1,1,0.8721579169,GSE120805
ZNF100,-1,0.8302926616,GSE120805
EOLA2,-1,0.500624429,GSE120805
ZNF398,-1,0.008109360725,GSE120805
ZSCAN25,1,0.891038896,GSE120805
ANXA6,-1,0.0001896476309,GSE120805
ZNF441,-1,0.7059071214,GSE120805
GMFB,1,0.8741217391,GSE120805
SIGLEC15,1,0.2964590095,GSE120805
ZNF420,1,0.9855006059,GSE120805
ZNF763,-1,0.9265914419,GSE120805
ZMYM1,1,2.97E-05,GSE120805
H4C3,-1,1.07E-07,GSE120805
ZSCAN26,1,0.5645488551,GSE120805
MAFG,1,0.3091510136,GSE120805
OR2T32P,-1,0.6331886542,GSE120805
ARRDC1,1,0.1790522512,GSE120805
KIAA1671,1,0.8239348594,GSE120805
IGF2R,-1,0.5695348192,GSE120805
LCE1C,1,2.11E-06,GSE120805
GAL3ST4,1,0.002475589568,GSE120805
DYNC1H1,-1,0.7337653281,GSE120805
SLC6A17,1,NA,GSE120805
PCBP2,1,0.7563048124,GSE120805
ZGPAT,1,0.9234518135,GSE120805
SLC25A29,1,0.7694829513,GSE120805
PGAP1,1,0.01437639803,GSE120805
SRC,1,0.09538586624,GSE120805
ZNF679,1,NA,GSE120805
ZNF682,-1,0.4585836052,GSE120805
ZNF772,1,0.003900582344,GSE120805
ZNF257,1,0.8691701993,GSE120805
PCNX3,-1,0.9894664321,GSE120805
ADAM32,-1,0.4347783174,GSE120805
ACSL5,1,0.243468985,GSE120805
LRRC8B,-1,0.738164529,GSE120805
RPS2P40,-1,0.8217322509,GSE120805
ABCB8,-1,0.4531564926,GSE120805
H3C12,-1,6.46E-15,GSE120805
SND1,-1,0.07322351379,GSE120805
ZNF785,1,0.0007518680024,GSE120805
SULT1A2,1,0.003451953564,GSE120805
NEK5,1,0.9834981163,GSE120805
PSMD12,-1,0.4454007941,GSE120805
ATP6AP1-DT,1,0.181218368,GSE120805
PIWIL2,1,0.204017045,GSE120805
PRR34-AS1,-1,0.9979575835,GSE120805
MIRLET7BHG,-1,0.9979575835,GSE120805
LOC124905135,-1,0.9979575835,GSE120805
NOL4L,1,0.9760391482,GSE120805
CYSRT1,1,0.02569833576,GSE120805
SLC22A4,1,0.7811792513,GSE120805
ZSCAN5B,-1,NA,GSE120805
ENTPD4,1,0.8735086636,GSE120805
C1D,1,0.7222936381,GSE120805
TBC1D9B,1,0.9067794051,GSE120805
H4C11,1,0.6660740092,GSE120805
FAM110D,1,0.8514913533,GSE120805
SERPINA1,-1,0.9197482453,GSE120805
KANK2,-1,0.9369872099,GSE120805
C6orf141,-1,0.08034236685,GSE120805
GTF2E2,-1,0.1786341522,GSE120805
RAD54B,1,0.9599747145,GSE120805
ZNF165,1,0.7095060978,GSE120805
SYNGAP1,-1,0.9685455126,GSE120805
RAMP2-AS1,1,0.0002018838224,GSE120805
FITM2,1,1.25E-06,GSE120805
BLM,-1,0.2586812368,GSE120805
KRABD5,1,9.22E-05,GSE120805
DDI2,-1,0.05501032347,GSE120805
SVIL,1,0.158038903,GSE120805
TRIM33,1,0.9226801821,GSE120805
LRP10,1,0.6900868859,GSE120805
PELI1,1,0.8661418872,GSE120805
ZNF833P,1,0.03044293867,GSE120805
ZNF655,1,0.2795950337,GSE120805
MRPL21,-1,0.9589197089,GSE120805
UAP1L1,1,0.9636442667,GSE120805
ZNF98,-1,0.6210003984,GSE120805
FBXL22,-1,0.8718753217,GSE120805
ZNF786,1,0.7960946208,GSE120805
ZNF517,-1,0.8526216756,GSE120805
ZNF675,-1,0.09160873556,GSE120805
SLC22A5,1,0.4380988276,GSE120805
DACT3,1,0.8895114498,GSE120805
ADARB1,-1,4.58E-06,GSE120805
ZNF860,1,0.1955740172,GSE120805
HTT,1,0.5800324478,GSE120805
C5AR1,1,0.1887507842,GSE120805
DCHS2,1,0.8370142384,GSE120805
VEPH1,1,0.02347481415,GSE120805
SHPK,-1,0.9636531635,GSE120805
IPP,1,3.15E-05,GSE120805
MAP3K5,-1,0.1065650023,GSE120805
OGDHL,1,0.2788185669,GSE120805
GSTK1,1,0.4542345538,GSE120805
HNRNPAB,-1,0.0009599002212,GSE120805
STMN3,1,0.500624429,GSE120805
PDGFA,-1,0.3759638841,GSE120805
COL13A1,-1,0.5976839018,GSE120805
SPN,1,0.02803841346,GSE120805
ZNF695,1,0.5382974,GSE120805
PCDHB11,1,0.1879326807,GSE120805
ZNF628,-1,0.9440785771,GSE120805
SLC2A10,1,1.79E-12,GSE120805
ZNF665,-1,0.8667682638,GSE120805
RPF2,-1,0.02399409489,GSE120805
SLC28A3,-1,0.4433535827,GSE120805
FAM177B,-1,0.4573205547,GSE120805
MIB2,1,0.006211608697,GSE120805
MYO5A,1,0.8447850141,GSE120805
GZMM,-1,0.7515719489,GSE120805
ATG7,1,0.5722687508,GSE120805
SIPA1L1,-1,0.05248097746,GSE120805
IFT70A,1,0.6433068341,GSE120805
SSPOP,1,NA,GSE120805
ELANE,1,NA,GSE120805
RAB40C,-1,0.4391481759,GSE120805
PIGN,1,0.06326157556,GSE120805
COL4A6,-1,0.7136868023,GSE120805
ZNF624,-1,8.74E-05,GSE120805
ANKRD13C-DT,1,0.8257751706,GSE120805
RPS17P2,-1,0.6165356826,GSE120805
TOPORS,1,0.2707526256,GSE120805
BCO2,1,0.3712589267,GSE120805
ENTPD6,-1,0.3155668548,GSE120805
DMBX1,1,0.1659232488,GSE120805
ENPP1,1,0.9790549888,GSE120805
CCDC154,-1,0.8732855635,GSE120805
FAR1,-1,0.3246932768,GSE120805
CPLANE1,1,0.7563048124,GSE120805
ZNF841,-1,0.8222291905,GSE120805
MFAP5,-1,0.4326869298,GSE120805
MYH6,1,NA,GSE120805
ZNF615,-1,0.8304391212,GSE120805
EOLA1,-1,0.6130125854,GSE120805
CDC42SE1,1,0.05426669129,GSE120805
SERPINB2,1,0.6751579861,GSE120805
DPP4,-1,0.760124772,GSE120805
PDCD1LG2,-1,0.004036981363,GSE120805
ZNF433,-1,0.7760962825,GSE120805
DNAH10,1,0.9657407459,GSE120805
SPTAN1,1,0.8642226518,GSE120805
NMB,1,0.01157685309,GSE120805
PARVA,-1,0.8290965879,GSE120805
FAM114A1,-1,5.62E-07,GSE120805
RPE,1,0.9489120535,GSE120805
ZNF460,-1,0.6481777293,GSE120805
PHF2,1,0.917648413,GSE120805
RPS26,-1,0.04826206641,GSE120805
SLIRP-OT1,-1,NA,GSE120805
PSAP,1,0.5963959034,GSE120805
S100A10,-1,0.01446265497,GSE120805
CFAP43,1,0.0346219426,GSE120805
LHFPL5,-1,NA,GSE120805
RPL37A,-1,0.9657407459,GSE120805
HOXC6,-1,0.3738241057,GSE120805
TXNRD3,-1,0.9476664073,GSE120805
CFD,1,0.9037429255,GSE120805
STPG3,1,NA,GSE120805
MAP1LC3C,1,0.726412528,GSE120805
MCMBP,-1,0.167529564,GSE120805
EME2,1,0.3605808519,GSE120805
KLHDC1,1,7.96E-07,GSE120805
ZNF81,1,0.7182845295,GSE120805
TAF13,1,0.3487304194,GSE120805
ZNF780A,1,0.8304391212,GSE120805
ATAD3A,-1,0.01019012383,GSE120805
SIRAL1,-1,0.2740044252,GSE120805
ZNF461,1,0.386807716,GSE120805
CCDC180,1,0.006201102493,GSE120805
SLC9A8,-1,0.348088013,GSE120805
OCLN,-1,0.9484986572,GSE120805
CFAP299,-1,0.8389896077,GSE120805
H4C16,-1,1.53E-25,GSE120805
ZNF181,1,0.5467431886,GSE120805
INKA2,1,4.08E-09,GSE120805
ZNF44,1,0.7965445745,GSE120805
GPAA1,-1,0.8830353158,GSE120805
ADAMTSL2,1,0.9585252845,GSE120805
SGTB,1,0.9717481479,GSE120805
ZNF790,-1,0.9921603498,GSE120805
CYRIA,1,0.8650696266,GSE120805
MYO1C,-1,0.04801355241,GSE120805
MDS2,-1,NA,GSE120805
NKIRAS1,1,0.4205243127,GSE120805
UGT2B17,1,NA,GSE120805
MEIG1,1,0.23946737,GSE120805
KIF13B,1,1.19E-09,GSE120805
ADH5,-1,0.8223656137,GSE120805
H2BC12,-1,7.88E-20,GSE120805
TEAD4,-1,0.2136018672,GSE120805
SPG7,1,0.05426669129,GSE120805
LOC101930112,1,0.05426669129,GSE120805
HES5,1,0.08078364472,GSE120805
NBEAP2,-1,7.09E-05,GSE120805
ZNF677,-1,0.9622913854,GSE120805
ERO1A,-1,0.06736770227,GSE120805
ZNF823,-1,0.8907558158,GSE120805
CYYR1-AS1,-1,NA,GSE120805
ZNF311,1,0.009591699965,GSE120805
ZNF347,1,0.4851578623,GSE120805
PLCG2,1,0.6238192641,GSE120805
LOC105369213,1,0.6238192641,GSE120805
FCHSD1,1,0.9876394238,GSE120805
ZNF71,-1,0.6064361286,GSE120805
S100A6,-1,0.7532349555,GSE120805
RPL12,-1,0.3705803568,GSE120805
DNM3,1,0.1338020757,GSE120805
ZNF121,-1,0.0159756257,GSE120805
MPZL1,-1,0.5772669227,GSE120805
VPS13A,-1,0.4470534018,GSE120805
MBP,-1,0.03802347548,GSE120805
AKAP17A,1,0.9954685022,GSE120805
ELOVL2,-1,0.0009325678903,GSE120805
GOLGA6L9,-1,0.7106284866,GSE120805
LEKR1,1,0.000291975815,GSE120805
C1orf122,-1,0.9650865512,GSE120805
SNHG12,-1,0.4247074215,GSE120805
KEL,1,NA,GSE120805
NOL8,-1,0.3111354482,GSE120805
IRAK4,1,0.3756216892,GSE120805
ODAD3,1,4.96E-06,GSE120805
MRPL42,1,0.9875897876,GSE120805
ENTPD7,-1,0.07299146593,GSE120805
ZNF335,-1,0.06947111995,GSE120805
ZNF560,-1,0.3928832918,GSE120805
TUBA3C,-1,NA,GSE120805
RPS4X,-1,0.1534089296,GSE120805
ZNF273,-1,0.834124865,GSE120805
ZNF84,-1,0.5790714789,GSE120805
MAK16,-1,0.005138631,GSE120805
ZNF667,-1,0.8740621029,GSE120805
SIRPA,-1,0.1658100207,GSE120805
GRK6,1,0.8066659015,GSE120805
PRIM1,-1,0.7717593823,GSE120805
MARCHF5,1,0.08691411508,GSE120805
NPIPB13,-1,0.5393357414,GSE120805
AKR1B10,1,2.12E-12,GSE120805
ZBTB14,-1,3.15E-06,GSE120805
CD2AP,1,0.7263630566,GSE120805
NUP62CL,1,0.3712589267,GSE120805
SFI1,-1,0.8498830288,GSE120805
ZNF649,-1,0.23390468,GSE120805
ZNF248,1,0.4424677097,GSE120805
CHSY3,1,0.9876394238,GSE120805
TOR4A,1,0.389677352,GSE120805
LPAR1,-1,0.009296709364,GSE120805
MB,-1,0.9492080784,GSE120805
HIBCH,1,0.03289877888,GSE120805
ZNF544,-1,0.9664170343,GSE120805
TMEM229B,1,1.44E-10,GSE120805
SOWAHC,-1,0.0001209696314,GSE120805
ZNF770,-1,0.3598915243,GSE120805
ZNF849P,-1,0.3267641181,GSE120805
NPIPB6,-1,0.9589197089,GSE120805
HMGN5,1,0.1532865272,GSE120805
MIER1,-1,0.8700577184,GSE120805
MAN1A2,1,0.1023609779,GSE120805
SVIP,1,0.9525740497,GSE120805
ZNF251,1,0.9184018846,GSE120805
DDRGK1,1,0.7062736761,GSE120805
TFDP1,-1,0.00016613059,GSE120805
ZNF607,-1,0.003891104464,GSE120805
ZNF334,1,NA,GSE120805
HSD17B11,1,2.49E-06,GSE120805
SZT2,-1,0.9841794941,GSE120805
SULT1C2,-1,NA,GSE120805
ZXDA,1,0.842187704,GSE120805
RPS6KL1,1,0.001186438788,GSE120805
QRICH1,-1,0.8987733087,GSE120805
LINC01558,1,0.8804875337,GSE120805
FKBP1C,-1,0.5098109966,GSE120805
DDX42,-1,0.3646834584,GSE120805
RPL23A,-1,0.2396042404,GSE120805
SLC29A3,-1,0.7657361618,GSE120805
STYX,-1,0.7856610662,GSE120805
UBL5,-1,0.9126580812,GSE120805
HELZ,1,0.9800420599,GSE120805
TMEM116,1,0.0002841221416,GSE120805
UCKL1,1,0.5652123552,GSE120805
CARD11,1,0.8129484712,GSE120805
ZNF485,-1,0.0009704219671,GSE120805
PEG3,1,NA,GSE120805
SDAD1,-1,0.1286773417,GSE120805
ZKSCAN8,1,0.7741906147,GSE120805
PHETA1,1,0.06915835526,GSE120805
TMEM239,-1,NA,GSE120805
HYLS1,1,1.64E-07,GSE120805
MYL4,-1,0.9801010023,GSE120805
ZNF442,-1,0.7016501559,GSE120805
ZNF813,-1,0.7016501559,GSE120805
HOXC4,1,0.9007911422,GSE120805
PIM3,1,0.03530014365,GSE120805
GET3,1,0.4360692812,GSE120805
ASPH,-1,0.7594642946,GSE120805
SPRED2,1,0.9430296506,GSE120805
WWP2,-1,0.8847442435,GSE120805
GFPT1,1,0.2827255487,GSE120805
UVRAG,1,0.0001225877616,GSE120805
ZNF26,-1,0.239347513,GSE120805
ITSN2,1,0.0001750264492,GSE120805
NTRK1,1,0.02070049112,GSE120805
OGA,1,0.1387102866,GSE120805
MT1F,1,0.6936493712,GSE120805
TCAF1,1,0.6778873142,GSE120805
ZNF69,-1,0.3297066988,GSE120805
TXNRD1,1,0.6363555446,GSE120805
NRARP,-1,0.884559204,GSE120805
ZNF583,1,0.3966910953,GSE120805
ZNF568,-1,0.9562853607,GSE120805
ZXDB,1,0.993188372,GSE120805
ZNF480,-1,0.6407466885,GSE120805
ZNF587,-1,0.2943236201,GSE120805
TPM2,-1,0.1447832117,GSE120805
FLVCR1-DT,1,0.1814166905,GSE120805
SH3BGRL2,-1,0.002310194106,GSE120805
ZNF808,-1,0.5847438824,GSE120805
ANKRD35,1,0.02401102352,GSE120805
B3GNT6,1,NA,GSE120805
YTHDF2,-1,0.1180381925,GSE120805
NBR2,1,0.8447312454,GSE120805
TMA16,-1,0.5228384075,GSE120805
ATL1,1,0.5338299736,GSE120805
CNGA1,1,3.79E-05,GSE120805
MAFK,1,0.8217322509,GSE120805
ARMH1,1,0.0005120808267,GSE120805
ZNF43,-1,0.9469076172,GSE120805
GPN1,-1,0.1266634173,GSE120805
PLN,1,NA,GSE120805
C2CD4A,1,NA,GSE120805
ZNF28,-1,0.99486317,GSE120805
ITGBL1,-1,0.01473262128,GSE120805
ZNF511,-1,0.6668013032,GSE120805
C20orf203,-1,NA,GSE120805
ZNF627,-1,0.917648413,GSE120805
KCNRG,1,0.441164881,GSE120805
WDHD1,1,0.9597452734,GSE120805
ZNF789,1,7.56E-07,GSE120805
CTNND1,-1,0.8739630887,GSE120805
DDX39B,-1,0.7236457439,GSE120805
SLC34A3,1,NA,GSE120805
SPANXC,-1,0.9446584103,GSE120805
ARC,1,0.9008359226,GSE120805
NUDT16,-1,0.8241084048,GSE120805
TLK1,1,0.4986021916,GSE120805
LRBA,1,0.008544115173,GSE120805
APRG1,-1,0.7991347207,GSE120805
ZNF536,1,NA,GSE120805
MMP17,-1,1.85E-06,GSE120805
BAZ1A,1,0.2297384067,GSE120805
COPS8,1,0.208533257,GSE120805
CCDC69,1,7.01E-12,GSE120805
MDM4,-1,0.9234518135,GSE120805
RYR2,1,0.8792864838,GSE120805
ZNF534,-1,0.9374527312,GSE120805
KLHL9,-1,0.9202200065,GSE120805
FAM3D,-1,NA,GSE120805
NCOA6,-1,0.9297675392,GSE120805
STK39,-1,0.4499825227,GSE120805
C6orf89,1,9.30E-13,GSE120805
CALM1,-1,0.001118706961,GSE120805
TAFA2,1,0.02684956174,GSE120805
SKIC3,1,0.9479598797,GSE120805
TUSC1,-1,0.5518058478,GSE120805
PAPSS2,-1,0.01374553304,GSE120805
SLC9A6,1,0.9191040621,GSE120805
FAN1,1,0.9947404445,GSE120805
ABCA4,-1,0.1068067288,GSE120805
EIF1AY,1,0.7429069779,GSE120805
MT-ND6,-1,0.9007911422,GSE120805
IPO9,-1,0.9232500421,GSE120805
CEP290,1,0.1320118255,GSE120805
SSBP3-AS1,-1,NA,GSE120805
MT-CO2,-1,0.7921933905,GSE120805
GLMP,1,0.00281754561,GSE120805
TOGARAM1,1,5.96E-06,GSE120805
DLL1,1,0.3926648999,GSE120805
ANKRD13B,-1,0.2135708262,GSE120805
ECI2,-1,0.07343924183,GSE120805
UNC13B,1,0.0006298724235,GSE120805
SAXO5,-1,NA,GSE120805
MT-CYB,-1,0.7693497331,GSE120805
LDB1,1,0.002230017192,GSE120805
PPP1R14C,-1,0.5141402893,GSE120805
CTR9,-1,0.4567194914,GSE120805
SMOC1,1,0.1993288543,GSE120805
MSRB1,1,0.7720831452,GSE120805
LRRTM3,-1,NA,GSE120805
ZNF652,-1,0.9263185175,GSE120805
SMURF1,-1,0.8116916497,GSE120805
SLC5A3,1,0.4206904752,GSE120805
MTCO3P12,-1,NA,GSE120805
GPATCH3,-1,0.9272238729,GSE120805
CDC42BPB,-1,0.5834170332,GSE120805
PLXNB3,1,0.7360474994,GSE120805
OXCT2,1,0.9879273894,GSE120805
RPL10A,-1,0.8366825178,GSE120805
COLGALT2,-1,0.09018772045,GSE120805
EPS8L3,1,NA,GSE120805
MT-ND2,-1,0.8913230447,GSE120805
APCDD1L,-1,0.4269936974,GSE120805
RCSD1,1,0.9859087336,GSE120805
RASSF9,-1,0.4476846366,GSE120805
FAM169A,1,4.23E-07,GSE120805
ZNF830,-1,0.8300008897,GSE120805
MT-ND5,-1,0.814217566,GSE120805
MUC2,1,NA,GSE120805
CNOT7,1,0.9708470646,GSE120805
TMEM184B,-1,0.9711575346,GSE120805
MTOR,1,0.04441410607,GSE120805
SCAMP5,1,0.03729832327,GSE120805
ZNF521,-1,NA,GSE120805
ALPK2,-1,4.19E-07,GSE120805
LRIG2,1,0.7528932773,GSE120805
MT-CO1,-1,0.609775357,GSE120805
PNP,-1,0.3553066962,GSE120805
GK,-1,0.8178142705,GSE120805
FOXJ3,-1,0.8122979042,GSE120805
ZNF358,1,0.9281419165,GSE120805
SFT2D1,1,0.03060896035,GSE120805
CD247,-1,0.0002959212663,GSE120805
CHAMP1,-1,0.8682930963,GSE120805
INPP5F,-1,0.1616766701,GSE120805
ARHGAP11A,1,0.06174552144,GSE120805
SUCNR1,1,NA,GSE120805
HMGN2,1,0.4402652099,GSE120805
SELENOM,1,0.7732649528,GSE120805
UBE2J1,-1,0.4747474581,GSE120805
GJC2,1,0.0265373434,GSE120805
OPA1,-1,0.9769457222,GSE120805
DENND4B,-1,0.4628117167,GSE120805
RYR3,-1,0.5676463336,GSE120805
ZNF277,1,0.8225768821,GSE120805
MT-ND3,-1,0.9585252845,GSE120805
KTI12,-1,0.006100657474,GSE120805
STYXL2,1,0.05993052532,GSE120805
SELENOT,1,0.6096671752,GSE120805
ARHGEF15,1,0.6856248144,GSE120805
TOX,1,0.1450005281,GSE120805
RUSC2,-1,0.7550189628,GSE120805
FICD,1,1.37E-05,GSE120805
OSTC,-1,0.3919064157,GSE120805
R3HDM4,-1,0.3841978756,GSE120805
TSEN15,-1,0.4380988276,GSE120805
LTN1,1,0.9704790674,GSE120805
RUNDC1,-1,0.8063477195,GSE120805
CCDC152,1,0.007422122387,GSE120805
STKLD1,1,0.9472304225,GSE120805
GRK5,1,0.3419181572,GSE120805
TYW1,-1,0.9947988005,GSE120805
DCAF12,1,0.9020708622,GSE120805
ITPRIPL1,-1,0.0009111657094,GSE120805
MT-ND4,-1,0.8479539799,GSE120805
SMC5,-1,0.7743223145,GSE120805
MT-ND1,-1,0.844921444,GSE120805
PRMT6,-1,0.00547131422,GSE120805
SHISA4,1,0.05143398796,GSE120805
CIPC,1,0.7312100186,GSE120805
CAPZA2,1,0.9919039998,GSE120805
MT-ATP6,-1,0.8297064542,GSE120805
TOP1,1,0.2379159075,GSE120805
PRC1,1,5.62E-07,GSE120805
GPRASP3,1,0.09071720298,GSE120805
MAP3K3,1,0.0002408851772,GSE120805
L1CAM,-1,0.0004527500887,GSE120805
SREBF2,-1,0.01117886225,GSE120805
C1orf174,-1,1.69E-05,GSE120805
RASGEF1A,-1,0.8907558158,GSE120805
SPOUT1,-1,0.29483562,GSE120805
RPL39,-1,0.6483094718,GSE120805
DZIP3,1,4.04E-24,GSE120805
KIAA0753,-1,0.9046377739,GSE120805
DCLRE1A,1,0.8667682638,GSE120805
ATG9A,1,0.9416652771,GSE120805
NOS1AP,1,0.7537379411,GSE120805
APRT,-1,0.1918302577,GSE120805
GPRASP1,1,0.3642527145,GSE120805
TBKBP1,-1,0.9906667057,GSE120805
CCDC167,-1,0.6561912828,GSE120805
MT-CO3,-1,0.5534571947,GSE120805
ZFP2,-1,0.7860352718,GSE120805
SOWAHA,1,0.3381474633,GSE120805
L3MBTL3,-1,0.4218317641,GSE120805
DMD,-1,2.04E-11,GSE120805
MFAP3L,-1,0.6546333882,GSE120805
LOC101928198,-1,0.6546333882,GSE120805
NAGA,-1,0.494925329,GSE120805
SMG5,1,0.9278196672,GSE120805
KIFBP,-1,0.5575201066,GSE120805
TGM2,-1,0.003573265018,GSE120805
ARMCX6,-1,0.2778391713,GSE120805
PJA2,1,0.8670566231,GSE120805
RORB,1,NA,GSE120805
SGMS1,-1,0.8371049897,GSE120805
MIRLET7E,-1,NA,GSE120805
MIR30E,-1,NA,GSE120805
MIRLET7A2,1,NA,GSE120805
MIR380,-1,NA,GSE120805
MIR16-2,1,0.2627804805,GSE120805
MIR370,-1,NA,GSE120805
MIR412,-1,NA,GSE120805
MIR377,-1,0.5308402891,GSE120805
MIR381,-1,0.8082500662,GSE120805
MIR339,-1,NA,GSE120805
MIR103A2,1,NA,GSE120805
MIR369,1,NA,GSE120805
MIRLET7C,-1,NA,GSE120805
MIR425,1,NA,GSE120805
MIR103A1,1,NA,GSE120805
MIR219A1,-1,NA,GSE120805
MIR210,-1,0.742099871,GSE120805
MIR335,-1,0.8103031978,GSE120805
MIR361,1,NA,GSE120805
MIR324,-1,0.8044468373,GSE120805
MIR101-2,-1,NA,GSE120805
MIRLET7F1,1,0.9920076369,GSE120805
MIR26A1,1,NA,GSE120805
MIR379,1,NA,GSE120805
MIR410,-1,0.6149089651,GSE120805
MIR30C2,-1,0.9695530507,GSE120805
MIR409,1,NA,GSE120805
MIR411,1,NA,GSE120805
MIR26B,1,0.9673918995,GSE120805
MIR148B,-1,NA,GSE120805
MIR365A,-1,NA,GSE120805
MIRLET7D,-1,0.4896127867,GSE120805
MIRLET7G,-1,NA,GSE120805
MIRLET7A1,1,0.9623059617,GSE120805
MIR374A,1,0.9005958716,GSE120805
MIR331,-1,NA,GSE120805
MIRLET7I,1,0.7943746546,GSE120805
RN7SKP72,-1,0.6174641176,GSE120805
RNA5SP289,-1,NA,GSE120805
LOC124900488,-1,NA,GSE120805
RNU6-834P,-1,NA,GSE120805
RNU6-28P,1,NA,GSE120805
SNORA60,1,0.9456519505,GSE120805
RNA5SP26,1,0.9632744347,GSE120805
RNU6-661P,-1,NA,GSE120805
RNU6-502P,-1,NA,GSE120805
RNU6-858P,-1,NA,GSE120805
RNU4-82P,-1,NA,GSE120805
RNU4-39P,1,NA,GSE120805
RNU6-230P,-1,NA,GSE120805
RNU6-204P,1,NA,GSE120805
RNU5E-1,-1,0.7701772655,GSE120805
RNU5F-1,-1,0.9469076172,GSE120805
SNORD114-7,1,0.9905401297,GSE120805
RNY4P19,1,NA,GSE120805
LOC124902338,-1,NA,GSE120805
SNORD9,1,0.514943866,GSE120805
RNU6-1216P,-1,NA,GSE120805
SNORA31,-1,0.9920076369,GSE120805
RNU6-212P,1,NA,GSE120805
RNA5SP195,-1,0.891038896,GSE120805
RNU6-37P,-1,NA,GSE120805
RNU5A-1,1,0.7974085977,GSE120805
SNORD114-1,-1,0.1176596536,GSE120805
SNORD114-14,1,0.8992527624,GSE120805
RNU6-951P,1,NA,GSE120805
RNU6-1272P,-1,NA,GSE120805
RNU6-1266P,1,NA,GSE120805
RNU4-21P,-1,NA,GSE120805
RNU6-862P,1,0.1087996918,GSE120805
RN7SKP185,1,0.3289785783,GSE120805
RNU6-446P,-1,0.5649370337,GSE120805
RNU4-23P,1,0.5643126647,GSE120805
RNU6-1079P,-1,0.960207993,GSE120805
SNORD104,-1,0.4973705437,GSE120805
SNORA80C,-1,NA,GSE120805
RNY3P2,1,NA,GSE120805
SNORD114-5,1,0.9929742233,GSE120805
RNA5SP383,-1,NA,GSE120805
RNU1-134P,1,0.825275846,GSE120805
RNU1-72P,1,0.7229483227,GSE120805
LOC124901506,-1,NA,GSE120805
RNU6-490P,1,0.9448575365,GSE120805
LOC124904381,-1,NA,GSE120805
RNU6-942P,-1,0.9979902268,GSE120805
RNA5SP452,1,NA,GSE120805
RNVU1-22,1,0.02173505596,GSE120805
RNU6-249P,1,NA,GSE120805
SNORD114-16,-1,0.8860692352,GSE120805
RNU1-18P,-1,NA,GSE120805
RNY1P16,1,0.6089406483,GSE120805
RN7SKP75,-1,0.9156386425,GSE120805
SNORD114-19,-1,NA,GSE120805
SNORD1B,-1,0.6731881972,GSE120805
LOC124904362,-1,0.8851953727,GSE120805
VTRNA1-1,-1,0.8389896077,GSE120805
RNU6-986P,1,NA,GSE120805
LOC124900277,1,NA,GSE120805
RN7SKP115,-1,NA,GSE120805
LOC124900399,1,0.7694560933,GSE120805
RNU4-80P,1,0.9517595009,GSE120805
LOC124900265,-1,0.7952274077,GSE120805
RNU6-433P,-1,0.4556282789,GSE120805
SNORA73B,-1,0.890200887,GSE120805
SNORD114-31,1,NA,GSE120805
RNU6-181P,1,NA,GSE120805
RNU6-251P,1,NA,GSE120805
LOC124903418,1,0.8589285493,GSE120805
RN7SKP231,1,0.7237848951,GSE120805
RNU5B-1,1,0.9410758746,GSE120805
RNU5D-1,1,0.9605337147,GSE120805
RNU6-1309P,1,NA,GSE120805
RNU1-19P,-1,NA,GSE120805
RNU6-238P,1,NA,GSE120805
RNU1-20P,1,NA,GSE120805
SNORD113-6,-1,0.5777507992,GSE120805
RNU6-529P,-1,NA,GSE120805
RNU6-97P,1,NA,GSE120805
SNORD114-10,-1,0.1078438493,GSE120805
RNU6-485P,1,0.2124752635,GSE120805
RNU6-1285P,1,0.4359185955,GSE120805
SNORA71D,-1,0.9707034122,GSE120805
SNORD113-8,-1,0.972390191,GSE120805
RNU5E-10P,-1,NA,GSE120805
SNORA38B,-1,0.9660897842,GSE120805
RNU6-1099P,-1,0.6735230385,GSE120805
SNORD114-23,-1,0.9907972763,GSE120805
RNA5-8SP2,1,NA,GSE120805
LOC124907486,1,NA,GSE120805
LOC124908528,1,NA,GSE120805
RNU6-1112P,-1,NA,GSE120805
RN7SKP44,1,0.9760391482,GSE120805
SNORD114-28,-1,0.6721624344,GSE120805
RNU6-1214P,-1,NA,GSE120805
RNU6-1209P,1,0.809445291,GSE120805
RNU6-1331P,1,NA,GSE120805
SNORA33,-1,0.5983500941,GSE120805
RNU6-137P,1,0.7806609279,GSE120805
RNU6-640P,1,NA,GSE120805
RNU6-1284P,1,NA,GSE120805
RNU6-414P,-1,NA,GSE120805
RNVU1-33,-1,0.9110585514,GSE120805
SNORD114-11,1,0.9960939277,GSE120805
SNORD114-25,1,0.7973718515,GSE120805
SNORD113-7,1,NA,GSE120805
SNORD114-27,-1,0.9790436945,GSE120805
SNORD116-10,1,NA,GSE120805
RN7SKP174,1,0.09473408093,GSE120805
RN7SKP160,1,0.84800341,GSE120805
RNU6-379P,1,NA,GSE120805
RNU6-674P,-1,NA,GSE120805
RN7SKP103,1,NA,GSE120805
RNU6-271P,-1,NA,GSE120805
RNU1-124P,-1,0.4432956188,GSE120805
LOC124900239,1,NA,GSE120805
RNA5SP68,1,NA,GSE120805
RN7SKP113,-1,NA,GSE120805
SNORD8,1,0.5858904415,GSE120805
SNORA80A,1,0.972948578,GSE120805
RN7SKP250,1,NA,GSE120805
RNU4-1,1,0.95432123,GSE120805
SNORA38,-1,0.9301785725,GSE120805
SNORD114-2,-1,0.4391481759,GSE120805
RN7SKP134,-1,NA,GSE120805
RNU6-82P,-1,0.8418659134,GSE120805
SNORD14E,-1,0.4630043527,GSE120805
RNU6-681P,-1,0.517210448,GSE120805
RNU6-598P,-1,NA,GSE120805
SNORD46,-1,0.535986162,GSE120805
SNORA74A,-1,0.9410758746,GSE120805
RNU5A-8P,-1,0.8304391212,GSE120805
RNVU1-34,1,0.5779623855,GSE120805
LOC124900179,-1,NA,GSE120805
LOC124900439,-1,0.7111317928,GSE120805
RN7SKP107,1,NA,GSE120805
LOC124903417,1,0.991463503,GSE120805
RNU6-268P,-1,NA,GSE120805
RNU4-51P,-1,NA,GSE120805
RNU6-188P,1,0.5629386784,GSE120805
RNU6-173P,1,NA,GSE120805
RNY1,-1,0.8935225789,GSE120805
RNU6-11P,-1,NA,GSE120805
RNY1P12,-1,0.979135725,GSE120805
SNORA58B,-1,NA,GSE120805
LOC124900460,-1,NA,GSE120805
RN7SKP10,-1,0.5891707029,GSE120805
RNU4-36P,1,NA,GSE120805
RNU6-853P,1,0.6944247329,GSE120805
RNU6-670P,1,0.6486964508,GSE120805
RNVU1-3,1,0.529276745,GSE120805
RNU4-68P,-1,NA,GSE120805
RN7SKP118,1,0.5799310755,GSE120805
RNU4-40P,-1,NA,GSE120805
RNU6-1305P,-1,0.5793664185,GSE120805
SNORA63D,1,0.491823467,GSE120805
SNORD114-9,-1,NA,GSE120805
SNORD114-13,-1,0.9417934121,GSE120805
SNORD114-6,-1,0.9962834372,GSE120805
SNORD73B,1,0.8782601229,GSE120805
RN7SKP171,1,NA,GSE120805
RN7SKP76,1,NA,GSE120805
SNORA65,-1,0.0857281381,GSE120805
RN7SKP227,1,0.4160251439,GSE120805
RNU4-59P,1,NA,GSE120805
SNORD114-30,-1,NA,GSE120805
RN7SKP37,-1,NA,GSE120805
RNU6-522P,-1,0.7567694027,GSE120805
LOC124900346,1,0.9039670532,GSE120805
RNY4P23,1,0.006537782737,GSE120805
SNORA68B,-1,NA,GSE120805
RNA5SP141,1,NA,GSE120805
RNU4-24P,1,0.9243097174,GSE120805
RNU6-646P,1,NA,GSE120805
SNORA63C,1,NA,GSE120805
SNORA55,1,0.8859432095,GSE120805
RNA5SP379,1,NA,GSE120805
RNY4P7,1,NA,GSE120805
RN7SKP275,-1,NA,GSE120805
RNU6-312P,-1,0.7697839431,GSE120805
LOC124903419,1,0.2448291372,GSE120805
SNORA71C,-1,0.6815764668,GSE120805
RNA5SP513,-1,NA,GSE120805
LOC124900419,1,NA,GSE120805
SNORA16B,-1,NA,GSE120805
RNU4-85P,-1,NA,GSE120805
SNORD114-15,-1,NA,GSE120805
RNVU1-6,-1,0.5905150002,GSE120805
RN7SKP50,-1,0.8856198755,GSE120805
SNORD114-17,1,0.8451507538,GSE120805
RNU1-93P,1,NA,GSE120805
RNU6-343P,1,0.8277192473,GSE120805
RNU6-593P,-1,0.979539536,GSE120805
RNU1-91P,-1,0.5499481625,GSE120805
RNU6-621P,-1,NA,GSE120805
RNU6-923P,-1,0.4391481759,GSE120805
SNORA14A,-1,0.9685455126,GSE120805
RNY4P34,-1,NA,GSE120805
RNU6-7,-1,0.9551404246,GSE120805
RNU6-60P,1,NA,GSE120805
RN7SKP6,1,NA,GSE120805
SNORD113-4,-1,0.4361920022,GSE120805
RN7SKP239,1,0.804544911,GSE120805
SNORD114-29,1,NA,GSE120805
SNORD113-3,-1,0.6607151191,GSE120805
LOC124903420,-1,0.2036100222,GSE120805
RNA5SP479,1,NA,GSE120805
RNU6-828P,-1,NA,GSE120805
RNU6-534P,-1,NA,GSE120805
RN7SKP55,1,0.3972596862,GSE120805
RNU6-336P,-1,NA,GSE120805
SNORA5C,-1,0.5333041653,GSE120805
RN7SKP226,1,NA,GSE120805
SNORD117,1,0.8826640448,GSE120805
RN7SKP9,1,0.7960946208,GSE120805
RN7SKP130,1,NA,GSE120805
RNU5E-4P,-1,0.5282316766,GSE120805
RNU4-9P,-1,0.5549417602,GSE120805
SNORD48,1,0.4843237553,GSE120805
SNORD114-3,-1,0.8761208124,GSE120805
LOC124900183,-1,NA,GSE120805
RN7SKP178,-1,0.7591807264,GSE120805
RN7SKP153,-1,NA,GSE120805
SNORD114-24,-1,0.879041159,GSE120805
RN7SKP48,1,0.675671108,GSE120805
RNA5SP363,1,NA,GSE120805
LOC124900423,-1,0.9558717812,GSE120805
SNORD113-9,-1,0.8995523354,GSE120805
RN7SKP22,1,NA,GSE120805
SNORA23,1,0.8685729697,GSE120805
RNA5SP428,-1,NA,GSE120805
SNORD38A,1,0.5787440969,GSE120805
SNORD114-20,1,0.6506820219,GSE120805
RN7SKP80,-1,0.502204397,GSE120805
VTRNA1-2,-1,NA,GSE120805
RNU6-302P,1,NA,GSE120805
RNY4P3,-1,NA,GSE120805
RNU1-100P,1,0.9207492389,GSE120805
SNORD114-18,1,NA,GSE120805
RNU6-407P,1,0.6065586551,GSE120805
RNU6-1283P,-1,NA,GSE120805
SNORA30B,-1,NA,GSE120805
SNORD113-1,1,0.8209133446,GSE120805
RN7SK,1,0.4230828548,GSE120805
RNU1-51P,1,NA,GSE120805
RNU6-396P,-1,NA,GSE120805
RN7SKP186,1,0.8389057494,GSE120805
SNORD114-12,-1,NA,GSE120805
SNORD114-22,1,NA,GSE120805
RNY3P12,-1,NA,GSE120805
SNORD6,-1,0.8304391212,GSE120805
RNU6-8,1,0.6973763646,GSE120805
LOC124901526,1,0.4654506632,GSE120805
RNU1-16P,1,0.9456519505,GSE120805
RNY3,-1,NA,GSE120805
RNU6-652P,1,0.5002312599,GSE120805
LOC124900175,-1,NA,GSE120805
RN7SKP292,-1,0.6338200337,GSE120805
RN7SKP1,1,0.9852425463,GSE120805
SNORD82,1,0.4440721565,GSE120805
RNVU1-21,-1,0.8030203747,GSE120805
RN7SKP81,-1,0.2201017479,GSE120805
RNA5SP283,-1,NA,GSE120805
VTRNA1-3,1,0.9777400029,GSE120805
RNU4-2,1,0.90291767,GSE120805
MIR539,1,NA,GSE120805
MIR421,-1,0.6107564443,GSE120805
TDRKH-AS1,1,2.59E-05,GSE120805
ZNF525,-1,0.8103796132,GSE120805
LINC01562,1,NA,GSE120805
INF2,-1,0.4326869298,GSE120805
HMGB1P39,-1,0.4690273746,GSE120805
IQANK1,1,0.746168889,GSE120805
RBMS3-AS2,1,NA,GSE120805
OR1F2P,1,NA,GSE120805
LINC00501,1,NA,GSE120805
OR2L2,-1,NA,GSE120805
DRC8,1,0.01368047516,GSE120805
COX20,-1,0.007645118491,GSE120805
CHML,-1,0.01085010055,GSE120805
OPN3,-1,0.01085010055,GSE120805
IBA57-DT,-1,0.8464634733,GSE120805
CAPN8,1,NA,GSE120805
TATDN3,-1,0.5724944917,GSE120805
CR1,-1,0.7355777958,GSE120805
LINC02901,-1,0.7165962949,GSE120805
LINC00862,-1,0.152051473,GSE120805
RAET1G,1,0.04740720095,GSE120805
C1orf53,1,0.1624651926,GSE120805
SAMD5,1,0.9418844087,GSE120805
ECT2L,-1,NA,GSE120805
GPR52,-1,0.7682405135,GSE120805
PRDX6-AS1,-1,0.7287122146,GSE120805
TMEM244,1,NA,GSE120805
CENPW,1,0.6517444223,GSE120805
FAM229B,1,0.2027880118,GSE120805
FANK1,1,0.001388035686,GSE120805
KPRP,-1,0.3795590539,GSE120805
EEF1AKMT2,1,0.01360480584,GSE120805
DDO,1,0.1100950219,GSE120805
CCDC162P,1,NA,GSE120805
LINC00222,1,NA,GSE120805
PLPP4,-1,4.78E-12,GSE120805
POPDC1-AS1,1,0.6599133558,GSE120805
H2BC18,-1,5.22E-17,GSE120805
ATP1A1-AS1,1,2.67E-08,GSE120805
RBM20,1,0.9771743086,GSE120805
C6orf163,-1,0.7273390209,GSE120805
SNHG5,-1,0.04242339234,GSE120805
ADD3-AS1,1,0.8411698527,GSE120805
GDI1,-1,0.9410758746,GSE120805
PCMTD2,1,3.20E-05,GSE120805
SOX18,-1,0.8772456876,GSE120805
LIME1,1,0.8961259007,GSE120805
SPATA42,1,NA,GSE120805
OOEP,-1,0.870852616,GSE120805
HSP90B3P,-1,0.3858111506,GSE120805
LINC00632,-1,0.0391641125,GSE120805
C10orf62,1,0.5675366557,GSE120805
SAMD13,1,0.4566892453,GSE120805
RTL8A,-1,0.3638810455,GSE120805
CCDC160,-1,NA,GSE120805
EFCAB7,1,0.004269354919,GSE120805
LDLRAD1,1,NA,GSE120805
ARRDC1-AS1,1,0.8243432988,GSE120805
ZYG11A,-1,0.7012536413,GSE120805
LINC01270,1,2.83E-08,GSE120805
C1orf185,-1,NA,GSE120805
IFIT1B,1,NA,GSE120805
TRPC5OS,-1,NA,GSE120805
LRRC73,1,0.0001156021416,GSE120805
LOC124900275,1,0.4230110883,GSE120805
FOXO6,1,0.9589197089,GSE120805
TCEAL5,-1,NA,GSE120805
SYS1,-1,0.2781274386,GSE120805
INPP5B,-1,0.0229963384,GSE120805
RPA4,-1,0.3139323552,GSE120805
TDRG1,-1,NA,GSE120805
MAFB,1,0.7337842624,GSE120805
TRAF3IP1,1,0.4448704949,GSE120805
CHIC1,1,0.8297555855,GSE120805
LOC100287792,-1,NA,GSE120805
GIGYF2,1,0.709837823,GSE120805
C2orf72,-1,0.9997326306,GSE120805
RUFY2,1,0.4566892453,GSE120805
NHSL2,-1,0.4107102507,GSE120805
PHACTR4,-1,0.879041159,GSE120805
ASAH2B,1,0.003089294512,GSE120805
AGAP6,-1,0.2600032074,GSE120805
TIMM23B,-1,0.7965445745,GSE120805
ZDHHC18,1,0.9622913854,GSE120805
TMEM273,-1,NA,GSE120805
AGAP9,1,0.8689377083,GSE120805
NPY4R,-1,NA,GSE120805
GPRIN2,-1,0.4598549797,GSE120805
SYT15,-1,0.09766217348,GSE120805
MACO1,-1,0.8853252014,GSE120805
PTPN20,1,0.01537457635,GSE120805
ZDBF2,1,0.02089438302,GSE120805
DAXX,-1,5.69E-06,GSE120805
SMIM40,-1,5.69E-06,GSE120805
BMPR2,-1,0.9707887734,GSE120805
TCEA3,1,1.16E-13,GSE120805
PFDN6,-1,0.1008330597,GSE120805
RING1,1,0.5667423409,GSE120805
HSD17B8,-1,0.2659193185,GSE120805
RXRB,-1,0.7267625587,GSE120805
OXLD1,1,0.5927501656,GSE120805
LINC02731,-1,0.8904508311,GSE120805
COL11A2,1,0.7850233497,GSE120805
HLA-DOA,1,0.5996839295,GSE120805
BRD2,-1,0.7111317928,GSE120805
HLA-DMA,1,0.102286074,GSE120805
PSMB8-AS1,1,0.02048255594,GSE120805
COL5A2,-1,6.66E-05,GSE120805
PSMB8,1,0.09118781163,GSE120805
TAP2,-1,0.001692098488,GSE120805
SPIN3,1,0.3749229934,GSE120805
NBDY,-1,0.7877657973,GSE120805
COL15A1,-1,1.10E-11,GSE120805
NOTCH4,1,0.005267163719,GSE120805
PBX2,-1,0.9236368564,GSE120805
AGER,-1,0.7018966806,GSE120805
RNF5,1,0.1325572314,GSE120805
AGPAT1,-1,0.9716425794,GSE120805
PJVK,1,0.1255013907,GSE120805
PRRT1,1,0.983613016,GSE120805
LOC100507547,1,0.983613016,GSE120805
FKBPL,1,0.9348647784,GSE120805
MRPL38,-1,0.7567694027,GSE120805
SMIM5,1,0.8380067316,GSE120805
ERICH2,1,NA,GSE120805
WHR1,1,0.4472092768,GSE120805
DXO,-1,0.503314955,GSE120805
SKIC2,1,0.8115377455,GSE120805
NELFE,-1,0.3402113353,GSE120805
NXPE2,-1,NA,GSE120805
LINC02783,1,0.3475327747,GSE120805
ZBTB12,-1,0.7705583461,GSE120805
SDHD,1,0.834124865,GSE120805
EHMT2,1,0.9242650872,GSE120805
PKP4-AS1,-1,NA,GSE120805
LAYN,-1,0.04537362734,GSE120805
SLC44A4,1,0.03957595047,GSE120805
NEU1,1,3.42E-21,GSE120805
SNHG32,-1,0.9108306243,GSE120805
HSPA1B,-1,0.5360130631,GSE120805
HSPA1A,-1,0.8312829036,GSE120805
HSPA1L,-1,0.008361710213,GSE120805
LSM2,-1,0.007441588836,GSE120805
VARS1,-1,0.0005235973707,GSE120805
VWA7,1,0.0121894352,GSE120805
CARD16,1,0.3555491505,GSE120805
MBD5,1,0.8611143121,GSE120805
MSH5,-1,0.9122673322,GSE120805
LY6G6C,-1,NA,GSE120805
ABHD16A,1,0.3446457571,GSE120805
LY6G5C,1,0.979687103,GSE120805
CSNK2B,-1,0.7433751106,GSE120805
GPANK1,1,0.9096701176,GSE120805
C6orf47,1,0.02344973152,GSE120805
NALF1,-1,0.8534851281,GSE120805
APOM,1,0.5431285669,GSE120805
LINC02872,1,0.546461021,GSE120805
BAG6,-1,0.8988170072,GSE120805
PRRC2A,-1,0.9479598797,GSE120805
AIF1,1,NA,GSE120805
NCR3,1,0.6064387739,GSE120805
LST1,1,0.2168489408,GSE120805
NFKBIL1,1,0.7038313158,GSE120805
ZNF814,-1,0.4566892453,GSE120805
MICB,1,5.13E-11,GSE120805
ZNF551,-1,0.2409132173,GSE120805
MICA,1,0.6607151191,GSE120805
ZNF805,1,0.8918628448,GSE120805
HLA-C,1,0.8516905414,GSE120805
POU5F1,-1,0.9112811834,GSE120805
CCHCR1,1,0.09033443192,GSE120805
PSORS1C2,1,NA,GSE120805
CDSN,1,NA,GSE120805
PSORS1C1,-1,0.802629971,GSE120805
C6orf15,1,NA,GSE120805
DHX16,1,0.7273799188,GSE120805
C6orf136,-1,0.7947152792,GSE120805
MRPS18B,-1,0.02254061764,GSE120805
PPP1R10,-1,0.9032078876,GSE120805
ABCF1,-1,0.8426700508,GSE120805
PRR3,-1,0.2686321248,GSE120805
LILRB3,1,NA,GSE120805
LOC102725035,1,NA,GSE120805
LOC107987425,1,NA,GSE120805
LOC107987462,1,NA,GSE120805
DDR1,1,4.60E-10,GSE120805
ACOXL-AS1,1,NA,GSE120805
LRCOL1,1,NA,GSE120805
LINC01123,-1,0.5828013324,GSE120805
GNL1,1,0.1062818242,GSE120805
HLA-E,1,4.59E-05,GSE120805
TRIM39,-1,0.8762347397,GSE120805
ZNF468,-1,0.8966766956,GSE120805
TRIM15,1,NA,GSE120805
ZNF616,-1,0.04133666039,GSE120805
TRIM10,1,0.06204381294,GSE120805
TRIM31,1,NA,GSE120805
RNF39,-1,NA,GSE120805
PPP1R11,-1,0.8571543378,GSE120805
POLR1HASP,1,7.59E-10,GSE120805
DISP3,1,NA,GSE120805
HCG9,1,NA,GSE120805
RACK1,-1,0.6268584763,GSE120805
HLA-G,1,0.03327069236,GSE120805
TBC1D8,1,0.8958454031,GSE120805
HLA-F,1,0.6481777293,GSE120805
ZFP57,-1,NA,GSE120805
LINC02210,1,4.33E-12,GSE120805
CBY3,-1,NA,GSE120805
SPATA31J1,1,NA,GSE120805
ZNF473CR,-1,0.1075180489,GSE120805
AKT1S1,-1,0.8915154096,GSE120805
GABBR1,-1,0.9576091254,GSE120805
MIR1915HG,1,0.02281563573,GSE120805
MAMDC2-AS1,1,0.05386757423,GSE120805
TRIM27,-1,0.002555719692,GSE120805
MALRD1,1,NA,GSE120805
LOC102724642,1,0.7582809768,GSE120805
RPL26L1-AS1,1,0.9998435906,GSE120805
RANBP17,1,0.9043801298,GSE120805
INSYN2B,-1,0.6313374893,GSE120805
ZNG1DP,1,0.9981070468,GSE120805
LOC728877,1,NA,GSE120805
LINC01291,-1,0.9575818524,GSE120805
ODAD4,1,0.07722246656,GSE120805
MRPL53,-1,0.7165962949,GSE120805
MROH6,-1,0.2251897068,GSE120805
ATXN2,-1,0.9980104569,GSE120805
DCTN1,1,0.9133528915,GSE120805
PNMA8B,1,NA,GSE120805
TCTN1,1,5.18E-09,GSE120805
FAM216A,-1,0.01466378375,GSE120805
ZBTB48,1,0.8267366869,GSE120805
LOC389602,1,NA,GSE120805
GPR20,1,NA,GSE120805
MZT1,1,0.1464322322,GSE120805
ZNF155,-1,0.9152291263,GSE120805
UQCC3,-1,0.0160852074,GSE120805
FBXO48,1,0.07902463858,GSE120805
LOC105369167,1,7.81E-06,GSE120805
FAM221B,1,NA,GSE120805
ATP6V0E2-AS1,1,0.7209015655,GSE120805
CD177,1,0.850797206,GSE120805
PSG5,-1,0.001439069617,GSE120805
ZNF783,-1,0.1669473268,GSE120805
ZNF425,1,0.002606221411,GSE120805
SACK1A-AS1,1,NA,GSE120805
LRRC10B,-1,NA,GSE120805
FBXO47,1,0.4162230957,GSE120805
UQCC6,1,0.09660479413,GSE120805
PCDHGA1,1,0.1130324524,GSE120805
PCDHA9,1,NA,GSE120805
PCDHA7,-1,NA,GSE120805
PCDHA4,1,NA,GSE120805
PCDHA2,1,NA,GSE120805
PCDHA1,1,0.8162158268,GSE120805
TRIM13,-1,0.05906163567,GSE120805
ERICH4,1,NA,GSE120805
SPIRE2,1,0.6217716293,GSE120805
AARD,1,0.9576091254,GSE120805
PKHD1L1,1,NA,GSE120805
SLFN12L,1,0.01868641757,GSE120805
LINC01121,-1,NA,GSE120805
SLC35B4,-1,0.02415309565,GSE120805
LGALS7,-1,NA,GSE120805
LGALS7B,-1,NA,GSE120805
SYCE1L,-1,0.142125118,GSE120805
TMEM231,1,0.08275572838,GSE120805
GARIN1A,1,2.09E-05,GSE120805
CCNI2,1,6.12E-06,GSE120805
TMEM240,1,0.3441031759,GSE120805
FRG2,1,NA,GSE120805
CDKL4,1,0.08414040115,GSE120805
CFAP96,-1,0.8360003731,GSE120805
TRIQK,-1,0.9008359226,GSE120805
SDHAF1,1,0.6963168384,GSE120805
ARID3C,-1,0.9934594478,GSE120805
PSENEN,-1,0.8958454031,GSE120805
C11orf91,-1,NA,GSE120805
LINC00654,1,NA,GSE120805
SLC10A5P1,-1,0.9287735892,GSE120805
ZBTB10,-1,0.7016501559,GSE120805
C4orf46,-1,0.9796197747,GSE120805
SCGB2B2,1,0.06911542132,GSE120805
LGR4,-1,0.9900666558,GSE120805
PSMB10,-1,0.9586027895,GSE120805
VIT,-1,1.64E-05,GSE120805
E2F4,-1,0.1843864476,GSE120805
PDE7A,-1,0.3028224219,GSE120805
TMEM170B,1,0.07637735112,GSE120805
TRBV20OR9-2,-1,NA,GSE120805
MUC12,1,0.01686801379,GSE120805
LINC01602,1,NA,GSE120805
SNX2,1,0.0004650748652,GSE120805
NT5M,-1,0.1449704804,GSE120805
GCNT2P1,-1,0.8304391212,GSE120805
SARNP,1,0.8297064542,GSE120805
GOLGA2P1,-1,NA,GSE120805
LINC01460,1,0.2856766163,GSE120805
ADGRG1,-1,0.5365218773,GSE120805
IPO7,-1,0.5192461194,GSE120805
PRR13,-1,0.9102407565,GSE120805
TECPR1,-1,0.9278196672,GSE120805
SLCO6A1,1,0.9848055943,GSE120805
MT1A,-1,0.06409679583,GSE120805
INSYN1,1,2.00E-06,GSE120805
MT1M,1,NA,GSE120805
CFI,1,0.8303651299,GSE120805
SAMD9,1,0.05872106067,GSE120805
CNEP1R1,1,0.7386322999,GSE120805
KRT81,-1,0.0002000487387,GSE120805
EXOC3L4,1,0.01885690581,GSE120805
TP53TG3,1,0.6149089651,GSE120805
TP53TG3D,1,0.6149089651,GSE120805
TP53TG3B,1,0.6149089651,GSE120805
LOC102723655,1,0.6149089651,GSE120805
LOC102723713,1,0.6149089651,GSE120805
CCDC85C,-1,0.009256483034,GSE120805
SPDYE18,1,NA,GSE120805
MAPRE3-AS1,-1,NA,GSE120805
RGL3,1,0.04293829381,GSE120805
NAP1L4,1,0.7802509666,GSE120805
TMSB4X,-1,0.0001284301787,GSE120805
TMEM256,1,0.3615954054,GSE120805
LINC03041,1,NA,GSE120805
CHKB-DT,1,0.1691745361,GSE120805
CPT1B,-1,0.9814452839,GSE120805
FLRT2-AS1,1,0.3709486256,GSE120805
SMN1,-1,0.9794100943,GSE120805
SMN2,-1,0.9794100943,GSE120805
SERF1A,1,0.8884872555,GSE120805
SERF1B,1,0.8884872555,GSE120805
HMGN1,1,0.991194123,GSE120805
MUC19,1,1.01E-09,GSE120805
DENND6B,1,0.04159296091,GSE120805
EIF3CL,1,NA,GSE120805
LOC107985433,-1,0.6137682925,GSE120805
LCMT1,-1,0.8019894264,GSE120805
MFSD2B,-1,0.7575885488,GSE120805
CDPF1,-1,0.8982911981,GSE120805
LIN52,1,0.889757648,GSE120805
DPF3,-1,0.2029651894,GSE120805
MANSC4,-1,NA,GSE120805
LOC100129554,-1,NA,GSE120805
LOC105377203,1,0.247241262,GSE120805
SMIM45,1,0.7731944113,GSE120805
ETFRF1,1,0.001018859965,GSE120805
C17orf107,-1,0.9943534212,GSE120805
ITSN1,1,0.6393878564,GSE120805
ITPRIPL2,-1,0.05048302292,GSE120805
DENND1C,1,NA,GSE120805
PKD1P4,-1,0.5785743478,GSE120805
CRYZL1,1,0.8669418732,GSE120805
RIMOC1,1,0.9175393485,GSE120805
RPL31P5,-1,NA,GSE120805
ARRDC5,-1,NA,GSE120805
LINC01531,-1,NA,GSE120805
DPP9-AS1,-1,NA,GSE120805
LOH12CR2,1,0.8667682638,GSE120805
CYS1,1,0.004563038779,GSE120805
PLPP6,1,0.0001681032364,GSE120805
KLRC3,1,NA,GSE120805
C16orf96,1,NA,GSE120805
GMNC,1,NA,GSE120805
TTC23L,1,0.5800324478,GSE120805
RFPL3S,-1,0.7832368334,GSE120805
PCOTH,-1,4.15E-11,GSE120805
C1QTNF9B,-1,NA,GSE120805
RPS3AP47,-1,0.961815648,GSE120805
C1RL-AS1,1,0.01102726673,GSE120805
LOC100128770,-1,0.4210559663,GSE120805
ZNF316,-1,0.8780983611,GSE120805
SRRM2-AS1,1,0.0002066992399,GSE120805
EPCIP-AS1,1,0.4103971567,GSE120805
RNPS1,-1,0.09959557933,GSE120805
HSP90AB2P,-1,0.8187580157,GSE120805
NYNRIN,1,0.2033763321,GSE120805
DNAJC19,-1,0.945684327,GSE120805
C18orf63,-1,NA,GSE120805
DOK6,1,0.742593357,GSE120805
JPT2,-1,9.36E-05,GSE120805
SERPINB5,1,5.74E-27,GSE120805
ZDHHC11B,1,0.682379186,GSE120805
GOLGA8O,1,NA,GSE120805
TMEM191C,-1,0.2139373241,GSE120805
RPL23AP57,-1,0.3554414084,GSE120805
HBA1,1,NA,GSE120805
ATP10A,-1,8.76E-09,GSE120805
DUXAP8,-1,0.2163770642,GSE120805
ANKUB1,1,NA,GSE120805
TSSK2,1,NA,GSE120805
FOXL2NB,1,7.51E-05,GSE120805
HCP5,1,0.3729979294,GSE120805
HLA-H,1,0.1509959885,GSE120805
HCG27,1,8.65E-06,GSE120805
COL6A6,1,NA,GSE120805
RAB12,-1,0.7973718515,GSE120805
PPIAP30,-1,0.8344614557,GSE120805
HLA-A,1,0.6183881848,GSE120805
HACD2,-1,0.01483944959,GSE120805
CFAP44,1,0.0009461861957,GSE120805
LNP1,1,0.1332666302,GSE120805
VGLL3,-1,0.04441410607,GSE120805
TRIM71,1,0.4398287005,GSE120805
ZCWPW2,1,0.8016462233,GSE120805
ANKRD28,1,0.5834170332,GSE120805
COLQ,1,0.6148239736,GSE120805
METTL6,1,0.6483829315,GSE120805
EMC3,1,0.008645138387,GSE120805
THUMPD3-AS1,1,0.1227685511,GSE120805
XKR4,-1,0.8655480309,GSE120805
RNVU1-7,1,0.9980039507,GSE120805
RNU6-431P,-1,0.4942410292,GSE120805
SNORA22B,-1,0.7879637453,GSE120805
RNU6-946P,1,NA,GSE120805
SNORD116-11,-1,0.8761208124,GSE120805
SNORA2A,1,0.959396805,GSE120805
SNORD116-14,-1,0.3377672129,GSE120805
SNORA69,1,NA,GSE120805
RNU6-979P,-1,NA,GSE120805
RNU6-1,1,0.792785646,GSE120805
RNU1-63P,1,0.07343924183,GSE120805
SNORA80B,-1,0.8761208124,GSE120805
SNORA22,-1,0.9615226058,GSE120805
RNU6-1062P,1,NA,GSE120805
RNU6-1279P,1,NA,GSE120805
RNU1-1,1,NA,GSE120805
LOC124904613,1,NA,GSE120805
LOC124905321,1,NA,GSE120805
LOC124905573,1,NA,GSE120805
LOC124905809,1,NA,GSE120805
SNORD116-17,-1,0.2438489244,GSE120805
RNU6-945P,-1,0.9585768931,GSE120805
RNU6-32P,1,0.3871885041,GSE120805
RNU1-109P,1,0.1370875254,GSE120805
SNORD116-18,-1,0.5215217001,GSE120805
RNU1-73P,-1,0.8197000447,GSE120805
RNU6-26P,1,0.4993000299,GSE120805
RNU6-444P,-1,NA,GSE120805
SNORD116-9,1,0.2571500033,GSE120805
LOC124906143,-1,NA,GSE120805
RNU6-936P,-1,NA,GSE120805
SNORD101,-1,0.2118762822,GSE120805
SNORA30,-1,0.9897436345,GSE120805
RNU6-10P,1,NA,GSE120805
SNORD37,-1,0.7095315684,GSE120805
RNU6-213P,1,NA,GSE120805
SNORA15B-2,1,NA,GSE120805
RNU6-701P,-1,NA,GSE120805
RNU6-968P,-1,NA,GSE120805
RNU1-138P,-1,NA,GSE120805
SNORA5A,-1,0.949902473,GSE120805
RNU6-890P,1,0.9426449311,GSE120805
RNU6-767P,1,0.3962929648,GSE120805
SNORA70F,-1,NA,GSE120805
RNU6-398P,1,NA,GSE120805
LOC124900442,-1,NA,GSE120805
SNORA75,-1,0.5413357387,GSE120805
RNU6-48P,-1,0.1988029728,GSE120805
RNU6-42P,1,0.8713519862,GSE120805
SNORA9B,-1,0.9689958598,GSE120805
RNU6-36P,1,0.4842619098,GSE120805
SNORA24B,-1,0.8498865151,GSE120805
RNU1-136P,-1,0.9410758746,GSE120805
RNU6-481P,-1,NA,GSE120805
RNU6-80P,1,0.7739949555,GSE120805
RNU6-4P,1,0.5229013097,GSE120805
SNORA70B,1,0.8678945266,GSE120805
SNORD15A,-1,0.2417549452,GSE120805
SNORA36A,1,NA,GSE120805
RNU6-1201P,1,0.3795590539,GSE120805
RNU6-5P,1,0.7708347948,GSE120805
RNU6-1316P,-1,NA,GSE120805
RNU6-13P,-1,NA,GSE120805
LOC124900356,1,NA,GSE120805
LOC124900358,1,NA,GSE120805
LOC124900359,1,NA,GSE120805
SNORD63,1,0.9977731905,GSE120805
RNU6-574P,-1,0.9425132004,GSE120805
SNORD116-2,-1,0.9232500421,GSE120805
RNU6-611P,1,0.6035148542,GSE120805
RNU6-301P,1,0.7033697745,GSE120805
RNU1-2,-1,0.7853306915,GSE120805
LOC124904613,-1,0.7853306915,GSE120805
LOC124905321,-1,0.7853306915,GSE120805
LOC124905573,-1,0.7853306915,GSE120805
LOC124905574,-1,0.7853306915,GSE120805
LOC124905809,-1,0.7853306915,GSE120805
RNU6-891P,1,NA,GSE120805
SNORA54,1,0.7881634609,GSE120805
SNORD116-3,-1,0.5608355586,GSE120805
SNORA36C,1,NA,GSE120805
RNU6-975P,-1,NA,GSE120805
RNU6-43P,-1,NA,GSE120805
SNORD59A,1,0.5454226068,GSE120805
RNU6-3P,1,0.5460101418,GSE120805
RNU6-196P,1,NA,GSE120805
SNORD51,-1,NA,GSE120805
SNORD116-1,-1,0.8516988355,GSE120805
SNORA72,-1,0.8327753005,GSE120805
RNU6-39P,-1,NA,GSE120805
RNU6-171P,1,NA,GSE120805
RNU6-22P,-1,NA,GSE120805
SNORA7B,1,0.7095500933,GSE120805
SNORD116-8,-1,0.9263365538,GSE120805
SNORD38C,1,NA,GSE120805
RNVU1-32,-1,0.7311761692,GSE120805
RNU6-31P,-1,NA,GSE120805
LOC124903594,-1,NA,GSE120805
SNORD116-7,-1,0.2799717437,GSE120805
RNU6-106P,1,0.1252610564,GSE120805
RNU6-769P,1,NA,GSE120805
SNORD116-13,1,0.6508797706,GSE120805
RNY1P14,1,NA,GSE120805
RNU6-549P,-1,0.8458044262,GSE120805
SNORA15,-1,NA,GSE120805
SNORD116-15,1,0.85907847,GSE120805
RNU1-67P,-1,0.8002665754,GSE120805
SNORA14B,1,0.5628629967,GSE120805
RNU6-1157P,1,0.6949323918,GSE120805
SNORD116-5,-1,NA,GSE120805
SNORD116-12,-1,0.957837123,GSE120805
RNU6-45P,-1,0.9685455126,GSE120805
RNVU1-15,-1,0.8935225789,GSE120805
RNU6-790P,-1,NA,GSE120805
SNORA80D,-1,0.9615226058,GSE120805
SNORA70E,1,NA,GSE120805
SNORA37,-1,0.8256831525,GSE120805
RNU6-125P,-1,NA,GSE120805
SNORD116-29,1,0.7954345062,GSE120805
RNU6-1005P,-1,NA,GSE120805
RNU6-35P,1,0.8576314281,GSE120805
SNORD116-16,-1,0.8351759787,GSE120805
RN7SKP62,1,0.8134101469,GSE120805
SNORA70I,1,0.961815648,GSE120805
SNORD116-24,1,0.8243432988,GSE120805
SNORD7,-1,0.9920076369,GSE120805
RNU6-145P,-1,NA,GSE120805
SNORA2B,-1,0.9158206927,GSE120805
RNU6-883P,1,NA,GSE120805
RNU6-1263P,-1,NA,GSE120805
RNU6-680P,1,NA,GSE120805
RNU6-12P,-1,NA,GSE120805
RNU6-658P,1,0.8892009803,GSE120805
RNVU1-1,1,0.7373779912,GSE120805
SNORA22C,-1,0.1498186896,GSE120805
RNVU1-17,-1,NA,GSE120805
RNU6-540P,-1,NA,GSE120805
RNU6-2,1,0.108305851,GSE120805
RNU6-925P,-1,0.2761959919,GSE120805
SNORD116-23,1,0.5889860424,GSE120805
RNU6-748P,-1,NA,GSE120805
RNU6-310P,1,NA,GSE120805
SNORA20,-1,0.437322396,GSE120805
SNORD116-6,-1,0.8051329257,GSE120805
SNORD56B,1,NA,GSE120805
SNORD15B,-1,0.9148239327,GSE120805
RNU6-19P,-1,NA,GSE120805
SNORD116-19,-1,0.61778096,GSE120805
RNU6-253P,-1,NA,GSE120805
SNORA19,1,0.6220601871,GSE120805
SNORA80E,1,0.3483150959,GSE120805
RNU6-987P,-1,NA,GSE120805
SNORA46,-1,0.8429471343,GSE120805
RNU6-9,-1,0.4700673142,GSE120805
RNU6-1237P,-1,NA,GSE120805
RNU6-59P,-1,NA,GSE120805
SNORA66,-1,0.9488584681,GSE120805
RNU6-33P,-1,0.9575818524,GSE120805
MIR548C,-1,NA,GSE120805
MIR25,1,0.8928957975,GSE120805
MIR99B,1,NA,GSE120805
MIR647,-1,NA,GSE120805
MIR578,-1,NA,GSE120805
MIR635,1,0.9039670532,GSE120805
MIR23B,1,0.9613425821,GSE120805
MIR433,-1,0.8428157135,GSE120805
MIR550A2,-1,NA,GSE120805
MIR661,1,0.9689051356,GSE120805
MIR583,1,NA,GSE120805
MIR181D,-1,NA,GSE120805
MIR544A,1,NA,GSE120805
MIR593,-1,0.9931958365,GSE120805
MIR181A2,1,NA,GSE120805
MIR598,-1,NA,GSE120805
MIR191,1,0.6123087002,GSE120805
MIR554,-1,0.5586299886,GSE120805
MIR127,-1,0.2713458096,GSE120805
MIR491,-1,0.9156933064,GSE120805
MIR149,-1,NA,GSE120805
MIR604,1,NA,GSE120805
MIR181C,-1,NA,GSE120805
MIR193A,-1,0.9146400985,GSE120805
MIR619,1,NA,GSE120805
MIR562,1,NA,GSE120805
MIR581,1,NA,GSE120805
MIR641,1,0.3741102163,GSE120805
MIR588,-1,NA,GSE120805
MIR505,-1,NA,GSE120805
MIR99A,-1,NA,GSE120805
MIR193B,1,NA,GSE120805
MIR655,-1,0.4380941369,GSE120805
MIR570,1,0.4443888899,GSE120805
MIR28,1,NA,GSE120805
MIR621,-1,0.0009581388517,GSE120805
MIR558,1,NA,GSE120805
MIR128-1,1,NA,GSE120805
MIR659,-1,0.6976534037,GSE120805
MIR573,-1,0.9585768931,GSE120805
MIR32,-1,NA,GSE120805
MIR597,1,NA,GSE120805
MIR627,1,NA,GSE120805
MIR623,1,0.7577079119,GSE120805
MIR186,1,0.9810098178,GSE120805
MIR222,-1,NA,GSE120805
MIR218-1,-1,NA,GSE120805
MIR181B2,-1,NA,GSE120805
MIR218-2,1,NA,GSE120805
MIR590,-1,0.8368385109,GSE120805
MIR495,-1,NA,GSE120805
MIR575,-1,NA,GSE120805
MIR299,-1,NA,GSE120805
MIR553,-1,0.9186033304,GSE120805
LOC107985532,-1,NA,GSE120805
MIR487B,-1,NA,GSE120805
MIR450A2,1,NA,GSE120805
MIR93,1,0.9428848331,GSE120805
MIR181A1,-1,NA,GSE120805
MIR329-1,-1,0.9620127818,GSE120805
MIR329-2,-1,NA,GSE120805
MIR626,-1,NA,GSE120805
MIR586,-1,NA,GSE120805
MIR15B,1,0.8197119411,GSE120805
MIR648,-1,0.7141598204,GSE120805
MIR26A2,1,NA,GSE120805
MIR646,-1,NA,GSE120805
MIR27A,1,0.7108835501,GSE120805
MIR563,-1,NA,GSE120805
MIR545,-1,NA,GSE120805
MIR640,1,0.302019762,GSE120805
MIR30A,1,0.8411075627,GSE120805
MIR33B,-1,0.8952730709,GSE120805
MIR27B,-1,0.6652587843,GSE120805
MIR221,-1,0.7786043535,GSE120805
MIR654,-1,0.3629319852,GSE120805
MIR567,-1,NA,GSE120805
MIR136,-1,NA,GSE120805
MIR634,1,NA,GSE120805
MIR574,1,0.9424304225,GSE120805
MIR152,-1,NA,GSE120805
MIR561,1,NA,GSE120805
MIR624,-1,NA,GSE120805
MIR579,1,NA,GSE120805
MIR656,-1,NA,GSE120805
MIR496,-1,0.5441992354,GSE120805
MIR30C1,1,NA,GSE120805
MIR569,1,NA,GSE120805
MIR620,1,NA,GSE120805
MIR125B1,-1,NA,GSE120805
MIR589,-1,0.5803411856,GSE120805
MIR181B1,-1,0.7312465828,GSE120805
MIR154,-1,NA,GSE120805
MIR23A,1,0.6926186556,GSE120805
MIR613,1,NA,GSE120805
MIR576,1,0.8761208124,GSE120805
MIR493,1,NA,GSE120805
MIR601,-1,NA,GSE120805
MIR134,-1,0.2705822534,GSE120805
MIR100,1,NA,GSE120805
MIR301A,-1,NA,GSE120805
MIR644A,-1,0.809445291,GSE120805
MIR643,1,NA,GSE120805
MIR323B,-1,0.8398084201,GSE120805
MIR503,-1,NA,GSE120805
MIR130A,1,NA,GSE120805
MIRLET7F2,-1,NA,GSE120805
MIR140,-1,NA,GSE120805
MIR645,-1,0.7823569404,GSE120805
MIR591,-1,NA,GSE120805
MIR485,-1,NA,GSE120805
MIR616,1,0.4247478474,GSE120805
MIR548A3,1,NA,GSE120805
MIR106B,1,0.913338775,GSE120805
SNORA40B,1,0.1489851445,GSE120805
SNORD94,1,0.8166192422,GSE120805
SNORD96B,-1,NA,GSE120805
SNORA49,1,0.9243634687,GSE120805
SNORD12C,-1,0.6715667825,GSE120805
SNORD83A,-1,0.8713085374,GSE120805
SNORD105,-1,0.5607244018,GSE120805
SNORD41,-1,0.4848525463,GSE120805
MIR12136,1,0.9947988005,GSE120805
RNU6ATAC2P,1,NA,GSE120805
MIR196A1,1,0.1863761457,GSE120805
GPX3,1,0.02912717759,GSE120805
DIO2,-1,0.005891566122,GSE120805
SELENOH,1,0.8076937016,GSE120805
AKR7L,1,0.6728041755,GSE120805
STK38L,1,0.5499481625,GSE120805
SACM1L,1,0.06640010566,GSE120805
TSN,-1,0.1287858879,GSE120805
MIR454,1,0.922533737,GSE120805
MIR770,-1,0.9037429255,GSE120805
MIR760,1,NA,GSE120805
MIR769,1,NA,GSE120805
MIR765,1,0.5747458561,GSE120805
MIR758,-1,NA,GSE120805
SLC48A1,1,8.56E-09,GSE120805
MIR762,-1,0.7591807264,GSE120805
IGLV1-51,1,0.5829869279,GSE120805
IGLV1-50,-1,NA,GSE120805
TRGV9,-1,NA,GSE120805
TRGV8,1,0.8793635888,GSE120805
TRGV5,1,NA,GSE120805
TRGV3,1,NA,GSE120805
TRBV7-3,1,NA,GSE120805
TRBV9,-1,NA,GSE120805
TRBV12-2,-1,NA,GSE120805
TRAV36DV7,-1,NA,GSE120805
MIR548U,-1,0.5324407023,GSE120805
MIR550A3,-1,NA,GSE120805
MIR374B,-1,0.9615226058,GSE120805
MIR543,-1,NA,GSE120805
MIR301B,1,NA,GSE120805
TSSK1B,1,NA,GSE120805
PRR22,-1,0.4470534018,GSE120805
TAS2R19,-1,0.5589903814,GSE120805
TAS2R15P,-1,0.913793541,GSE120805
TAS2R50,-1,0.9384068984,GSE120805
TAS2R14,1,0.9622913854,GSE120805
PRH1-TAS2R14,1,0.9622913854,GSE120805
TAS2R13,-1,0.9804156432,GSE120805
SNORD67,-1,0.9551415918,GSE120805
RNA5SP372,-1,NA,GSE120805
LOC124900553,1,NA,GSE120805
RNU1-82P,1,NA,GSE120805
SNORD66,-1,0.7331761467,GSE120805
RNU1-77P,1,NA,GSE120805
RNU6-298P,-1,0.9931958365,GSE120805
LOC124904154,-1,0.9929094522,GSE120805
LOC124900396,1,NA,GSE120805
RNU6-1321P,-1,NA,GSE120805
SNORD17,1,0.9804156432,GSE120805
RNU6-360P,1,NA,GSE120805
RNU6-750P,-1,NA,GSE120805
SNORD89,1,0.03136136265,GSE120805
SNORD72,1,0.8475284437,GSE120805
LOC124900351,1,NA,GSE120805
SNORD70B,-1,0.9969213754,GSE120805
RNU6-316P,1,0.358164557,GSE120805
RNU6-1242P,-1,NA,GSE120805
RNU6-482P,-1,NA,GSE120805
SNORD113-2,1,0.9689958598,GSE120805
RNU6-817P,1,0.1717204223,GSE120805
RNU6-1275P,-1,NA,GSE120805
SNORA74B,1,0.543073714,GSE120805
RNU11-3P,1,0.4510333021,GSE120805
RNY4P36,1,0.4110620735,GSE120805
RNU6-1111P,-1,NA,GSE120805
SNORA53,1,0.2190562307,GSE120805
LOC124900379,1,0.9414917371,GSE120805
SNORD90,-1,NA,GSE120805
SNORD69,-1,0.4418914331,GSE120805
SNORA12,1,0.5733747183,GSE120805
RNU6-952P,1,NA,GSE120805
RNU6-530P,-1,NA,GSE120805
SNORD19,-1,0.5834592428,GSE120805
RNA5SP465,1,NA,GSE120805
RNU6-466P,-1,NA,GSE120805
LOC124900201,1,NA,GSE120805
SNORD70,-1,0.1997907188,GSE120805
RNU6-808P,-1,0.5369843688,GSE120805
LOC124904382,-1,NA,GSE120805
RNA5SP354,-1,NA,GSE120805
LOC124900202,1,NA,GSE120805
RNU6-1254P,1,NA,GSE120805
RNA5SP467,-1,NA,GSE120805
SNORA26,-1,0.06570914509,GSE120805
SNORA3B,1,0.9920076369,GSE120805
LOC124903416,-1,0.1842682732,GSE120805
ZRSR2P1,-1,NA,GSE120805
RPL17P39,1,NA,GSE120805
LINC01089,1,0.08014077456,GSE120805
RPL18AP11,-1,0.6727168549,GSE120805
CTAGE1,1,0.6162257079,GSE120805
LINC02693,1,0.9471557127,GSE120805
KRTAP2-3,1,0.35704361,GSE120805
RTL8B,-1,0.4126775425,GSE120805
EWSAT1,1,0.8577525494,GSE120805
RPL15P3,-1,0.8354254863,GSE120805
RNF208,1,0.8995096815,GSE120805
MT-ND4L,-1,0.8334751588,GSE120805
MAP10,1,0.3335628259,GSE120805
POU5F1B,-1,NA,GSE120805
PTTG3P,1,0.8294622294,GSE120805
RPS15AP36,-1,0.143553287,GSE120805
ZNF580,-1,0.9046434288,GSE120805
ZNF611,-1,0.9669505487,GSE120805
NUP62,-1,0.09603483579,GSE120805
CGB8,1,0.7078161275,GSE120805
RPL17P8,-1,NA,GSE120805
DENND1B,-1,0.9821171924,GSE120805
HNRNPA1P34,-1,NA,GSE120805
RPL5P5,1,0.7076602258,GSE120805
EEF1B2P7,-1,NA,GSE120805
C1orf220,1,0.09607833886,GSE120805
SFT2D2,-1,0.5761916182,GSE120805
CEP43,1,0.2023199497,GSE120805
RPS17P6,-1,NA,GSE120805
HMGB3P6,-1,NA,GSE120805
SCAF8,-1,0.5814376242,GSE120805
CFAP45,-1,0.3646489706,GSE120805
SCYL2P1,-1,0.4391481759,GSE120805
ZNF254,-1,0.9019603957,GSE120805
KRT18P68,-1,NA,GSE120805
RPL7AP37,-1,NA,GSE120805
LOC729141,-1,NA,GSE120805
DYNLT2B,-1,0.3419181572,GSE120805
EEF1DP5,-1,0.8351759787,GSE120805
CRYGS,-1,0.8464634733,GSE120805
CRIP1,1,0.7409487332,GSE120805
RPL7AP60,1,0.9559441049,GSE120805
KLHL23,-1,0.6489176893,GSE120805
PHOSPHO2-KLHL23,-1,0.6489176893,GSE120805
RPL8P4,-1,0.4542345538,GSE120805
RPL17P41,-1,NA,GSE120805
RPL36AP48,1,NA,GSE120805
RPS7P8,1,NA,GSE120805
FAM24B,1,0.8748161297,GSE120805
TRIM59,1,0.00690137168,GSE120805
YBX1P4,1,NA,GSE120805
MLLT11,1,0.5089819872,GSE120805
ASIC3,-1,0.5551022681,GSE120805
KRT18P64,-1,NA,GSE120805
CCDC183,1,0.09218498342,GSE120805
DNLZ,-1,0.4998335317,GSE120805
TOMM40P4,1,0.9875897876,GSE120805
NOC2LP1,-1,0.972948578,GSE120805
LOC100130018,-1,0.9417610828,GSE120805
EEF1A1P16,1,0.3554057138,GSE120805
SUPT4H1,-1,0.4033346833,GSE120805
LOC100422300,-1,0.9182425339,GSE120805
EEF1B2P6,-1,0.5501030729,GSE120805
RPS6P26,-1,0.9039670532,GSE120805
RPL6P25,1,NA,GSE120805
RPL7AP9,1,NA,GSE120805
RPS10P15,-1,0.8346449485,GSE120805
NRAS,-1,0.4605097358,GSE120805
LOC101929104,1,NA,GSE120805
PGK1P2,-1,0.7237115339,GSE120805
RPL31P39,-1,NA,GSE120805
RPL28P5,1,NA,GSE120805
RPS2P31,1,0.9870772802,GSE120805
RPL31P37,-1,NA,GSE120805
RPL18AP13,1,0.07257187841,GSE120805
HNRNPCP6,1,0.719191248,GSE120805
RPL18P11,1,0.907141835,GSE120805
RPL9P18,-1,NA,GSE120805
RPL7AP34,1,NA,GSE120805
RPS18P2,-1,0.4123396175,GSE120805
LTC4S,-1,NA,GSE120805
RPS4Y1P1,-1,0.8492032341,GSE120805
RPS7P11,1,0.8237380041,GSE120805
NPM1P50,1,NA,GSE120805
CLNS1AP1,-1,NA,GSE120805
ANKRD39,1,0.9247524947,GSE120805
QTRT1,-1,0.4417635156,GSE120805
CHUK,1,0.8830353158,GSE120805
RPL21P18,1,0.9193382787,GSE120805
MXD3,1,0.01068445532,GSE120805
RPL36P12,-1,0.8527090474,GSE120805
RPS3P6,1,0.9549276457,GSE120805
LOC401703,1,NA,GSE120805
GSTM2,1,0.1009666484,GSE120805
NAP1L1P3,-1,0.9380372072,GSE120805
COG8,-1,0.9357415654,GSE120805
RPL7AP39,1,0.4685180753,GSE120805
ARHGAP19,1,0.001050150424,GSE120805
RPSAP46,-1,0.9403984977,GSE120805
HAUS7,-1,0.783895541,GSE120805
LCAT,-1,0.1809848057,GSE120805
RPS2P17,1,0.7799126666,GSE120805
HNRNPA1P33,-1,NA,GSE120805
LOC345471,-1,0.5009448668,GSE120805
GPC2,-1,0.8836264002,GSE120805
KRT222,1,NA,GSE120805
ABRAXAS1P1,-1,0.9287014042,GSE120805
RPL17P34,1,0.885407491,GSE120805
RPL18AP3,-1,0.8707457303,GSE120805
SIPA1,1,0.2050437744,GSE120805
RPS23P2,1,NA,GSE120805
ERV3-1,1,0.0004515457184,GSE120805
SYNJ2BP,1,0.0004127931748,GSE120805
ARL2,-1,0.8468681703,GSE120805
FIRRE,-1,0.4197949652,GSE120805
TTLL13,1,0.9655915681,GSE120805
KIAA1191P1,-1,0.5681480979,GSE120805
ACTN4P1,-1,0.5522976146,GSE120805
RPL26P13,-1,NA,GSE120805
LAP3P2,-1,0.8686901212,GSE120805
RBMXL1,-1,0.1050117706,GSE120805
RPL36P7,-1,NA,GSE120805
SRA1,-1,0.407889672,GSE120805
STIMATE,1,0.1471985058,GSE120805
RPL7AP43,1,0.01937688453,GSE120805
DNAJC9,-1,0.7136868023,GSE120805
RPLP0P6,1,0.9800670155,GSE120805
HNRNPA1P64,-1,NA,GSE120805
C8orf82,-1,0.3851237359,GSE120805
VDAC1,-1,0.006657805278,GSE120805
TMX2,1,0.2471528636,GSE120805
RPL31P4,-1,0.8667682638,GSE120805
RPL7AP50,-1,0.4432263879,GSE120805
RPL11P3,1,0.4566892453,GSE120805
HEXA,1,0.4525162642,GSE120805
NDUFS3,1,0.8702867886,GSE120805
RPSAP54,-1,0.8414208248,GSE120805
LEPROT,1,0.8875094843,GSE120805
LBH,-1,5.14E-05,GSE120805
ADAT3,-1,0.809069295,GSE120805
PPP1CB,-1,0.5308402891,GSE120805
EEF1DP4,-1,0.5727418248,GSE120805
RPL7AP4,1,NA,GSE120805
GPSM3,-1,0.1458151398,GSE120805
RPL31P44,-1,NA,GSE120805
LAT,1,0.7452618491,GSE120805
RSU1P3,-1,NA,GSE120805
RPL18P3,1,NA,GSE120805
RPL21P86,1,NA,GSE120805
OLA1P2,1,NA,GSE120805
NCKIPSD,-1,0.2458395907,GSE120805
ATF6B,1,0.4986021916,GSE120805
SEC14L1P1,-1,0.8464634733,GSE120805
S1PR3,1,0.002421426031,GSE120805
RPS7P14,-1,0.6929429946,GSE120805
CAPZA1P3,1,0.7745453283,GSE120805
SLC35F6,-1,0.972390191,GSE120805
RPL17P50,-1,0.1873320387,GSE120805
RHOG2P,1,0.9834981163,GSE120805
FAM209B,1,0.4685180753,GSE120805
RPL18AP10,-1,NA,GSE120805
CLIC1,-1,0.5209613047,GSE120805
DDAH2,1,0.6262264009,GSE120805
RPS2P52,-1,NA,GSE120805
PPIAP68,-1,0.5584705993,GSE120805
RPS29,-1,0.9806016677,GSE120805
ZNF337-AS1,1,0.0009230446585,GSE120805
RPS2P33,-1,NA,GSE120805
RPL23AP79,1,0.4048205696,GSE120805
KPNA4P1,1,0.8376922313,GSE120805
RPS3AP20,-1,0.5887019624,GSE120805
UGT2B11,1,NA,GSE120805
ATP6V1G2,1,0.5887019624,GSE120805
ZNF134,-1,0.8761208124,GSE120805
KRT8P37,1,NA,GSE120805
LOC124905951,1,NA,GSE120805
VN1R103P,1,0.9980104569,GSE120805
GTF2H4,1,0.3350885278,GSE120805
DDX47,-1,0.7356336681,GSE120805
RPS5P5,-1,NA,GSE120805
ZNF888,1,0.2289197415,GSE120805
RPL7AP41,-1,NA,GSE120805
ZNF845,-1,0.9798016825,GSE120805
RPL13P2,1,NA,GSE120805
SUGT1P2,1,0.9258878533,GSE120805
RPL31P18,-1,NA,GSE120805
RPS2P21,-1,NA,GSE120805
EMP2,-1,1.38E-14,GSE120805
CNN2P6,1,NA,GSE120805
KCTD11,1,0.511356069,GSE120805
RPL21P75,1,NA,GSE120805
RPL7AP62,-1,0.5995099016,GSE120805
EEF1B2P2,-1,0.07906713206,GSE120805
RPL27P1,-1,0.7879637453,GSE120805
RPL7AP7,-1,NA,GSE120805
PPM1N,1,0.1129420064,GSE120805
RPL3P6,-1,0.999335329,GSE120805
SLC23A3,-1,0.1671296813,GSE120805
LTB4R,1,0.9441900215,GSE120805
LIPE-AS1,1,0.005096666917,GSE120805
LOC101930071,1,0.005096666917,GSE120805
LTB4R2,1,0.6815764668,GSE120805
RPL5P8,1,NA,GSE120805
DNASE1,1,1.33E-05,GSE120805
MDP1,-1,0.6357380559,GSE120805
CSNK1E,-1,0.02005823059,GSE120805
HNRNPH1P2,1,0.9910960669,GSE120805
IRF9,1,0.9806147823,GSE120805
GALT,1,1.73E-07,GSE120805
HBE1,1,NA,GSE120805
RPL22P16,1,NA,GSE120805
CLDN9,-1,0.6034850105,GSE120805
SEPHS1P6,1,0.4733675579,GSE120805
RPS12P29,-1,0.9806016677,GSE120805
RPL13AP13,-1,NA,GSE120805
RPL31P10,-1,0.9521205881,GSE120805
KRT18P17,-1,0.8875071851,GSE120805
ITGA1,-1,0.05362109587,GSE120805
RPS10P2,-1,0.957837123,GSE120805
ATP5PDP3,1,NA,GSE120805
KRT18P29,-1,NA,GSE120805
LOC100130691,1,0.3683310693,GSE120805
NUDT19,-1,0.9998562827,GSE120805
ZNF726,1,0.0003965381659,GSE120805
RPS15P7,-1,NA,GSE120805
ZNF99,-1,0.8752254843,GSE120805
TAX1BP3,1,0.9990929658,GSE120805
RPL7AP14,-1,NA,GSE120805
AP1G2,1,3.15E-07,GSE120805
ZNF90,-1,0.9248303206,GSE120805
PFKFB3-AS1,1,NA,GSE120805
NAXD,1,0.9243097174,GSE120805
TM6SF2,1,0.3975652988,GSE120805
BORCS8-MEF2B,1,0.9597452734,GSE120805
MEF2B,1,0.9597452734,GSE120805
KRT18P38,-1,0.9374987598,GSE120805
GANC,1,0.158974922,GSE120805
RPSAP61,-1,0.7038904177,GSE120805
RBM39P1,-1,0.8682397368,GSE120805
TTLL3,1,0.7396631672,GSE120805
REPIN1,1,0.7216721762,GSE120805
MRPL23,-1,0.9798016825,GSE120805
ZNF891,1,0.8366825178,GSE120805
SMIM7,-1,0.9854144492,GSE120805
RPS11P7,-1,NA,GSE120805
FBXO16,1,0.0396252126,GSE120805
RPL7P17,1,NA,GSE120805
TSPAN4,-1,0.5258920979,GSE120805
MANEALP1,1,NA,GSE120805
RPL21P17,1,0.9294733409,GSE120805
CPSF1P1,1,NA,GSE120805
CPNE1,1,0.07839638881,GSE120805
ARL16,1,0.9488814114,GSE120805
RPS18P14,1,0.2983734259,GSE120805
SMCO1,1,0.6910702906,GSE120805
WEE2,1,NA,GSE120805
TPT1P5,-1,NA,GSE120805
LYRM4,-1,0.2899628526,GSE120805
MYCBP,1,0.9663177167,GSE120805
PRCD,1,0.005376887727,GSE120805
RPL7P60,1,NA,GSE120805
LINC00887,-1,NA,GSE120805
LINC02036,-1,NA,GSE120805
LINC02026,1,0.1794031752,GSE120805
ENAHP1,1,0.9947807356,GSE120805
ALG3,-1,0.198629737,GSE120805
GCC2-AS1,1,0.7800944077,GSE120805
XPOTP1,-1,0.4839784427,GSE120805
ST7-OT4,-1,0.8318276964,GSE120805
SH3D21,-1,0.3041076951,GSE120805
SMIM30,1,0.9267399693,GSE120805
TTC41P,1,0.8590908119,GSE120805
RPS4XP1,-1,0.3686507234,GSE120805
KRT18P10,-1,0.730108703,GSE120805
C19orf38,1,0.008027294995,GSE120805
C17orf67,-1,0.2024122054,GSE120805
CTAGE11P,1,0.2366226895,GSE120805
FIS1,1,0.8641219396,GSE120805
RPL10AP12,-1,NA,GSE120805
RPSAP53,-1,0.2404716708,GSE120805
ANG,-1,0.5295361835,GSE120805
SCART1,-1,0.9640615679,GSE120805
DTWD1P1,-1,NA,GSE120805
KRT8P14,1,NA,GSE120805
POU2AF3,-1,NA,GSE120805
APTR,-1,0.7098591093,GSE120805
MBLAC1,1,0.03417913148,GSE120805
MTCL3,-1,NA,GSE120805
VAC14-AS1,1,NA,GSE120805
NEURL1B,1,3.81E-14,GSE120805
RPL18P10,-1,0.5147554259,GSE120805
EFCAB9,1,NA,GSE120805
RPS3AP36,-1,0.9289241375,GSE120805
HAUS3,1,0.6183881848,GSE120805
RPLP2P1,-1,0.332116001,GSE120805
VSTM5,1,0.884559204,GSE120805
RPS3AP26,-1,0.6025175415,GSE120805
TUBAP2,-1,0.05087533652,GSE120805
KANSL1-AS1,1,0.6760100815,GSE120805
RDUR,1,0.669914126,GSE120805
BBIP1,1,0.4674008091,GSE120805
KRT18P13,-1,NA,GSE120805
FAM149B1P1,-1,NA,GSE120805
VPS33B-DT,1,0.3551860119,GSE120805
NIFKP1,-1,NA,GSE120805
PLIN5,1,0.2378568966,GSE120805
RPSAP28,1,NA,GSE120805
RPL7P1,1,0.7235774518,GSE120805
SEC14L6,1,NA,GSE120805
NOTO,1,NA,GSE120805
PPME1,-1,0.08910746331,GSE120805
STARD10,1,9.43E-13,GSE120805
RPS15AP1,-1,0.9632744347,GSE120805
RPS4XP3,-1,0.7907902617,GSE120805
GTF2IRD2P1,1,NA,GSE120805
MEG3,-1,0.1107587279,GSE120805
RBBP4P4,1,NA,GSE120805
NUTM2D,1,0.5667351422,GSE120805
CPEB1,1,0.07514947437,GSE120805
EML6,1,1.51E-08,GSE120805
RPS19P1,-1,0.8366825178,GSE120805
POLR3DP1,-1,0.687784403,GSE120805
RPSAP6,-1,0.6194081125,GSE120805
LOC105370047,-1,NA,GSE120805
ZNF727,-1,NA,GSE120805
B3GALT9,1,1.42E-06,GSE120805
ZSWIM8,1,0.1020190143,GSE120805
RPL6P12,-1,NA,GSE120805
RPL9P16,-1,0.5015371395,GSE120805
C10orf105,1,NA,GSE120805
ARHGEF33,1,0.0008622121498,GSE120805
IFRD2,-1,1.08E-07,GSE120805
LNCMB1,1,0.2124428937,GSE120805
CAPN14,-1,0.6085707158,GSE120805
ZBED1,-1,0.01832007545,GSE120805
KRT18P49,1,NA,GSE120805
GOT2P6,-1,NA,GSE120805
HNRNPUL2,1,0.281016939,GSE120805
CSKMT,-1,0.283927327,GSE120805
RPL21P1,1,0.8242657889,GSE120805
RPS3AP21,-1,0.5681480979,GSE120805
KRT18P42,1,NA,GSE120805
LOC101927588,1,NA,GSE120805
FER1L6,1,0.9836901483,GSE120805
MTCP1,1,0.5800324478,GSE120805
EVPLL,1,NA,GSE120805
USP8P1,1,0.9424304225,GSE120805
LINC00243,1,0.2395817024,GSE120805
RPSAP55,1,NA,GSE120805
LINC01599,1,2.83E-09,GSE120805
LINC01588,1,2.83E-09,GSE120805
RPS15AP35,-1,NA,GSE120805
HLA-F-AS1,1,2.58E-08,GSE120805
ZSWIM7,-1,0.7778726936,GSE120805
ARHGEF28,1,0.001135007342,GSE120805
TBC1D26,-1,NA,GSE120805
LRRC69,1,0.6745258689,GSE120805
CRPPA,-1,0.7429849835,GSE120805
NT5DC1P2,-1,NA,GSE120805
RPL7AP26,1,NA,GSE120805
CCNB2P1,1,0.5591353691,GSE120805
RPL15P20,1,NA,GSE120805
HSPD1P7,1,NA,GSE120805
RTL10,-1,0.7756510213,GSE120805
SSU72-AS1,1,0.7513638749,GSE120805
RPL24P7,1,NA,GSE120805
COL28A1,1,0.951491832,GSE120805
PHB2,-1,0.2203773659,GSE120805
LOC100130357,-1,0.7537302633,GSE120805
RPL13P12,-1,0.5341202387,GSE120805
GNL3LP1,-1,0.5561859338,GSE120805
FDPSP5,1,NA,GSE120805
CD27-AS1,1,0.03724945895,GSE120805
NEURL4,1,0.9912702549,GSE120805
GRID2IP,1,0.1416532514,GSE120805
HNRNPCP10,1,NA,GSE120805
ANXA2R-AS1,1,0.688580167,GSE120805
XRCC6P5,-1,NA,GSE120805
GTF3C6P1,-1,NA,GSE120805
KRT18P11,-1,0.6052506506,GSE120805
UBXN2B,1,0.8516988355,GSE120805
ZNG1F,-1,0.8366825178,GSE120805
KRT18P32,-1,NA,GSE120805
ATXN7L3P1,-1,NA,GSE120805
MUC5AC,1,NA,GSE120805
MSMP,1,0.5053794652,GSE120805
CIMIP2B,1,0.8191176887,GSE120805
PEX26,1,0.02189067443,GSE120805
BASP1-AS1,1,NA,GSE120805
KRT18P60,-1,NA,GSE120805
RPL7P33,-1,NA,GSE120805
LINC02449,-1,0.5000372793,GSE120805
LINC02649,-1,0.4956551054,GSE120805
LINC02982,-1,NA,GSE120805
FASTKD5,-1,0.8162514548,GSE120805
GOLGA8A,1,0.005610376294,GSE120805
GOLGA8B,1,0.005610376294,GSE120805
DHRS4-AS1,-1,0.06532950158,GSE120805
KCNU1,1,NA,GSE120805
RPL10AP3,-1,NA,GSE120805
AKR1C7P,-1,0.2869805018,GSE120805
RNF212B,-1,NA,GSE120805
RPS7P6,-1,NA,GSE120805
DDX3X,-1,0.7237657245,GSE120805
VPS16,1,0.01119912911,GSE120805
RPL6P30,-1,NA,GSE120805
ASS1P10,1,NA,GSE120805
KRT18P23,-1,NA,GSE120805
SLC25A5P1,-1,NA,GSE120805
HSPD1P8,-1,NA,GSE120805
FAM66B,1,0.002218294178,GSE120805
FAM66E,1,0.002218294178,GSE120805
MYL5,1,0.8761208124,GSE120805
MIR99AHG,-1,0.001315363775,GSE120805
MIR17HG,-1,0.3454528821,GSE120805
ZNF407,-1,0.1128980111,GSE120805
MCM3AP-AS1,-1,0.04048713542,GSE120805
NPEPL1,1,0.1158791469,GSE120805
LOC124904942,1,0.1158791469,GSE120805
CTAGE12P,-1,NA,GSE120805
RPS2P54,1,0.1727354461,GSE120805
RPS8P3,1,NA,GSE120805
AATBC,1,1.02E-05,GSE120805
SIAH3,1,0.6114451306,GSE120805
BCRP3,1,0.5822298377,GSE120805
LINC00548,1,0.6484955386,GSE120805
LINC00598,1,0.6484955386,GSE120805
EFCAB8,1,0.8735086636,GSE120805
LINC00189,1,NA,GSE120805
KRT18P3,1,0.9335267807,GSE120805
C20orf202,-1,NA,GSE120805
KRT18P35,1,NA,GSE120805
GUSBP9,-1,0.8895114498,GSE120805
TMEM242,1,0.8753571779,GSE120805
TMEM167B,-1,0.9859087336,GSE120805
ARHGAP27P1-BPTFP1-KPNA2P3,1,0.4781465373,GSE120805
LRRC37A14P,1,NA,GSE120805
FAM72D,1,0.1518693064,GSE120805
TNFRSF25,1,0.001841660829,GSE120805
LOC100131465,-1,0.9074575442,GSE120805
LOC100420880,1,NA,GSE120805
KRT18P65,1,NA,GSE120805
LINC01139,1,0.0788823857,GSE120805
ZC3H11B,-1,NA,GSE120805
KRT18P12,-1,0.8002665754,GSE120805
QRSL1P1,1,NA,GSE120805
EWSR1P1,-1,0.9267720001,GSE120805
TSTD1,-1,0.4659496422,GSE120805
LINC01356,1,0.8166535887,GSE120805
KRT18P57,-1,NA,GSE120805
ST13P20,-1,NA,GSE120805
CYB5RL,-1,0.8896436593,GSE120805
HSPA5P1,-1,0.3722043339,GSE120805
EEF1A1P46,-1,0.7582132618,GSE120805
C1orf167,1,0.83340161,GSE120805
TTC34,-1,0.9754308218,GSE120805
ATAD3C,-1,0.3964526833,GSE120805
MIR942,-1,NA,GSE120805
MIR300,-1,0.1249190373,GSE120805
MIR933,1,0.2910561317,GSE120805
MIR450B,1,NA,GSE120805
MIR298,1,0.8206322837,GSE120805
MIR938,1,NA,GSE120805
MIR887,1,NA,GSE120805
MIR889,-1,NA,GSE120805
MIR877,-1,NA,GSE120805
MIR541,-1,NA,GSE120805
RPL37P15,1,NA,GSE120805
RPL7AP36,1,NA,GSE120805
RPSAP43,1,NA,GSE120805
RPL21P69,-1,0.1926286771,GSE120805
IFI30,1,0.8645432829,GSE120805
RPS18P10,-1,NA,GSE120805
IGSF23,1,0.09612049653,GSE120805
LOC124901409,1,NA,GSE120805
OR2W4P,1,NA,GSE120805
RPL7P25,1,NA,GSE120805
RPL31P27,-1,NA,GSE120805
RPL21P68,-1,0.6328982762,GSE120805
TUBB2BP1,-1,0.6765996897,GSE120805
RPL17P26,-1,NA,GSE120805
RPS2P55,1,0.9912702549,GSE120805
RBM33-DT,1,3.00E-06,GSE120805
ZNF603P,1,0.07257187841,GSE120805
RPL15P9,1,NA,GSE120805
CCDC7,-1,0.814217566,GSE120805
RPL21P65,1,0.9803493514,GSE120805
HSPD1P10,-1,0.8735086636,GSE120805
RPL10P1,-1,0.8894514442,GSE120805
RPS18P8,-1,NA,GSE120805
LOC100421093,1,0.5078632197,GSE120805
FNIP1,1,2.73E-07,GSE120805
RPS10P13,-1,0.6325055227,GSE120805
LOC100129422,1,NA,GSE120805
RPL21P63,-1,NA,GSE120805
TFGP1,-1,NA,GSE120805
SP9,1,NA,GSE120805
RPL34P16,1,0.9810098178,GSE120805
RPS10P1,1,0.005513855599,GSE120805
OR2W2P,1,NA,GSE120805
LOC100127917,-1,NA,GSE120805
PSMC1P11,1,NA,GSE120805
DDX18P3,-1,0.6685787425,GSE120805
SYCE3,1,NA,GSE120805
LOC100129603,1,NA,GSE120805
LOC105375130,1,NA,GSE120805
LOC100419073,-1,0.8893569557,GSE120805
CKLF,-1,0.9952039095,GSE120805
RPL18AP4,-1,NA,GSE120805
H2BC16P,1,0.8542549399,GSE120805
PARLP2,-1,0.6607151191,GSE120805
RPS10P3,-1,0.7886735372,GSE120805
CCT7P1,-1,0.9417934121,GSE120805
NDUFAB1P1,1,NA,GSE120805
ASS1P9,-1,NA,GSE120805
KRT18P48,-1,NA,GSE120805
PAM16,1,0.9059565804,GSE120805
ZKSCAN8P2,1,NA,GSE120805
ADAMTS7P4,1,0.5315768948,GSE120805
KIRREL3-AS3,-1,0.7293487533,GSE120805
KRT18P22,1,NA,GSE120805
RPS27AP11,-1,0.3179708613,GSE120805
RPL19P9,-1,0.1682584626,GSE120805
RPS4XP7,-1,NA,GSE120805
CDC14C,1,NA,GSE120805
TENM3,-1,0.006701979652,GSE120805
SUMO2P13,1,NA,GSE120805
GPC1-AS1,-1,NA,GSE120805
RPL27AP6,-1,0.02518455,GSE120805
HNRNPA1P19,-1,NA,GSE120805
RPS25P7,1,NA,GSE120805
LINC00339,1,0.5535144651,GSE120805
LOC100129844,-1,NA,GSE120805
LOC100420839,1,NA,GSE120805
H2AC10P,1,NA,GSE120805
CEBPZOS,1,0.9204516721,GSE120805
PAPOLB,-1,NA,GSE120805
LOC100421246,1,NA,GSE120805
ZNF579,1,0.8987733087,GSE120805
SUMO2P12,-1,NA,GSE120805
RPS15AP19,-1,0.7636494526,GSE120805
HNRNPA3P12,-1,NA,GSE120805
RPL21P19,1,0.8472079429,GSE120805
RPL23AP48,-1,NA,GSE120805
RPS4XP8,1,NA,GSE120805
RNASEK,1,0.2101492051,GSE120805
AMZ2P2,1,NA,GSE120805
NPM1P38,-1,NA,GSE120805
RPL31P52,1,0.467431761,GSE120805
HSPA8P15,-1,0.6875262628,GSE120805
LOC100420214,-1,0.8338700503,GSE120805
RPL23P8,-1,0.6416443687,GSE120805
RPSAP42,-1,NA,GSE120805
RPS2P29,1,0.919694748,GSE120805
NBPF1,1,0.01784707995,GSE120805
UMAD1,1,0.835647531,GSE120805
RPL17P25,-1,NA,GSE120805
PPP1R3G,-1,8.71E-06,GSE120805
FAM228B,-1,0.4919312248,GSE120805
BMPR1AP1,1,0.4376736836,GSE120805
ZNF433-AS1,1,7.40E-05,GSE120805
LOC100421513,-1,0.9418844087,GSE120805
MARK2P18,-1,0.6145312876,GSE120805
RPS3P5,-1,0.09734589977,GSE120805
RPSAP45,1,NA,GSE120805
RPL21P67,-1,NA,GSE120805
RPL31P28,1,NA,GSE120805
LOC100129847,-1,NA,GSE120805
RPL35P3,1,0.710890953,GSE120805
RPL12P8,-1,NA,GSE120805
RPL7P27,-1,NA,GSE120805
LAP3P1,1,NA,GSE120805
RPS5P6,-1,0.5934904578,GSE120805
LINC02076,-1,NA,GSE120805
ZGLP1,-1,0.6183881848,GSE120805
VAMP2,1,0.9121877219,GSE120805
HNRNPH1P1,-1,0.8655480309,GSE120805
H2BC19P,-1,0.605344202,GSE120805
FCF1P5,1,NA,GSE120805
TUBB3P1,1,0.6602663513,GSE120805
RPS3P4,-1,0.478543034,GSE120805
YAP1P1,-1,0.690480597,GSE120805
ASS1P1,1,0.957837123,GSE120805
LOC100287856,1,NA,GSE120805
HMGB1P13,-1,NA,GSE120805
PKMP3,1,0.6972959011,GSE120805
TFB2MP1,-1,0.4983038641,GSE120805
RPL17P23,1,NA,GSE120805
RPL5P18,1,0.8077929631,GSE120805
RPL21P28,-1,0.9804156432,GSE120805
BOLA2P3,-1,NA,GSE120805
RPSAP44,-1,NA,GSE120805
RPL21P119,1,0.9943534212,GSE120805
RPL21P16,1,0.9750329921,GSE120805
HSPE1P26,1,0.1825469179,GSE120805
MRPL35P1,-1,0.2178761726,GSE120805
H3C9P,-1,0.8358437565,GSE120805
MIR1272,1,NA,GSE120805
MIR1193,1,0.5002312599,GSE120805
LOC124904152,1,0.7359450278,GSE120805
MIR1266,1,NA,GSE120805
RNU6ATAC6P,-1,0.2484423811,GSE120805
MIR1296,1,NA,GSE120805
SNORD111,1,0.9376197674,GSE120805
SNORA11B,-1,NA,GSE120805
SNORA11F,-1,0.5158659852,GSE120805
MIR1207,-1,0.2327659156,GSE120805
MIR1262,-1,NA,GSE120805
MIR548E,-1,0.6290403051,GSE120805
RNU6ATAC27P,-1,0.4035047424,GSE120805
MIR1305,-1,0.9998562827,GSE120805
MIR548L,-1,NA,GSE120805
SNORD88A,1,0.742593357,GSE120805
MIR1284,-1,NA,GSE120805
MIR1255A,1,NA,GSE120805
SNORA79,-1,0.8335827834,GSE120805
MIR548K,1,NA,GSE120805
RNU6ATAC18P,-1,NA,GSE120805
MIR1288,1,NA,GSE120805
RNU6ATAC8P,-1,NA,GSE120805
MIR1227,-1,NA,GSE120805
MIR1294,-1,NA,GSE120805
RNU4ATAC16P,1,0.7883994155,GSE120805
MIR1301,1,NA,GSE120805
MIR1277,1,NA,GSE120805
SNORA2C,-1,0.9860693053,GSE120805
SNORD100,-1,0.2788068223,GSE120805
MIR1245A,-1,NA,GSE120805
MIR1285-1,1,0.8290210672,GSE120805
MIR1185-1,-1,NA,GSE120805
SNORD99,1,0.773180071,GSE120805
MIR1180,-1,NA,GSE120805
MIR1255B2,1,NA,GSE120805
MIR1226,-1,NA,GSE120805
MIR1249,-1,NA,GSE120805
MIR1185-2,-1,0.7484980371,GSE120805
MIR1276,1,NA,GSE120805
LOC124900180,1,0.7563048124,GSE120805
SNORA77,-1,0.7822391433,GSE120805
MIR548N,-1,NA,GSE120805
RNU6ATAC,1,0.5601107668,GSE120805
MIR1278,-1,NA,GSE120805
MIR548H3,-1,0.2671703699,GSE120805
SNORA11,-1,0.9828425159,GSE120805
SNORD93,-1,0.008586648987,GSE120805
MIR1197,1,NA,GSE120805
MIR1289-1,1,NA,GSE120805
MIR1205,1,NA,GSE120805
MIR1282,-1,0.6646688631,GSE120805
MIR1256,-1,NA,GSE120805
PPP3CB-AS1,1,0.05399039497,GSE120805
EBF2,1,NA,GSE120805
PEX39,1,0.1789036924,GSE120805
PPP3R1,-1,0.5427282509,GSE120805
PSG3,-1,NA,GSE120805
FANCG,-1,0.009770661085,GSE120805
AP4M1,1,0.8106440809,GSE120805
SPATA31H1,1,NA,GSE120805
DPP3P2,1,NA,GSE120805
LINC02902,1,0.2551924977,GSE120805
KRTAP1-5,-1,NA,GSE120805
PLXNA4,1,0.06680801738,GSE120805
CEBPD,-1,0.007006971786,GSE120805
PSG7,-1,0.3532637814,GSE120805
ARIH2OS,1,0.484712116,GSE120805
FAM200C,1,0.2183275587,GSE120805
HMSD,1,0.6234435586,GSE120805
NPTXR,1,0.3233165604,GSE120805
FAM200A,1,0.8432964196,GSE120805
PPP2R2A,-1,0.1766317399,GSE120805
C19orf73,-1,0.8576001346,GSE120805
ZNF880,1,0.9054707696,GSE120805
TRIM16,-1,0.01083867878,GSE120805
TIGD1,-1,0.1211871282,GSE120805
FXYD7,1,NA,GSE120805
XKR9,1,0.00056100433,GSE120805
LINC01465,-1,0.3945360032,GSE120805
LINC02897,1,0.805216946,GSE120805
SLC12A8,-1,0.00231547934,GSE120805
APOL6,1,0.5726198944,GSE120805
FADS3,-1,0.0005090084354,GSE120805
TTC4P1,-1,NA,GSE120805
CCNL2,-1,0.9596435437,GSE120805
UBA52,-1,0.5242899258,GSE120805
MYBPHL,-1,0.9734381515,GSE120805
PPT2,1,0.07585831516,GSE120805
ZNF630,1,0.6978898787,GSE120805
LINC01118,1,0.5638987216,GSE120805
LINC01119,1,0.5638987216,GSE120805
LOC124906004,1,0.5638987216,GSE120805
BTBD19,1,0.006023766143,GSE120805
FAM185A,1,0.4973541204,GSE120805
RAB6C,-1,0.8321012762,GSE120805
HDAC4-AS1,1,0.4554875328,GSE120805
PSMB11,1,NA,GSE120805
KIAA2012-AS1,-1,0.3655283698,GSE120805
CYTOR,-1,0.05161681324,GSE120805
DCDC2B,-1,NA,GSE120805
C10orf55,-1,0.004099139987,GSE120805
RN7SKP154,1,NA,GSE120805
MIR1915,1,0.5633522308,GSE120805
RN7SKP110,-1,NA,GSE120805
LOC124903422,-1,NA,GSE120805
RN7SKP16,-1,0.7779007286,GSE120805
LOC124901521,1,NA,GSE120805
RN7SKP151,-1,NA,GSE120805
RN7SKP26,1,NA,GSE120805
LOC124903421,1,0.861580548,GSE120805
RNA5SP129,1,NA,GSE120805
RNU2-17P,1,0.3588547833,GSE120805
RN7SKP156,-1,NA,GSE120805
RNU6-101P,1,NA,GSE120805
RN7SKP114,-1,0.8830353158,GSE120805
RNU6-757P,1,0.7084828398,GSE120805
RNU6-892P,1,NA,GSE120805
RNU2-33P,-1,0.9695878087,GSE120805
RN7SKP111,1,0.9777848104,GSE120805
RNU6-1156P,1,NA,GSE120805
RN7SKP267,-1,0.4108264575,GSE120805
RN7SKP225,1,NA,GSE120805
SNORD19C,-1,0.3551512206,GSE120805
RNU2-20P,1,NA,GSE120805
SNORD12B,-1,0.1863787639,GSE120805
RN7SKP202,-1,NA,GSE120805
RN7SKP127,-1,NA,GSE120805
RN7SKP281,-1,NA,GSE120805
RNU2-59P,-1,NA,GSE120805
RNU2-50P,1,NA,GSE120805
RN7SKP56,1,0.9028863963,GSE120805
RNU2-5P,1,NA,GSE120805
SNORA79B,1,0.9472304225,GSE120805
RNU6-519P,1,0.8834328993,GSE120805
RNU6-1064P,-1,NA,GSE120805
RNU6-1025P,-1,NA,GSE120805
RNA5SP345,-1,NA,GSE120805
RN7SKP222,1,NA,GSE120805
LOC124900296,-1,0.8005576277,GSE120805
RNU2-15P,1,NA,GSE120805
RNU2-37P,1,0.974151176,GSE120805
RNU2-42P,1,NA,GSE120805
RN7SKP213,1,NA,GSE120805
RNU6-1267P,1,0.8287139526,GSE120805
RN7SKP119,1,0.4827821331,GSE120805
RN7SKP38,1,0.998131439,GSE120805
RNU2-63P,1,0.8960151394,GSE120805
RNU2-7P,1,0.5949973559,GSE120805
RN7SKP91,1,0.1239062743,GSE120805
RNU2-62P,1,0.3038854234,GSE120805
RNU2-68P,-1,NA,GSE120805
MIR1537,1,NA,GSE120805
RNU6-920P,-1,NA,GSE120805
RNU4-78P,-1,0.9088380481,GSE120805
RN7SKP33,1,NA,GSE120805
RN7SKP261,-1,NA,GSE120805
RN7SKP97,-1,0.5323337231,GSE120805
RNU6-564P,-1,0.18672332,GSE120805
RN7SKP205,1,0.9178090841,GSE120805
SNORD63B,-1,0.8741217391,GSE120805
RN7SKP58,-1,NA,GSE120805
RN7SKP8,-1,NA,GSE120805
RN7SKP94,-1,NA,GSE120805
RN7SKP68,1,0.3205571183,GSE120805
RNU2-61P,-1,NA,GSE120805
RNA5SP344,1,NA,GSE120805
RN7SKP144,1,NA,GSE120805
RN7SKP161,1,0.4932693824,GSE120805
RNU6-130P,1,0.5037140053,GSE120805
RNA5SP155,-1,0.838809069,GSE120805
MIR1538,-1,NA,GSE120805
RN7SKP140,1,NA,GSE120805
RNA5SP304,1,0.3636835239,GSE120805
RN7SKP207,-1,0.7886931317,GSE120805
RNA5SP450,1,NA,GSE120805
RN7SKP112,1,0.2943993844,GSE120805
RNU2-18P,-1,NA,GSE120805
RNA5SP280,-1,NA,GSE120805
RN7SKP17,-1,NA,GSE120805
RNU6-373P,-1,NA,GSE120805
RNU6-1199P,-1,NA,GSE120805
RNU6-177P,1,0.9376197674,GSE120805
RN7SKP100,1,0.8178142705,GSE120805
RNU2-22P,1,0.6500134629,GSE120805
RN7SKP297,-1,NA,GSE120805
RNA5SP221,1,0.6352635016,GSE120805
SNORD71,1,0.7311318593,GSE120805
RNA5SP294,1,NA,GSE120805
RNU2-64P,1,NA,GSE120805
RN7SKP53,1,NA,GSE120805
RN7SKP172,-1,NA,GSE120805
RN7SKP85,-1,NA,GSE120805
RNU6-195P,1,0.945684327,GSE120805
RN7SKP30,-1,0.7717361851,GSE120805
RN7SKP279,-1,NA,GSE120805
RN7SKP273,-1,0.5430695792,GSE120805
RNU2-6P,-1,NA,GSE120805
RN7SKP3,1,0.2314139067,GSE120805
LOC124909376,1,0.1835037746,GSE120805
LINC01778,1,0.7943746546,GSE120805
LINC02068,-1,0.6751224907,GSE120805
MIR381HG,-1,0.06676441555,GSE120805
MEG9,-1,0.06676441555,GSE120805
LINC00397,-1,NA,GSE120805
TH2LCRR,-1,NA,GSE120805
USP17L2,-1,NA,GSE120805
RPL6P21,-1,NA,GSE120805
LOC101927993,1,NA,GSE120805
LINC01825,-1,0.7793565273,GSE120805
CALM1P1,-1,0.3943810833,GSE120805
NUTM2A-AS1,-1,0.6162967018,GSE120805
LINC01615,-1,6.44E-15,GSE120805
LINC02544,-1,6.44E-15,GSE120805
EXOSC6,1,0.9369872099,GSE120805
RNF14P4,1,NA,GSE120805
VPS52,1,0.3756216892,GSE120805
LOC102724719,-1,NA,GSE120805
EEF1A1P8,-1,0.8685507796,GSE120805
ZNF844,1,0.943940116,GSE120805
SNRPBP1,1,NA,GSE120805
TMSB4XP4,-1,0.5218531586,GSE120805
SMPD4P1,1,NA,GSE120805
TNRC18P2,1,NA,GSE120805
RPL3P11,1,NA,GSE120805
RPL34P7,-1,NA,GSE120805
CKMT1B,1,0.4184617354,GSE120805
CKMT1A,1,0.4184617354,GSE120805
TINCR,1,0.06829755688,GSE120805
RPL17P9,-1,NA,GSE120805
TVP23CP1,1,0.7536055485,GSE120805
LINC01986,1,NA,GSE120805
LOC100421787,-1,NA,GSE120805
EBLN1,-1,NA,GSE120805
RPL17P13,-1,NA,GSE120805
ZNF735,-1,NA,GSE120805
LINC00370,-1,0.961815648,GSE120805
LOC130494219,-1,0.961815648,GSE120805
RFPL4A,1,NA,GSE120805
RPL30P3,-1,NA,GSE120805
LINC01946,1,NA,GSE120805
PRDM6-AS1,-1,0.773180071,GSE120805
C1GALT1C1L,1,0.2182037371,GSE120805
NDUFB4P8,1,NA,GSE120805
EEF1A1P24,1,0.6452018504,GSE120805
RPL34P3,-1,NA,GSE120805
LINC00571,1,0.8147869317,GSE120805
DIP2A-IT1,1,0.603773743,GSE120805
ADH5P3,1,0.8248771092,GSE120805
MYH9-DT,1,0.7411688847,GSE120805
IGSF3P2,1,NA,GSE120805
NSUN5P1,1,0.9810098178,GSE120805
RPL15P11,1,0.9043801298,GSE120805
HSP90AB5P,-1,NA,GSE120805
LINC02593,1,0.8478446582,GSE120805
LINC00205,1,0.04557332763,GSE120805
LOC105372839,1,0.04557332763,GSE120805
LGALS8-AS1,1,0.1437181234,GSE120805
LOC107984010,1,NA,GSE120805
LOC101928516,1,0.6116564334,GSE120805
CERS1,1,0.1805127612,GSE120805
PDGFA-DT,1,0.6743404236,GSE120805
RPS10P6,-1,0.9699572988,GSE120805
HLA-DPB1,1,0.6736427215,GSE120805
LOC100131785,1,0.8276433526,GSE120805
OSER1-DT,1,6.26E-06,GSE120805
GNL2P1,-1,NA,GSE120805
EEF1A1P36,1,NA,GSE120805
RPL18AP9,-1,0.9253098291,GSE120805
ASS1P2,-1,0.5638987216,GSE120805
TNS1-AS1,1,NA,GSE120805
LOC105374235,1,NA,GSE120805
KRT8P8,-1,NA,GSE120805
LINC01014,1,NA,GSE120805
RPL6P31,-1,NA,GSE120805
ROR1-AS1,-1,0.809445291,GSE120805
C1QTNF5,1,NA,GSE120805
CHROMR,1,0.2905072624,GSE120805
THAP12P8,-1,0.9600406677,GSE120805
RRBP1P1,-1,NA,GSE120805
SMCR2,1,0.5391451764,GSE120805
RPL32P35,1,NA,GSE120805
ATP5F1CP1,-1,0.9702963074,GSE120805
LINC01449,1,NA,GSE120805
RPL21P32,-1,NA,GSE120805
MIR181A2HG,-1,0.02178424706,GSE120805
EDRF1-DT,-1,0.9008359226,GSE120805
LOC347097,1,NA,GSE120805
LINC02561,-1,NA,GSE120805
DMTF1-AS1,1,0.7013864759,GSE120805
LINC02612,1,NA,GSE120805
CPTP,-1,0.9512781111,GSE120805
GAPDHP55,-1,NA,GSE120805
RBISP5,-1,NA,GSE120805
VEZTP1,-1,0.9600406677,GSE120805
MTCO1P11,1,NA,GSE120805
RPL23AP41,-1,NA,GSE120805
RPS14P1,1,0.8992527624,GSE120805
INHBA-AS1,1,0.175644213,GSE120805
LOC105373953,1,NA,GSE120805
MIR548XHG,-1,0.8282022915,GSE120805
BAZ2B-AS1,1,0.2381725249,GSE120805
LINC02054,1,NA,GSE120805
HCG14,1,0.02956830975,GSE120805
DNAJC27-AS1,1,0.4781465373,GSE120805
MIR3681HG,1,0.6676640297,GSE120805
PITX1-AS1,1,0.06815166332,GSE120805
HAGLR,-1,NA,GSE120805
C10orf67-AS1,-1,0.9343565888,GSE120805
RPS6P8,-1,NA,GSE120805
OR2L1P,1,0.9784896145,GSE120805
MRRFP1,-1,NA,GSE120805
PDCL3P6,1,NA,GSE120805
LINC01133,-1,2.68E-06,GSE120805
RPSAP18,-1,0.7170465594,GSE120805
ENSAP1,-1,NA,GSE120805
LOC317727,-1,0.4547887517,GSE120805
SLC25A5-AS1,1,0.9596426132,GSE120805
RPL9P17,-1,NA,GSE120805
PORCN-DT,1,0.6314205431,GSE120805
PINCR,1,NA,GSE120805
RPL7P7,-1,0.9959983538,GSE120805
GTF2IP5,1,0.8543084141,GSE120805
MDC1-AS1,-1,NA,GSE120805
RPL21P21,-1,0.09324184645,GSE120805
FAM135A-AS1,-1,NA,GSE120805
LINC00703,-1,NA,GSE120805
PRR29,1,1.25E-07,GSE120805
C4B,1,0.6975984435,GSE120805
RPL7P57,1,NA,GSE120805
LOC100533848,-1,NA,GSE120805
KRT18P27,-1,NA,GSE120805
ADM5,-1,0.00192778983,GSE120805
PRKAR2A-AS1,1,5.91E-07,GSE120805
LINC00539,1,NA,GSE120805
PIGUP1,1,0.3343772304,GSE120805
RPSAP10,-1,NA,GSE120805
ATP5PBP1,-1,0.04963651134,GSE120805
PGAM1P6,1,0.515816848,GSE120805
RPL18P5,-1,NA,GSE120805
ATXN1L,1,0.9136773902,GSE120805
LOC124901449,1,NA,GSE120805
HNRNPA3P14,1,NA,GSE120805
LINC00365,1,NA,GSE120805
KRT8P45,1,0.4331380877,GSE120805
SMIM13,-1,0.01759442865,GSE120805
TMLHE-AS1,-1,NA,GSE120805
LOC101927830,-1,NA,GSE120805
CSRP1-AS1,1,0.0006019479234,GSE120805
RPL31P36,1,NA,GSE120805
EIF4BP3,-1,0.7997821164,GSE120805
C9orf78P2,1,NA,GSE120805
LINC01117,-1,NA,GSE120805
HNRNPA1L3,-1,0.6172689356,GSE120805
MIR3659HG,1,NA,GSE120805
ZMIZ1-AS1,1,0.1098265248,GSE120805
RPS5P2,-1,NA,GSE120805
HSD52,1,NA,GSE120805
RNPC3-DT,-1,NA,GSE120805
RPL37P10,-1,NA,GSE120805
CDK5RAP3P1,-1,0.9471667701,GSE120805
RPS27AP16,-1,0.6509443026,GSE120805
ZNF736P6Y,1,NA,GSE120805
LINC01823,1,NA,GSE120805
SH3BP5-AS1,-1,0.6941897341,GSE120805
IPO8P1,-1,0.1741477934,GSE120805
RASAL2-AS1,1,0.1045909781,GSE120805
LAMTOR5-AS1,1,0.2831935451,GSE120805
E2F3-IT1,-1,0.9985301828,GSE120805
NPIPA3,-1,0.8879010072,GSE120805
NPIPA2,-1,0.8879010072,GSE120805
SRRM1P1,-1,NA,GSE120805
PCOLCE-AS1,1,0.893228043,GSE120805
LOC124904039,-1,0.09018772045,GSE120805
TEX26-AS1,-1,NA,GSE120805
FDPSP8,1,0.244238004,GSE120805
HSPA8P7,-1,0.3019174482,GSE120805
BRAFP1,1,NA,GSE120805
EIF4A2P4,-1,0.6522456528,GSE120805
ABCE1P1,-1,0.5676299966,GSE120805
HLCS-AS1,-1,0.9221446008,GSE120805
KRT18P39,1,NA,GSE120805
LOC124905119,1,0.4231457751,GSE120805
RPS27AP6,-1,NA,GSE120805
TUBB4BP2,1,0.6774653922,GSE120805
LINC00853,1,0.3776736382,GSE120805
COL4A2-AS2,1,NA,GSE120805
TMEM183BP,1,0.8941257432,GSE120805
LINC00240,1,0.3835342466,GSE120805
NQO2-AS1,1,0.6679777966,GSE120805
LINC00393,1,NA,GSE120805
OPA1-AS1,-1,NA,GSE120805
LOC101928782,1,NA,GSE120805
MRPL20-AS1,1,0.8761208124,GSE120805
EML4-AS1,-1,0.8943234537,GSE120805
NDUFAF8,-1,0.8515955237,GSE120805
ARL14EPP1,-1,NA,GSE120805
RPS4XP16,1,0.891038896,GSE120805
VPS26BP1,-1,0.3656925117,GSE120805
POT1-AS1,-1,0.6948068729,GSE120805
LOC101928283,-1,0.6948068729,GSE120805
RNF32-AS1,1,0.8161771342,GSE120805
SBF1P2,-1,NA,GSE120805
LOC105377134,-1,0.9862574903,GSE120805
RPL21P91,-1,NA,GSE120805
LINC00863,1,0.3632648119,GSE120805
GOT1-DT,1,0.1323759855,GSE120805
LINC00184,1,0.5608496521,GSE120805
PRRT4,1,0.891038896,GSE120805
SRIP3,-1,0.75241255,GSE120805
KCTD10P1,-1,NA,GSE120805
KCNC4-DT,1,NA,GSE120805
INE1,1,0.1305465686,GSE120805
PARP4P2,1,0.8660791114,GSE120805
RC3H1-DT,-1,NA,GSE120805
PPP1R8P1,1,NA,GSE120805
VTA1P1,-1,NA,GSE120805
RPL7AP77,-1,NA,GSE120805
LOC102723566,1,0.9967895959,GSE120805
HMGB3P22,1,0.2495950948,GSE120805
CATIP-AS1,1,NA,GSE120805
LINC01802,-1,NA,GSE120805
ICMT-DT,1,0.7920951396,GSE120805
SNORA71A,-1,0.746377322,GSE120805
RPL3P7,-1,0.2863093704,GSE120805
LOC101927293,1,NA,GSE120805
EEF1B2P5,-1,NA,GSE120805
PSME2P2,1,0.7705583461,GSE120805
DYNC1I2P1,1,0.9835832894,GSE120805
DIP2C-AS2,1,0.9343090454,GSE120805
NPM1P39,-1,0.3722565618,GSE120805
LOC102724849,1,0.3928832918,GSE120805
DUTP6,-1,0.7806241096,GSE120805
LOC124900217,-1,0.230160772,GSE120805
PLEKHM1,-1,0.9514454972,GSE120805
LOC100131348,-1,NA,GSE120805
LINC00092,1,NA,GSE120805
LOC105376159,1,NA,GSE120805
RPS8P1,1,0.5074418151,GSE120805
MIR137HG,1,0.01340478841,GSE120805
LOC124904228,1,0.01340478841,GSE120805
SMARCE1P1,-1,0.4942410292,GSE120805
HSPA7,-1,0.8819874085,GSE120805
RPS27AP12,1,0.7820531475,GSE120805
INTS6L-AS1,1,NA,GSE120805
RPL21P107,1,NA,GSE120805
RPS2P1,1,NA,GSE120805
RPL5P25,-1,NA,GSE120805
ARMC8P1,-1,NA,GSE120805
TAF1A-AS1,1,0.07707361808,GSE120805
RPL8P2,-1,NA,GSE120805
LINC01770,1,NA,GSE120805
OSTCP2,-1,NA,GSE120805
ASS1P11,-1,NA,GSE120805
RPL23AP18,-1,0.3747162338,GSE120805
SMIM29-AS1,1,0.001133666378,GSE120805
RPL21P66,-1,NA,GSE120805
ANKRD49P2,-1,0.9178090841,GSE120805
RPF2P1,1,0.9760391482,GSE120805
PPP1R26-AS1,1,5.26E-06,GSE120805
CT62,-1,NA,GSE120805
NRSN2-AS1,1,0.00634372884,GSE120805
RPS5P7,-1,NA,GSE120805
SFTA1P,-1,0.001280395965,GSE120805
RPS15AP17,-1,NA,GSE120805
RPL21P3,-1,0.3799000476,GSE120805
EIF2AK3-AS1,1,NA,GSE120805
TNPO1P1,1,0.9810098178,GSE120805
LINC01504,1,0.5486748782,GSE120805
BOLA3-DT,-1,0.6789909322,GSE120805
FDPSP1,-1,0.5284047645,GSE120805
LOC102723305,1,NA,GSE120805
JPX,1,0.03217161348,GSE120805
NFIB-AS1,1,0.579659152,GSE120805
RPL22P4,1,NA,GSE120805
NUTM2B-AS1,-1,0.7735987796,GSE120805
AIFM1P1,1,NA,GSE120805
LINC01703,1,0.5725416673,GSE120805
MKRN2OS,1,0.3015616607,GSE120805
TMA7B,-1,NA,GSE120805
LINC01393,1,0.3350885278,GSE120805
LOC105372791,1,0.682379186,GSE120805
LOC100421468,-1,0.9954685022,GSE120805
CCT4P2,-1,0.5168155775,GSE120805
RPL35P5,-1,0.7477286715,GSE120805
NCBP2-AS1,-1,0.3344989331,GSE120805
LINC01623,1,0.3437204828,GSE120805
CCDC13-AS2,-1,NA,GSE120805
ZNF469,-1,0.01592678702,GSE120805
RPL27P4,-1,0.216122857,GSE120805
MTND2P28,-1,0.9369872099,GSE120805
RPL35AP4,-1,0.9350354664,GSE120805
MCRIP1,-1,0.002066411892,GSE120805
LOC105372988,-1,NA,GSE120805
FAM225B,1,NA,GSE120805
SLC26A6,1,0.8875071851,GSE120805
FAM66E,1,NA,GSE120805
FGD5-AS1,1,0.4159489359,GSE120805
DBH-AS1,1,0.6481777293,GSE120805
P3H2-AS1,1,NA,GSE120805
CROCCP1,1,NA,GSE120805
PROSER2-AS1,1,NA,GSE120805
MIAT,-1,0.8302926616,GSE120805
TRAM2-AS1,1,0.1765923009,GSE120805
TMEM30A-DT,1,0.3113947904,GSE120805
UBXN7-AS1,1,NA,GSE120805
RPL7P45,-1,NA,GSE120805
LINC00626,-1,0.4853702628,GSE120805
FAM229A,1,0.9962834372,GSE120805
ERCC6,1,0.04837379382,GSE120805
RUSC1-AS1,1,0.6985432142,GSE120805
PSG8-AS1,1,NA,GSE120805
LOC124903883,-1,0.3422653664,GSE120805
RPS6P11,-1,NA,GSE120805
FRG2B,-1,NA,GSE120805
RPS27P16,1,NA,GSE120805
RPL26P36,-1,0.9229276002,GSE120805
HCG23,-1,NA,GSE120805
TSBP1-AS1,-1,NA,GSE120805
NOL7,-1,0.04782361971,GSE120805
RPL21P92,1,NA,GSE120805
LINC02249,1,0.8546632885,GSE120805
ZFAND3-DT,1,0.1172314669,GSE120805
NTF4,1,0.04235831176,GSE120805
ODF2-AS1,-1,NA,GSE120805
SATB2-AS1,1,0.9391269257,GSE120805
ELFN1,1,0.0233428877,GSE120805
PIGBOS1,1,0.9578296357,GSE120805
OR7E19P,-1,0.6959696334,GSE120805
MICALL2-DT,-1,NA,GSE120805
RPL23AP34,-1,0.8967065853,GSE120805
GTF2IP14,1,0.9471557127,GSE120805
LINC02660,1,NA,GSE120805
LOC105376367,1,NA,GSE120805
KCNIP2-AS1,-1,0.4056565637,GSE120805
LOC100419786,-1,0.3495585694,GSE120805
CCT8P1,1,0.9424304225,GSE120805
PRICKLE2-AS3,1,NA,GSE120805
RWDD3-DT,1,0.1274918159,GSE120805
LINC01772,-1,0.9235801596,GSE120805
LINC01040,-1,NA,GSE120805
TLK2P1,1,0.2566659172,GSE120805
ZNF503-AS1,-1,NA,GSE120805
LINC01776,-1,0.8219203285,GSE120805
LOC107985789,1,NA,GSE120805
RPL6P4,-1,NA,GSE120805
RPS10P10,-1,NA,GSE120805
RPL17P6,-1,0.5822597332,GSE120805
EIF3LP3,-1,0.8528134683,GSE120805
LOC105374588,1,0.09496252094,GSE120805
LOC124907763,1,0.09496252094,GSE120805
LINC00937,1,NA,GSE120805
LOC101927769,-1,NA,GSE120805
SEPTIN7P3,-1,0.8016879668,GSE120805
RPL36AP54,-1,NA,GSE120805
FTCDNL1,1,0.6729599347,GSE120805
PSMC1P12,1,NA,GSE120805
BAIAP2-DT,1,0.009831495617,GSE120805
TEX22,1,0.5038603925,GSE120805
LOC100129215,-1,0.8919773939,GSE120805
SYNE1-AS2,1,0.1170697286,GSE120805
LINC02519,-1,NA,GSE120805
LINC01733,-1,NA,GSE120805
WASH8P,1,0.4540675554,GSE120805
RPS12P5,1,0.9585768931,GSE120805
RPL26P19,-1,0.7353071432,GSE120805
NPIPB14P,1,NA,GSE120805
KRT18P24,-1,NA,GSE120805
LEMD1-AS1,1,NA,GSE120805
GAS1RR,1,0.2381441877,GSE120805
LOC100128601,-1,NA,GSE120805
KRT18P36,-1,0.1925289855,GSE120805
LINC02608,1,0.2634871085,GSE120805
PTP4A1P3,-1,0.8843635656,GSE120805
RPL12P10,-1,0.5348705306,GSE120805
LOC100129144,1,NA,GSE120805
RPS3AP10,1,NA,GSE120805
SMARCE1P2,-1,NA,GSE120805
CFLAR-AS1,1,0.2641212443,GSE120805
ZKSCAN8P1,1,0.2432200944,GSE120805
RPS3AP38,1,0.9585252845,GSE120805
CROCC2,1,NA,GSE120805
RPSAP49,-1,0.5496124566,GSE120805
NUP50-DT,1,0.1098313182,GSE120805
RPL23AP28,1,0.9702139919,GSE120805
VN2R10P,-1,NA,GSE120805
ACTG1P24,1,0.8136628692,GSE120805
RPL10AP6,-1,0.8754554472,GSE120805
ST7-AS2,-1,NA,GSE120805
LINC00375,1,NA,GSE120805
LOC105370291,1,NA,GSE120805
LINC01876,1,0.1125805868,GSE120805
RBMX2P1,1,NA,GSE120805
SLC16A1-AS1,-1,0.03287957854,GSE120805
LINC01357,-1,0.03287957854,GSE120805
SLC25A5P5,1,NA,GSE120805
RPL15P13,1,NA,GSE120805
USP17L7,-1,NA,GSE120805
ANKRD18DP,1,NA,GSE120805
H3P43,-1,NA,GSE120805
RPS12P9,1,NA,GSE120805
CYP2D8P,1,0.91755528,GSE120805
LINC02542,-1,NA,GSE120805
RPL22P3,-1,0.5393165785,GSE120805
ADAM1B,-1,NA,GSE120805
TMEM185B,-1,0.7261592024,GSE120805
OR7H1P,1,NA,GSE120805
LOC101928627,1,NA,GSE120805
RBM22P3,-1,NA,GSE120805
LINC00323,-1,0.8527112297,GSE120805
RPSAP21,-1,0.4639631268,GSE120805
USF1P1,1,NA,GSE120805
RPS7P10,-1,0.4784255292,GSE120805
RPL7P22,-1,0.9215624035,GSE120805
RPL27P3,1,NA,GSE120805
AGKP1,-1,NA,GSE120805
NPM1P49,-1,NA,GSE120805
CYP4F26P,-1,0.1135359085,GSE120805
SNX30-DT,1,NA,GSE120805
RPL13AP16,-1,NA,GSE120805
PPIAP28,-1,NA,GSE120805
ACTG1P12,-1,0.5631735136,GSE120805
BUD13-DT,-1,0.7813735943,GSE120805
RPL7P37,-1,NA,GSE120805
PLCG1-AS1,-1,0.9589197089,GSE120805
KIF4B,1,0.2107594758,GSE120805
SSR1P2,-1,0.3285629514,GSE120805
LINC01108,-1,0.8217943951,GSE120805
TEX41,-1,0.6894667839,GSE120805
LINC02679,1,NA,GSE120805
LINC01535,1,0.6629374448,GSE120805
ENTPD1-AS1,-1,1.64E-05,GSE120805
C7orf78,1,NA,GSE120805
LENG8-AS1,1,0.2247147794,GSE120805
FGF12-AS3,-1,NA,GSE120805
FAM66C,1,0.005500345805,GSE120805
EEF1DP2,1,0.0862940957,GSE120805
LINC02554,-1,NA,GSE120805
HSBP1L1,1,0.02725196432,GSE120805
SMCR5,1,NA,GSE120805
MAGOH-DT,1,0.8076937016,GSE120805
PP12613,1,NA,GSE120805
DISC1-IT1,-1,0.817672306,GSE120805
TAS2R46,1,0.999335329,GSE120805
SRRM5,-1,0.8134172585,GSE120805
RPSAP33,-1,NA,GSE120805
PGAM4,1,NA,GSE120805
LINC02611,-1,NA,GSE120805
C13orf42,-1,NA,GSE120805
CACTIN-AS1,1,0.9845559186,GSE120805
LCT-AS1,-1,0.03020214915,GSE120805
LINC00619,-1,0.09139972779,GSE120805
LINC00840,-1,0.09139972779,GSE120805
LOC100996437,-1,0.7571875879,GSE120805
LINC02774,-1,NA,GSE120805
LOC100505774,1,0.3605808519,GSE120805
PPP1CB-DT,1,0.3605808519,GSE120805
ARHGAP29-AS1,-1,0.8691701993,GSE120805
HMGB1P32,1,NA,GSE120805
EEF1GP3,1,NA,GSE120805
RPSAP17,-1,0.817205697,GSE120805
THORLNC,-1,NA,GSE120805
LOC124907879,-1,NA,GSE120805
LHFPL3-AS1,-1,NA,GSE120805
TRPC6P10,1,NA,GSE120805
ERVMER34-1,-1,NA,GSE120805
ATF6-DT,1,0.01864719793,GSE120805
LINC01359,-1,NA,GSE120805
H2BP6,-1,NA,GSE120805
BSN-DT,1,0.637110351,GSE120805
RPL19P4,1,NA,GSE120805
PDZPH1P,1,NA,GSE120805
CEP164P1,-1,0.9699296317,GSE120805
RPS4XP2,-1,0.8598895184,GSE120805
DANCR,-1,6.90E-05,GSE120805
NCKAP5-AS2,1,NA,GSE120805
LTA,1,0.7148240558,GSE120805
CENPCP1,1,0.8959783057,GSE120805
LINC01203,-1,NA,GSE120805
LINC01247,-1,NA,GSE120805
LINC00511,-1,1.15E-07,GSE120805
LINC00673,-1,1.15E-07,GSE120805
ITGB2-AS1,1,0.9711575346,GSE120805
LOC285453,-1,0.515349994,GSE120805
C14orf132,-1,0.0003803907454,GSE120805
MUC12-AS1,1,0.4713644471,GSE120805
WDR46,-1,0.019315626,GSE120805
LINC00629,1,0.7534652679,GSE120805
EPS15-AS1,1,0.3361885341,GSE120805
FOCAD-AS1,-1,0.9097808138,GSE120805
LINC02798,1,0.6760100815,GSE120805
PARP1P1,1,0.4566892453,GSE120805
LMCD1-AS1,1,0.9929742233,GSE120805
LOC101927394,1,0.9929742233,GSE120805
LOC107986009,1,0.9929742233,GSE120805
ZNF717,1,0.1101255054,GSE120805
IL21-AS1,1,NA,GSE120805
WDR11-DT,1,0.9284080739,GSE120805
YAE1-DT,-1,NA,GSE120805
RPL21P31,1,NA,GSE120805
MIR663AHG,-1,0.7065761599,GSE120805
LOC124904967,-1,0.7065761599,GSE120805
ST7-AS1,1,0.0001039418362,GSE120805
RPL31P12,-1,NA,GSE120805
WDR35-DT,1,0.1774764178,GSE120805
HCG15,1,0.4888170281,GSE120805
LOC124902280,1,NA,GSE120805
SPANXB1,-1,0.9790549888,GSE120805
TTC39DP,1,NA,GSE120805
COPS8-DT,-1,0.8023432585,GSE120805
MIS18A-AS1,1,0.7943746546,GSE120805
SMIM2-AS1,-1,0.9896822348,GSE120805
LINC01985,1,NA,GSE120805
DONSONP1,1,0.6215532174,GSE120805
KLLN,1,0.9697658707,GSE120805
CDH2-AS1,-1,0.9942285054,GSE120805
LOC105373888,1,0.01951347175,GSE120805
RPL31P19,1,NA,GSE120805
RPL21P20,-1,0.9883261826,GSE120805
RPL7AP22,-1,0.02525132221,GSE120805
RPL23AP43,-1,0.7943746546,GSE120805
THRAP3P1,1,0.879041159,GSE120805
RPL15P1,1,NA,GSE120805
HAUS6P1,-1,0.9796197747,GSE120805
PARG,1,0.2600032074,GSE120805
HNRNPKP2,1,0.999335329,GSE120805
PPIAP88,-1,NA,GSE120805
RBM26-AS1,1,1.10E-14,GSE120805
LINC02936,-1,0.8780945913,GSE120805
RABGAP1L-DT,1,0.8939715197,GSE120805
DLG1-AS1,1,0.004651927826,GSE120805
RPL11P1,-1,NA,GSE120805
RPL21P82,-1,0.9995559892,GSE120805
RPL37P1,-1,NA,GSE120805
LINC01806,1,NA,GSE120805
ZMYM4-AS1,-1,NA,GSE120805
H3P9,1,NA,GSE120805
CSE1L-DT,1,0.5765397998,GSE120805
RPS8P4,1,NA,GSE120805
LINC00310,-1,0.9804156432,GSE120805
PSME2P6,-1,NA,GSE120805
LOC101927575,1,NA,GSE120805
LINC01537,1,NA,GSE120805
RPL39P16,-1,0.1157283957,GSE120805
RPL6P24,1,NA,GSE120805
STK4-DT,1,0.2816172676,GSE120805
LOC102723834,-1,0.2031144605,GSE120805
SCAMP4,-1,0.8958454031,GSE120805
MROCKI,1,0.6875616894,GSE120805
LTB,1,NA,GSE120805
LINC01483,1,NA,GSE120805
RPL7P6,-1,0.2054168927,GSE120805
DIAPH3-AS1,-1,NA,GSE120805
SLC2A1-DT,1,0.07411115219,GSE120805
SOCS5P4,-1,0.5805913692,GSE120805
MYO1B-AS1,-1,0.9112811834,GSE120805
RPS15AP30,1,0.9781277042,GSE120805
ADGRF5P1,1,0.7818994536,GSE120805
RPS3AP37,-1,0.9575818524,GSE120805
HSD11B1-AS1,1,0.7270096433,GSE120805
CERS6-AS1,1,0.5494190363,GSE120805
LOC105376292,-1,NA,GSE120805
LINC01132,1,0.01420377692,GSE120805
SOX21-AS1,1,NA,GSE120805
LINC01068,1,0.3240137453,GSE120805
RPL23AP74,-1,0.8660791114,GSE120805
DNMBP-AS1,1,NA,GSE120805
MTND6P5,-1,NA,GSE120805
LOC101927468,1,NA,GSE120805
LINC02803,-1,0.7820454714,GSE120805
PEA15-AS1,1,0.7075337698,GSE120805
RCC2-AS1,-1,NA,GSE120805
NTRAS,1,0.6238192641,GSE120805
RPL7P12,1,NA,GSE120805
RPL21P90,-1,0.9804159521,GSE120805
INKA2-AS1,1,0.2067805052,GSE120805
LOC100129734,-1,0.7735987796,GSE120805
PKD1P2,-1,0.4006873407,GSE120805
SUCLA2-AS1,-1,0.6325055227,GSE120805
SEPTIN2P1,-1,0.916712708,GSE120805
TEX46,-1,NA,GSE120805
LOC100420572,1,NA,GSE120805
PSPC1P1,1,0.6334433748,GSE120805
ASS1P5,-1,NA,GSE120805
LOC124901333,-1,0.9597452734,GSE120805
FAM86B2-DT,1,0.6431655093,GSE120805
PSMA2P3,1,0.9995559892,GSE120805
WAPL-DT,1,0.2934170924,GSE120805
SNAP25-AS1,-1,0.3554414084,GSE120805
IL6ST-DT,1,0.00580033851,GSE120805
LOC101926948,-1,NA,GSE120805
RPL3P2,-1,0.6907328203,GSE120805
UQCRBP2,-1,0.5549324313,GSE120805
FRMD8P1,-1,NA,GSE120805
TARID,-1,0.2936741585,GSE120805
RBM15-AS1,1,0.3155157064,GSE120805
LINC01429,-1,NA,GSE120805
LOC100131425,-1,NA,GSE120805
THAP12P3,1,NA,GSE120805
RPL7P30,-1,NA,GSE120805
RAB11AP1,-1,NA,GSE120805
IL6R-AS1,1,NA,GSE120805
HCG20,1,0.2394761457,GSE120805
NGF-AS1,1,NA,GSE120805
POLR2J2,-1,0.3669481768,GSE120805
RPL21P87,-1,NA,GSE120805
SEC63P1,-1,0.6230266254,GSE120805
PABPC4-AS1,-1,NA,GSE120805
ELP4-AS1,-1,0.8074364936,GSE120805
LYPLAL1-DT,1,0.1542683188,GSE120805
RPL7P47,-1,0.6189589067,GSE120805
SUGT1P1,1,NA,GSE120805
MTATP6P11,-1,NA,GSE120805
MELTF-AS1,1,0.9844787508,GSE120805
ST13P19,-1,0.9391269257,GSE120805
FALEC,1,0.1295819143,GSE120805
LOC124903852,1,0.1010184378,GSE120805
RPL3P1,-1,NA,GSE120805
LOC102724624,1,0.1503799797,GSE120805
MTND1P11,-1,NA,GSE120805
HNRNPA1P21,-1,0.4290024111,GSE120805
LOC100421400,-1,NA,GSE120805
LINC02843,1,NA,GSE120805
RPL23AP16,1,NA,GSE120805
ZNF691-DT,1,0.550164059,GSE120805
RPS3P3,-1,0.04308135355,GSE120805
LINC02869,1,0.7136868023,GSE120805
RPL7AP12,1,NA,GSE120805
OFD1P17,-1,NA,GSE120805
NPM1P30,-1,NA,GSE120805
LINC00578,-1,NA,GSE120805
HCG11,1,0.0009934114255,GSE120805
LOC107986583,1,0.0009934114255,GSE120805
NACA4P,-1,0.9015590517,GSE120805
MT-ATP8,-1,0.7875496309,GSE120805
PSMD8P1,-1,0.5723317739,GSE120805
MGAT4EP,1,0.834124865,GSE120805
PCAT6,1,0.834124865,GSE120805
OR2S1P,1,0.9253438142,GSE120805
GUSBP11,-1,0.6614295116,GSE120805
MTATP6P19,1,NA,GSE120805
FKTN-AS1,-1,NA,GSE120805
RPL17P43,1,NA,GSE120805
LINC02910,1,0.7289319434,GSE120805
MIR646HG,1,0.7289319434,GSE120805
LOC729296,1,0.7289319434,GSE120805
CHMP3-AS1,-1,0.2278062588,GSE120805
LOC100996384,-1,NA,GSE120805
LOC112268032,-1,NA,GSE120805
ITPKB-IT1,1,NA,GSE120805
LOC105374796,-1,NA,GSE120805
LOC101929270,1,0.8725215898,GSE120805
LINC01635,1,0.227617443,GSE120805
RPS20P6,-1,0.9471667701,GSE120805
LNC-LBCS,1,0.6677496601,GSE120805
REL-DT,-1,NA,GSE120805
LINC00687,1,NA,GSE120805
LOC100419458,1,NA,GSE120805
RRAGC-DT,1,0.09153070847,GSE120805
RPS19P7,-1,0.4799844757,GSE120805
RPL23AP21,-1,NA,GSE120805
OST4,-1,0.4779469693,GSE120805
C2orf92,-1,0.8522521692,GSE120805
RPL21P50,-1,NA,GSE120805
LINC01013,-1,NA,GSE120805
LOC100506405,1,NA,GSE120805
RPL15P18,1,0.9942285054,GSE120805
DNAJB6P4,-1,NA,GSE120805
MIR34AHG,1,3.48E-12,GSE120805
CCDC183-AS1,1,0.9274252076,GSE120805
PMS2P12,1,0.9832177136,GSE120805
LINC03126,-1,0.6287065695,GSE120805
LINC03135,-1,NA,GSE120805
FNDC10,-1,0.541449975,GSE120805
PAICSP2,-1,NA,GSE120805
RPL7P52,1,NA,GSE120805
DCAF8-DT,1,0.3654547772,GSE120805
ZNF883,1,0.945684327,GSE120805
HDAC2-AS2,1,0.6967032154,GSE120805
LOC107986638,1,0.6967032154,GSE120805
HOTAIR,1,0.9691364165,GSE120805
SNHG26,-1,0.0001170124296,GSE120805
HNRNPCP7,-1,0.9848055943,GSE120805
STIM1-AS1,1,0.6810050258,GSE120805
KRT18P1,1,NA,GSE120805
PROB1,-1,0.9370209717,GSE120805
TTC3-AS1,-1,NA,GSE120805
LOC124901619,1,NA,GSE120805
ARL17A,-1,0.8277192473,GSE120805
ARL17B,-1,0.8277192473,GSE120805
LOC100996709,-1,0.8277192473,GSE120805
TNKS2-DT,1,0.4117821908,GSE120805
LINC00659,1,NA,GSE120805
DHFR,-1,2.00E-05,GSE120805
NAB1P1,-1,NA,GSE120805
SAPCD1,-1,0.8691246798,GSE120805
SPATA13,1,0.003709624454,GSE120805
LINC02577,1,0.1117995959,GSE120805
RPS3AP30,-1,NA,GSE120805
EIF4BP2,-1,0.8300480737,GSE120805
FAF2P1,-1,NA,GSE120805
RPL7L1P8,-1,NA,GSE120805
MIR365BHG,-1,0.6908793971,GSE120805
WEE2-AS1,1,0.7576270486,GSE120805
RPL21P84,1,NA,GSE120805
LINC00954,1,NA,GSE120805
NLGN4Y-AS1,-1,NA,GSE120805
LOC100507336,-1,NA,GSE120805
LINC01128,-1,0.04607596998,GSE120805
PCMTD1-DT,1,0.2050637814,GSE120805
LOC124901944,1,0.2050637814,GSE120805
HMGB3P4,1,0.9399136582,GSE120805
LAMA5-AS1,1,NA,GSE120805
PSMD2P1,1,0.7452618491,GSE120805
AGKP2,1,NA,GSE120805
RPSAP1,-1,NA,GSE120805
MIR4500HG,1,0.7794528062,GSE120805
TLK2P2,1,0.880830317,GSE120805
RPS11P2,-1,NA,GSE120805
ACTR3-AS1,1,0.5169302606,GSE120805
RPL23AP12,-1,NA,GSE120805
COX4I1P2,1,NA,GSE120805
LOC100506532,1,0.9619335088,GSE120805
LOC105376311,1,0.9619335088,GSE120805
SEPTIN7-DT,1,0.09815710397,GSE120805
EEF1DP1,1,0.9798016825,GSE120805
UBAC2-AS1,1,0.1878924629,GSE120805
LOC389199,1,0.8952730709,GSE120805
MCFD2-AS1,-1,NA,GSE120805
RPS13P2,-1,0.8038431943,GSE120805
MTA3P1,-1,NA,GSE120805
AKT3-IT1,-1,0.7101057332,GSE120805
LOC100128362,1,NA,GSE120805
RPS2P20,-1,0.5115332023,GSE120805
LOC100130861,-1,NA,GSE120805
ORMDL1P1,-1,0.6342991937,GSE120805
SEPTIN7P8,1,0.667250745,GSE120805
ACTBP14,1,NA,GSE120805
RPL30P13,-1,NA,GSE120805
RPL6P3,-1,0.7050407817,GSE120805
ZFAND2A-DT,1,0.004464290013,GSE120805
LINC01788,1,NA,GSE120805
RPS29P14,-1,NA,GSE120805
HECW2-AS1,1,0.003021820045,GSE120805
HSPA8P8,-1,0.007151916595,GSE120805
LINC02587,1,NA,GSE120805
MED4-AS1,-1,NA,GSE120805
RPL41,-1,0.3758843776,GSE120805
VIM-AS1,-1,0.5471099116,GSE120805
EIF4A1P10,-1,0.09955554952,GSE120805
RPS7P4,-1,NA,GSE120805
ACTBP1,-1,NA,GSE120805
EPHA1-AS1,1,NA,GSE120805
RPL19P20,1,NA,GSE120805
ATP5PDP2,-1,0.8907558158,GSE120805
LINC03008,1,NA,GSE120805
RPS15AP28,-1,NA,GSE120805
LINC00242,-1,0.2038535085,GSE120805
KRT18P4,1,0.7969951547,GSE120805
LOC105378289,1,NA,GSE120805
MT1P3,-1,0.1210547114,GSE120805
RPL37P18,-1,0.4411468236,GSE120805
TTTY10,1,0.0704547861,GSE120805
LOC101928994,1,0.0826950039,GSE120805
SNHG31,1,0.5891550338,GSE120805
PES1P2,-1,NA,GSE120805
LINC03036,1,NA,GSE120805
RFPL4AL1,1,NA,GSE120805
TUBB8P1,-1,NA,GSE120805
KRT8P12,1,0.08859341531,GSE120805
EPC1-AS1,1,NA,GSE120805
MTCO2P12,-1,0.8919862772,GSE120805
HYI-AS1,-1,0.9448575365,GSE120805
DENRP4,1,NA,GSE120805
SZT2-AS1,1,0.8463856024,GSE120805
LINC00452,-1,0.3975652988,GSE120805
NPM1P25,-1,0.3113548256,GSE120805
RALGAPA1P1,1,0.886280644,GSE120805
ANKRD26P4,-1,0.6383497171,GSE120805
RLIMP1,1,NA,GSE120805
PATL2,1,0.007181973765,GSE120805
RPL21P37,1,NA,GSE120805
FLT1P1,1,NA,GSE120805
MYCBP2-AS2,1,0.6286910742,GSE120805
DNPEP-AS1,1,0.1863787639,GSE120805
RABGAP1L-AS1,1,NA,GSE120805
SACS-AS1,1,0.9710352066,GSE120805
ZFYVE9P1,1,NA,GSE120805
LINC01204,1,0.7630964288,GSE120805
GAPDHP58,1,NA,GSE120805
TNPO1P3,1,0.6313374893,GSE120805
ACVR2B-AS1,1,0.01095581807,GSE120805
RPL21P93,-1,0.05620891395,GSE120805
MBNL1-AS1,-1,0.2404716708,GSE120805
MTND5P2,1,0.4397144182,GSE120805
METTL21AP1,1,0.9917138868,GSE120805
KRT8P21,1,NA,GSE120805
PRAC2,1,0.5609506438,GSE120805
RPL4P4,-1,0.02507623775,GSE120805
NAMPTP1,-1,0.007166102164,GSE120805
ITGB1-DT,1,0.6211471873,GSE120805
RPL26P6,1,0.9685965039,GSE120805
DPY19L4P1,1,NA,GSE120805
ZNF492,-1,0.8908835054,GSE120805
RPL17P28,1,0.9096701176,GSE120805
RPL37P7,1,NA,GSE120805
ANKRD33BP1,1,0.0006451885328,GSE120805
KARS1P1,-1,NA,GSE120805
LCEP2,1,NA,GSE120805
MIR194-2HG,-1,0.04507752779,GSE120805
LOC101929460,-1,6.45E-11,GSE120805
RPS8P7,1,0.9853079779,GSE120805
PDC-AS1,-1,0.9264869427,GSE120805
RPL7P10,-1,NA,GSE120805
RPL7AP21,-1,NA,GSE120805
LOC100420540,1,NA,GSE120805
UBE2Q1-AS1,-1,0.5717212239,GSE120805
MTCYBP32,-1,0.5787591218,GSE120805
RPS21P1,-1,NA,GSE120805
KRT18P26,-1,NA,GSE120805
RPS15P5,-1,NA,GSE120805
LOC100422526,1,0.5746822569,GSE120805
ZNF688,1,0.007271174967,GSE120805
LOC645266,-1,0.8800843296,GSE120805
RPS15AP39,-1,NA,GSE120805
PET100,1,0.9982484613,GSE120805
KHSRPP1,-1,0.9670154195,GSE120805
EMX2OS,-1,NA,GSE120805
KHDC1-AS1,1,0.972782196,GSE120805
RPL19P2,1,NA,GSE120805
STEAP3-AS1,1,NA,GSE120805
LARP4B-DT,-1,NA,GSE120805
OGFR-AS1,1,NA,GSE120805
IMMTP1,1,0.9865081781,GSE120805
LINC01315,-1,NA,GSE120805
TAX1BP1-AS1,1,NA,GSE120805
SEPTIN7P7,-1,0.9526640177,GSE120805
FOXO6-AS1,-1,0.9688329382,GSE120805
RPS10P8,-1,NA,GSE120805
RPS4XP5,1,0.3791972081,GSE120805
PRPS1L1,-1,NA,GSE120805
MIR5689HG,-1,0.5966289265,GSE120805
FOSL2-AS1,1,0.01984798452,GSE120805
BCAN-AS2,1,0.5182464902,GSE120805
MTND2P2,-1,0.8067014648,GSE120805
ZRANB2-DT,-1,0.9529184927,GSE120805
LOC105372753,1,0.6989540737,GSE120805
RPS3AP7,-1,NA,GSE120805
TOB1-AS1,1,6.56E-08,GSE120805
RPL18AP5,1,NA,GSE120805
AKR1B1P1,1,0.5209613047,GSE120805
RPL5P4,-1,0.8831631855,GSE120805
ALMS1-IT1,-1,0.7078161275,GSE120805
CT70,-1,NA,GSE120805
LOC100506929,1,NA,GSE120805
PPIAP39,1,NA,GSE120805
LINC00364,-1,NA,GSE120805
AK3P3,1,0.9798904251,GSE120805
RPL21P81,-1,NA,GSE120805
LRRC37A15P,1,0.291888624,GSE120805
RPL4P6,1,0.338555197,GSE120805
RPL10P6,-1,0.8635407463,GSE120805
MTAPP2,-1,0.8995096815,GSE120805
HSPE1P28,-1,NA,GSE120805
PRRT3-AS1,-1,7.31E-11,GSE120805
LINC02028,1,0.4124837719,GSE120805
LINC02643,1,0.1803096639,GSE120805
RPS3AP11,-1,NA,GSE120805
ACBD6,-1,0.4465332278,GSE120805
LHX4-AS1,-1,0.4465332278,GSE120805
EEF1A1P39,1,NA,GSE120805
HOXB-AS1,1,0.3795590539,GSE120805
CT45A11P,-1,0.8304391212,GSE120805
LINC01149,1,NA,GSE120805
RPS13P1,-1,NA,GSE120805
LINC01433,1,NA,GSE120805
RPL12P49,-1,NA,GSE120805
RPL21P83,1,NA,GSE120805
RABGEF1P2,1,0.006765619206,GSE120805
RPL34P35,-1,0.1701006089,GSE120805
RPS3AP55,-1,NA,GSE120805
RPL4P5,-1,0.6863322172,GSE120805
ATMINP1,1,NA,GSE120805
ATXN8OS,-1,NA,GSE120805
PHB1P9,1,NA,GSE120805
MTND5P14,1,NA,GSE120805
H3P1,-1,0.9071883933,GSE120805
NFE4,1,0.000457730633,GSE120805
LINC02525,1,NA,GSE120805
RPL7P61,-1,NA,GSE120805
RPL26P32,1,0.4145588453,GSE120805
ELOVL2-AS1,-1,0.9471667701,GSE120805
XRCC6P3,1,NA,GSE120805
FANCD2P2,-1,NA,GSE120805
NCAPD2P1,1,0.6037883442,GSE120805
DDX10P2,1,0.9495767978,GSE120805
ACTG1P23,-1,0.4566614181,GSE120805
RPL4P3,-1,0.7532643222,GSE120805
DSCR9,-1,0.2688239815,GSE120805
KARS1P2,1,NA,GSE120805
GOLGA6L3P,-1,0.8960151394,GSE120805
RPL6P19,-1,0.8056615257,GSE120805
RPSAP25,-1,NA,GSE120805
LINC01048,-1,NA,GSE120805
RPSAP23,-1,NA,GSE120805
LINC03098,1,0.7336354716,GSE120805
SPTLC1P1,-1,NA,GSE120805
RPL23P5,1,NA,GSE120805
BZW1-AS1,1,NA,GSE120805
LINC00595,1,NA,GSE120805
LINC00856,1,NA,GSE120805
LOC105378375,1,NA,GSE120805
EMC1-AS1,-1,0.7616101966,GSE120805
LINC01036,1,NA,GSE120805
LRRC37A6P,1,0.4290024111,GSE120805
RPL7P4,1,0.2635454428,GSE120805
ANKRD18B,-1,0.0008277714139,GSE120805
LINC03143,1,0.9320721374,GSE120805
RPL5P26,1,NA,GSE120805
CLDN14-AS1,1,0.7982045414,GSE120805
RPL34P11,-1,NA,GSE120805
PSMG3-AS1,1,2.56E-06,GSE120805
LOC100286962,1,NA,GSE120805
RPL7AP8,-1,NA,GSE120805
RPL19P21,1,0.8682930963,GSE120805
THAP7-AS1,1,0.7604047605,GSE120805
HMGB1P49,1,NA,GSE120805
EIF3IP2,-1,NA,GSE120805
LOC105379829,-1,NA,GSE120805
HMGB1P11,-1,0.9979902268,GSE120805
SF3A3P1,-1,0.9515546075,GSE120805
RPL19P5,-1,0.78547937,GSE120805
ACTG1P14,-1,0.7613300162,GSE120805
CCT5P2,-1,0.2117231396,GSE120805
LOC107985876,1,NA,GSE120805
FTX,1,0.5001266047,GSE120805
RPSAP8,1,0.5663339228,GSE120805
HM13-AS1,1,0.3142963695,GSE120805
LOC107984948,1,0.5774743178,GSE120805
UQCRHP1,-1,NA,GSE120805
RPS23P8,-1,0.1501875786,GSE120805
LOC442041,1,NA,GSE120805
RPL26P12,-1,NA,GSE120805
TNPO1P2,1,0.7606450964,GSE120805
SETSIP,-1,0.4168951037,GSE120805
ENO1-AS1,1,0.243702266,GSE120805
FBXW4P1,1,0.0726404481,GSE120805
RPL31P30,1,NA,GSE120805
LOC284191,-1,NA,GSE120805
CTAGE13P,-1,NA,GSE120805
RPL17P5,1,0.9056515374,GSE120805
RPL10P3,1,NA,GSE120805
ZNF341-AS1,1,NA,GSE120805
SNAP23P1,1,0.3574437069,GSE120805
VN1R108P,1,0.02623702381,GSE120805
LOC105374593,-1,NA,GSE120805
ANKRD63,-1,0.6955526597,GSE120805
RPLP0P4,1,NA,GSE120805
PSAT1P3,-1,0.02005958026,GSE120805
SMARCE1P5,1,0.5140446892,GSE120805
HLA-K,1,0.9173725731,GSE120805
YY2,-1,0.6660174099,GSE120805
RPS2P16,1,NA,GSE120805
LOC105370670,-1,NA,GSE120805
RPS6P15,1,NA,GSE120805
LINC03016,1,0.4247074215,GSE120805
RPL27P10,1,NA,GSE120805
RPS16P6,-1,NA,GSE120805
RPL31P2,1,0.3897541731,GSE120805
LINC01614,-1,0.05808125346,GSE120805
RPL23AP15,1,NA,GSE120805
ZNF674-AS1,1,3.18E-06,GSE120805
RPL10P11,1,NA,GSE120805
FBXW11P1,1,0.2422009698,GSE120805
STMND1,1,0.843070046,GSE120805
LINC00486,1,NA,GSE120805
RPS18P12,-1,0.3889500775,GSE120805
RPS3P1,1,NA,GSE120805
LINC02541,-1,0.1345615311,GSE120805
AURKBP1,-1,NA,GSE120805
GPS2P2,1,NA,GSE120805
RPL18AP6,1,0.7085412629,GSE120805
LOC647132,-1,NA,GSE120805
HSBP1,-1,0.917648413,GSE120805
RPL7P32,-1,0.8804875337,GSE120805
CDC20P1,1,2.78E-06,GSE120805
LINC00326,1,NA,GSE120805
AHI1-DT,1,0.964443069,GSE120805
RPL7L1P9,1,NA,GSE120805
LOC644456,1,0.9616279225,GSE120805
GCNT1P3,1,0.4955671133,GSE120805
GNB1-DT,1,0.7222936381,GSE120805
LINC02522,1,0.835647531,GSE120805
NEK2-DT,1,0.01262809904,GSE120805
RPL6P6,1,NA,GSE120805
THBS3-AS1,-1,0.9147716616,GSE120805
HCG18,1,0.8019894264,GSE120805
HCG17,1,0.8019894264,GSE120805
LOC105373411,-1,0.9882957817,GSE120805
TRMT1P1,1,NA,GSE120805
ECE1-AS1,1,0.9955354615,GSE120805
LOC101927377,-1,0.4826846397,GSE120805
LOC105378305,-1,NA,GSE120805
TCF7L1-IT1,1,NA,GSE120805
RPL7P56,1,NA,GSE120805
TRBV26OR9-2,1,0.9794100943,GSE120805
LINC01720,1,NA,GSE120805
LINC00852,-1,0.3170673737,GSE120805
RPL9P11,-1,0.5388699161,GSE120805
LINC01844,1,0.0001671953199,GSE120805
FARP1-AS1,1,0.2983412365,GSE120805
KRT8P10,1,NA,GSE120805
GS1-600G8.3,1,NA,GSE120805
TRIM31-AS1,1,0.1326792852,GSE120805
CTNNBL1P1,-1,NA,GSE120805
RPS3AP3,1,0.911615399,GSE120805
PSMC1P3,1,NA,GSE120805
ITPR1-DT,1,0.08190651319,GSE120805
CFAP97D1,-1,0.5103407304,GSE120805
SBK3,1,0.5750376753,GSE120805
APCDD1L-DT,1,0.4424677097,GSE120805
MANCR,1,0.3413100373,GSE120805
SGO1-AS1,1,0.0214215727,GSE120805
LOC101927829,1,0.0214215727,GSE120805
RPS3P2,1,0.1208010066,GSE120805
MAP4K3-DT,1,0.006944049138,GSE120805
LOC105369308,1,0.03236914562,GSE120805
LINC01816,-1,0.7813735943,GSE120805
RPL34P6,-1,0.8260306279,GSE120805
PFDN4P1,-1,NA,GSE120805
RPL31P34,1,NA,GSE120805
WARS2-AS1,1,0.518139002,GSE120805
LINC02613,1,0.0051458758,GSE120805
RPSAP40,1,NA,GSE120805
NBPF21P,-1,NA,GSE120805
HLA-DPA1,1,0.2116190778,GSE120805
GORAB-AS1,-1,0.8999709974,GSE120805
RPL34P5,-1,0.1436445112,GSE120805
LINC01516,1,NA,GSE120805
WASIR2,1,0.04667189663,GSE120805
LARP1BP1,-1,NA,GSE120805
RPS16P4,1,NA,GSE120805
LINC01305,1,NA,GSE120805
RNASEH1P2,-1,0.8948047201,GSE120805
RB1-DT,1,0.6388110035,GSE120805
RPL21P35,-1,NA,GSE120805
RPS18,-1,0.6994550088,GSE120805
RPL34P20,-1,0.7154036483,GSE120805
FAM27C,-1,NA,GSE120805
FAM225A,-1,0.4961752093,GSE120805
LINC00278,-1,NA,GSE120805
IGBP1P3,-1,NA,GSE120805
PPIAP63,-1,0.8301177714,GSE120805
LINC02015,-1,NA,GSE120805
SNORD62B,-1,0.7266706382,GSE120805
LINC01363,1,NA,GSE120805
DLEU2,1,0.6604266679,GSE120805
EHBP1-AS1,-1,0.635674582,GSE120805
LOC646870,-1,0.318587107,GSE120805
ATP5F1BP1,1,NA,GSE120805
AGBL5-AS1,1,NA,GSE120805
LUARIS,1,0.9549276457,GSE120805
KRT17P6,-1,NA,GSE120805
FSIP2-AS2,1,0.4905625637,GSE120805
FSIP2-AS1,1,0.4905625637,GSE120805
CD109-AS1,1,3.51E-05,GSE120805
COA6-AS1,1,0.8089607593,GSE120805
LINC01704,1,0.256521488,GSE120805
DIRC3,-1,0.2146661613,GSE120805
RPL21P43,1,NA,GSE120805
LINC01090,-1,NA,GSE120805
LINC00574,-1,NA,GSE120805
LINC-PINT,1,0.1853001933,GSE120805
ARHGEF9-IT1,1,0.4965410359,GSE120805
TSPAN19,1,0.02780985824,GSE120805
LINC01273,1,0.05341165081,GSE120805
PPP1R11P2,1,NA,GSE120805
RPS27AP5,-1,0.8589545001,GSE120805
LINC01611,1,0.9989457365,GSE120805
LINC00575,1,NA,GSE120805
PIK3CD-AS2,1,0.8103526233,GSE120805
LOC101927888,-1,NA,GSE120805
LINC01198,1,NA,GSE120805
NPM1P48,-1,NA,GSE120805
LINC01819,-1,0.4780788598,GSE120805
MTHFD1P1,-1,0.8371231802,GSE120805
DPY19L4P2,-1,NA,GSE120805
LOC124907760,-1,0.04748929624,GSE120805
UBE2V2P4,-1,NA,GSE120805
MRPS9-AS1,1,0.6156262921,GSE120805
CYP21A2,1,NA,GSE120805
STAT4-AS1,1,NA,GSE120805
LOC100652967,-1,NA,GSE120805
KRT17P3,-1,NA,GSE120805
IPO9-AS1,1,0.2740044252,GSE120805
PRH1,1,0.7282200873,GSE120805
TRAF3IP2-AS1,-1,0.2193308414,GSE120805
DARS1-AS1,1,0.9801010023,GSE120805
IDH1-AS1,1,0.538705818,GSE120805
TPRKBP1,-1,NA,GSE120805
PSG1,-1,0.4891558631,GSE120805
PSG4,-1,0.4891558631,GSE120805
TAPBP,-1,0.9764504556,GSE120805
RPS7P3,1,0.965792911,GSE120805
HS1BP3-IT1,1,0.08067984591,GSE120805
LOC102724323,-1,NA,GSE120805
MMADHC-DT,1,0.02360263865,GSE120805
CT69,-1,0.34426344,GSE120805
RPL7L1P12,1,NA,GSE120805
PPP1R2B,-1,0.8572025206,GSE120805
EP300-AS1,1,0.9314081301,GSE120805
RPL7AP76,1,NA,GSE120805
LRRC8C-DT,1,0.7091787749,GSE120805
CAP1P2,-1,0.5555946161,GSE120805
LEF1-AS1,1,0.9471667701,GSE120805
PRKD3-DT,1,0.8029195191,GSE120805
LOC100129573,-1,NA,GSE120805
RPL21P29,1,NA,GSE120805
SCAND3,1,0.85907847,GSE120805
PSMD10P3,-1,NA,GSE120805
LINC01798,-1,NA,GSE120805
LINC01799,-1,NA,GSE120805
HNRNPCP9,-1,NA,GSE120805
TMEM253,1,0.5643126647,GSE120805
LINC01031,-1,0.6445885733,GSE120805
RPS6KA2-IT1,-1,NA,GSE120805
RPL31P7,1,NA,GSE120805
DCST1-AS1,-1,0.7407816205,GSE120805
MTCO3P2,1,NA,GSE120805
LOC124902477,1,0.8237380041,GSE120805
TMA7,-1,0.6889247395,GSE120805
MCTS1,1,0.94430947,GSE120805
IMPDH1P10,1,0.6338200337,GSE120805
RPS15AP12,-1,NA,GSE120805
LINC00867,1,NA,GSE120805
FERP1,-1,NA,GSE120805
RAP2C-AS1,1,0.6863322172,GSE120805
RPL19P15,-1,0.8992527624,GSE120805
RPS6P10,-1,0.9410758746,GSE120805
MTND4P24,-1,NA,GSE120805
TERF1P7,1,NA,GSE120805
RPL3P8,-1,NA,GSE120805
OR2L6P,1,NA,GSE120805
LINC00865,1,0.129096893,GSE120805
LINC01374,1,0.129096893,GSE120805
LINC02043,-1,NA,GSE120805
ASCL5,1,NA,GSE120805
LINC02805,1,NA,GSE120805
LOC105371227,1,NA,GSE120805
ACTR3P2,-1,0.8819874085,GSE120805
MTND1P32,-1,0.6262444158,GSE120805
GNG12-AS1,1,0.5464037483,GSE120805
DFFBP1,-1,0.7851936849,GSE120805
LINC03002,-1,0.1534089296,GSE120805
RPS27AP2,-1,0.6976534037,GSE120805
CLSPN-AS1,-1,0.7452618491,GSE120805
RPL4P2,1,0.9032421349,GSE120805
LOC100419436,1,NA,GSE120805
RPS17P16,-1,0.6080257241,GSE120805
MTCYBP3,-1,0.8102127987,GSE120805
QTMAN-AS1,1,NA,GSE120805
RPL23P7,-1,0.6661457018,GSE120805
RPS3AP25,1,0.5059739618,GSE120805
SMIM26,1,0.7594642946,GSE120805
RPL5P6,-1,NA,GSE120805
RAD17P1,1,NA,GSE120805
RPL27P5,1,NA,GSE120805
ELN-AS1,1,NA,GSE120805
RPL21P131,-1,0.3707254686,GSE120805
AJM1,-1,0.0001640465883,GSE120805
RPL18AP7,1,NA,GSE120805
MHENCR,1,0.925896597,GSE120805
LOC105372524,1,NA,GSE120805
RPS2P14,1,0.2487390669,GSE120805
LINC02777,1,0.05305303362,GSE120805
FAM131C2P,-1,0.8239005397,GSE120805
H3P31,1,0.9415274711,GSE120805
EEF1B2P3,-1,0.005006114529,GSE120805
KRT8P52,1,0.9862034324,GSE120805
RPL37A-DT,1,0.05875200056,GSE120805
LOC100421402,-1,0.6994550088,GSE120805
CSPG4BP,1,NA,GSE120805
VDAC1P13,-1,NA,GSE120805
LINC02802,-1,0.9723583011,GSE120805
LOC107985200,-1,0.9723583011,GSE120805
LIF-AS1,-1,0.9549276457,GSE120805
KMT5AP2,1,0.9806016677,GSE120805
FAM131B-AS2,1,0.3173545404,GSE120805
TPMTP3,1,NA,GSE120805
RPL3P4,-1,0.1646110582,GSE120805
LOC100533629,-1,NA,GSE120805
LOC124901582,1,NA,GSE120805
KIAA1614-AS1,-1,0.7277926343,GSE120805
EEF1A1P3,-1,0.6960392862,GSE120805
KANTR,1,0.1391961243,GSE120805
RPL31P35,1,0.964443069,GSE120805
MRAP-AS1,-1,0.8935225789,GSE120805
RPL23AP31,-1,NA,GSE120805
LOC100420423,1,0.7182845295,GSE120805
LINC01431,-1,0.7589981698,GSE120805
ING2-DT,-1,0.8804501248,GSE120805
GOLGA8N,1,0.2945241351,GSE120805
IDI2-AS1,-1,0.6984330856,GSE120805
LDHBP1,-1,0.8366825178,GSE120805
ZNF687-AS1,1,0.6948701754,GSE120805
ACTG1P21,-1,0.534393139,GSE120805
ADH5P2,-1,NA,GSE120805
LINC00665,-1,0.3650607316,GSE120805
LOC100133252,1,0.7952634901,GSE120805
TRIM80P,1,0.8218830941,GSE120805
GTF2I-AS1,-1,0.6817607083,GSE120805
LOC101927687,-1,0.8682930963,GSE120805
STEAP1B-AS1,-1,0.08601049121,GSE120805
LINC03033,-1,8.67E-06,GSE120805
GAPDHP74,1,NA,GSE120805
ITGA6-AS1,-1,0.4153546276,GSE120805
PDK1-AS1,-1,0.4153546276,GSE120805
SCAND3P1,1,0.7907902617,GSE120805
SDCBPP3,1,0.7448583868,GSE120805
TNF,-1,0.9856051589,GSE120805
COL4A2-AS1,-1,NA,GSE120805
RPS2P32,1,2.09E-05,GSE120805
GSTO3P,1,NA,GSE120805
PET117,1,0.8798332475,GSE120805
KAT7P1,1,0.8166192422,GSE120805
SLC25A6P3,1,NA,GSE120805
PTGES2-DT,1,0.1083821985,GSE120805
RPL34P27,-1,0.9240303349,GSE120805
LYRM9,1,0.001723294523,GSE120805
SMG7-AS1,1,0.2898814184,GSE120805
LOC100128093,-1,NA,GSE120805
NUCKS1P1,1,0.422982233,GSE120805
CTAGE3P,1,NA,GSE120805
LOC124901405,1,NA,GSE120805
RPLP0P5,-1,0.9669951377,GSE120805
LOC105372738,1,NA,GSE120805
RPS11P5,-1,0.4583969462,GSE120805
RGS5-AS1,-1,NA,GSE120805
IQCA1-AS1,1,NA,GSE120805
PDCD2P1,1,NA,GSE120805
LOC100533634,-1,0.3082234089,GSE120805
DLGAP4-AS1,1,0.02387758934,GSE120805
RPL21P26,1,0.854580668,GSE120805
RPL8P5,1,0.99486317,GSE120805
PANK1-AS1,1,0.91755528,GSE120805
PALM2AKAP2-AS1,1,0.9801010023,GSE120805
HCG25,1,0.01660563575,GSE120805
LOC401957,-1,0.6183881848,GSE120805
SNHG15,-1,0.001990982753,GSE120805
RPS12P18,-1,NA,GSE120805
CYP1B1-AS1,1,0.9295178466,GSE120805
LINC00327,-1,0.002117076667,GSE120805
AHCYP4,-1,NA,GSE120805
LOC127814295,1,3.23E-06,GSE120805
VPS13A-AS1,-1,NA,GSE120805
MIR3936HG,1,0.05820559542,GSE120805
LOC101927560,1,NA,GSE120805
LINC01725,1,NA,GSE120805
NALCN-AS1,-1,NA,GSE120805
HDAC1P2,-1,0.8267514881,GSE120805
SNHG7,-1,0.8972235382,GSE120805
LOC124900276,-1,0.8972235382,GSE120805
LOC124904411,-1,0.5627005861,GSE120805
ERVH48-1,1,NA,GSE120805
EEF1A1P14,1,0.7650380513,GSE120805
TTLL7-IT1,-1,0.9687491937,GSE120805
RPS15AP6,1,0.5896508344,GSE120805
LINC01271,1,0.02189067443,GSE120805
RPL23AP25,-1,NA,GSE120805
LNCARSR,1,NA,GSE120805
RAB6D,-1,0.8552807816,GSE120805
LOC339260,-1,0.4863461016,GSE120805
CCDC144NL-AS1,-1,0.4863461016,GSE120805
HOXB-AS3,1,0.9855006059,GSE120805
SORBS2-AS1,1,NA,GSE120805
CTAGE7P,-1,NA,GSE120805
ACTBP12,-1,NA,GSE120805
LINC01794,-1,0.8722293711,GSE120805
RPS15AP14,1,0.8267514881,GSE120805
UBE2E2-DT,1,NA,GSE120805
LINC01762,-1,NA,GSE120805
RPS24P6,-1,0.9426936033,GSE120805
RPL31P16,-1,NA,GSE120805
EEF1A1P26,-1,NA,GSE120805
FMNL1-AS1,1,0.9589197089,GSE120805
LOC105376070,1,0.6017631459,GSE120805
DPH5-DT,-1,0.00158145781,GSE120805
RNF224,1,0.669216774,GSE120805
RPS3AP1,-1,NA,GSE120805
PRDM10-DT,1,0.4517169508,GSE120805
MPDU1-AS1,1,0.7048951171,GSE120805
LOC100506235,1,0.3879322198,GSE120805
NPIPB7,-1,NA,GSE120805
LINC00472,1,0.07589751073,GSE120805
LOC105376034,-1,0.5979987587,GSE120805
LOC100129434,-1,0.01722421141,GSE120805
RPL21P134,1,NA,GSE120805
RPSAP63,-1,NA,GSE120805
HMGB1P31,1,0.1501253316,GSE120805
GPX1,-1,0.7617575909,GSE120805
RPL27P11,1,0.8833104208,GSE120805
TMEM18-DT,-1,0.960152881,GSE120805
EIF4A1P1,1,NA,GSE120805
OSTN-AS1,-1,NA,GSE120805
EEF1A1P34,1,NA,GSE120805
ATP6V1G1P4,1,NA,GSE120805
LINC00028,1,0.03283458028,GSE120805
CHRM3-AS2,1,NA,GSE120805
PDXP-DT,1,NA,GSE120805
ACTR1AP1,1,0.7794528062,GSE120805
RPS2P48,-1,NA,GSE120805
CNIH3-AS2,1,NA,GSE120805
TRMT112P8,1,NA,GSE120805
UICLM,1,NA,GSE120805
PRKAR1AP1,1,0.2522085765,GSE120805
RPS2P8,1,NA,GSE120805
RPS25P3,-1,NA,GSE120805
LINC01783,1,0.8479479688,GSE120805
KRT18P67,-1,NA,GSE120805
EIF3FP3,-1,0.5667478295,GSE120805
PPIAP65,1,NA,GSE120805
MTIF2P1,-1,0.8458044262,GSE120805
STXBP5-AS1,1,0.9102327178,GSE120805
LOC729532,1,0.9801010023,GSE120805
TSNAX-DT,1,0.7629578331,GSE120805
ST6GALNAC4P1,-1,0.9822489634,GSE120805
PPIAP38,1,NA,GSE120805
FHAD1-AS1,1,NA,GSE120805
TMEM238,1,0.4393371677,GSE120805
SYNJ2-IT1,-1,NA,GSE120805
HNRNPLP1,-1,0.9147716616,GSE120805
LINC01638,-1,2.24E-13,GSE120805
ZNF529-AS1,1,0.00247439842,GSE120805
LINC00460,-1,1.52E-06,GSE120805
EIF3KP2,-1,NA,GSE120805
B4GALT1-AS1,-1,0.8221875059,GSE120805
LOC100287430,-1,0.4176215492,GSE120805
LINC00513,1,3.57E-08,GSE120805
KRT8P39,1,0.6033073787,GSE120805
KRT8P15,1,NA,GSE120805
ACAA2P1,-1,0.7708204014,GSE120805
DEPDC1-AS2,-1,NA,GSE120805
LINC02609,1,0.9875897876,GSE120805
RPL19P6,-1,0.9058810368,GSE120805
ERI3-IT1,1,0.879041159,GSE120805
TWIST2,-1,0.0002066992399,GSE120805
GBX2-AS1,-1,0.007436538259,GSE120805
HNRNPA1P42,-1,0.4630043527,GSE120805
LITATS1,1,0.6742227602,GSE120805
PGAM1P11,1,0.7101057332,GSE120805
NENFP1,-1,NA,GSE120805
NEMP2-DT,1,0.4499825227,GSE120805
CALM2P4,1,0.9108306243,GSE120805
RPS8P9,-1,0.957693893,GSE120805
HNRNPA1P27,-1,0.6482309677,GSE120805
FNDC1-AS1,-1,0.3314750489,GSE120805
EBAG9P1,1,0.5358788103,GSE120805
PBX1-AS1,-1,0.4847812931,GSE120805
GOT2P3,-1,0.6206171571,GSE120805
LINC01122,-1,NA,GSE120805
LINC01793,-1,NA,GSE120805
ZNF892,1,0.9471667701,GSE120805
RPS15P4,-1,0.3067915889,GSE120805
SAT1-DT,1,NA,GSE120805
BTG2-DT,1,NA,GSE120805
LINC01237,-1,NA,GSE120805
LINC01238,-1,NA,GSE120805
LCEP1,1,0.9798159703,GSE120805
H2BC15,-1,8.08E-18,GSE120805
MIR4280HG,1,NA,GSE120805
GIRGL,-1,0.2944018089,GSE120805
EIF3LP2,-1,0.2602235846,GSE120805
RPS19P2,1,NA,GSE120805
RPL7P44,-1,0.7813735943,GSE120805
MFN1P1,-1,0.9716015694,GSE120805
PAIP1P1,1,0.08473918004,GSE120805
EZR-AS1,-1,0.9636442667,GSE120805
LINC01503,1,0.7111535972,GSE120805
RPL10P9,-1,0.7917089693,GSE120805
ZDHHC20P1,1,NA,GSE120805
RPS15AP40,-1,0.7909878243,GSE120805
LINC01694,-1,0.7976526166,GSE120805
RPSAP13,1,0.1725944509,GSE120805
TLE1-DT,-1,NA,GSE120805
RPS28,-1,0.7452618491,GSE120805
KRTAP5-AS1,-1,0.4153546276,GSE120805
CTXN2,1,NA,GSE120805
LOC107986822,1,NA,GSE120805
ASS1P3,-1,NA,GSE120805
UQCRHL,1,0.9277362202,GSE120805
AHCYP3,1,NA,GSE120805
BTF3P6,-1,0.9018786091,GSE120805
RPSAP14,1,0.08339420191,GSE120805
GDI2P2,1,0.9529184927,GSE120805
GAPDHP22,1,NA,GSE120805
DDX39B-AS1,1,0.982654088,GSE120805
RPL5P34,1,0.9384678822,GSE120805
LINC02530,-1,NA,GSE120805
LOC105373440,1,NA,GSE120805
EIF2AK3-DT,1,0.1145408544,GSE120805
RPS3AP44,1,NA,GSE120805
GTF3C2-AS2,-1,0.919694748,GSE120805
CBX3P10,1,NA,GSE120805
RPS2P11,-1,NA,GSE120805
RPS15AP11,1,0.9579353236,GSE120805
SRP14P2,-1,0.479502366,GSE120805
RPL7P36,-1,0.3093142708,GSE120805
LEFTY3P,-1,NA,GSE120805
RPL13AP6,1,0.7803633721,GSE120805
RHBDF1P1,1,NA,GSE120805
EEF1GP8,-1,NA,GSE120805
TRIM26,1,0.7799126666,GSE120805
HCCS-DT,1,0.0001343869146,GSE120805
AP2B1P1,-1,0.496073286,GSE120805
RPL23AP83,1,NA,GSE120805
NAP1L4P3,-1,0.8927841418,GSE120805
ELOBP1,-1,NA,GSE120805
LINC02535,1,0.0003271096616,GSE120805
ELOBP4,1,NA,GSE120805
RNASEH1-DT,-1,0.6162712049,GSE120805
HSPA8P1,-1,0.1734918851,GSE120805
PIGO-AS1,1,0.8267514881,GSE120805
H2AZ2-DT,1,0.4876343997,GSE120805
AIMP1P1,1,NA,GSE120805
LINC01191,-1,0.6132248412,GSE120805
H3P3,-1,NA,GSE120805
FHP1,1,NA,GSE120805
CT66,1,0.5303814064,GSE120805
LIX1L-AS1,1,0.3985403125,GSE120805
RPL7L1P1,1,NA,GSE120805
ZFX-AS1,1,NA,GSE120805
ANAPC1P4,-1,0.02504949053,GSE120805
LOC105373974,1,0.9266199449,GSE120805
CFL1P8,-1,NA,GSE120805
SYNCRIPP1,-1,0.03439825765,GSE120805
RPL7P13,-1,0.4503759478,GSE120805
SOD2P1,1,NA,GSE120805
DEPDC1-AS1,1,0.7779007286,GSE120805
LOC107985380,1,NA,GSE120805
LINC01641,1,NA,GSE120805
ZNF879,1,0.1526868395,GSE120805
BACH1-IT3,-1,NA,GSE120805
LINC01505,-1,0.05123606937,GSE120805
LOC107987108,-1,0.05123606937,GSE120805
MRPS10P2,1,0.4076803504,GSE120805
ZNF232-AS1,1,0.6334282598,GSE120805
RPL7AP16,1,0.2976682923,GSE120805
RPS4XP11,1,NA,GSE120805
ERICH2-DT,1,0.4482144025,GSE120805
GAD1-AS1,1,0.4482144025,GSE120805
LOC349160,1,NA,GSE120805
LOC105375524,1,NA,GSE120805
RPL7AP42,1,NA,GSE120805
LINC01914,-1,0.01340683243,GSE120805
TATDN1P1,-1,0.8287139526,GSE120805
RPSAP31,1,0.4247614993,GSE120805
OBI1-AS1,-1,0.1439484475,GSE120805
LINC01426,1,0.08616330775,GSE120805
USP27X-DT,1,0.3068173996,GSE120805
CCDC188,1,0.1724047526,GSE120805
UBE2WP1,1,NA,GSE120805
KIF27P1,1,0.9952039095,GSE120805
ANKRD11P1,-1,NA,GSE120805
LINC02983,1,0.02226766304,GSE120805
KRT18P2,1,NA,GSE120805
ZNF736,1,0.1765341968,GSE120805
RPL26P23,1,NA,GSE120805
MAGI2-AS3,1,0.3366986014,GSE120805
PINLYP,-1,0.9179745276,GSE120805
ZNF101P2,-1,0.3027038085,GSE120805
RPL27P6,-1,NA,GSE120805
RPL34-DT,1,0.6309441902,GSE120805
SP2-AS1,-1,0.2168598846,GSE120805
SP2-DT,-1,0.2168598846,GSE120805
RPL13AP20,1,0.5774743178,GSE120805
HRAT17,-1,0.4973705437,GSE120805
NDUFB1P2,1,NA,GSE120805
RPL12P43,-1,NA,GSE120805
FAM133B,-1,0.7222936381,GSE120805
LNCTAM34A,1,2.22E-13,GSE120805
RPL22P7,1,NA,GSE120805
LINC01800,1,NA,GSE120805
SYNE1-AS1,-1,0.67085412,GSE120805
LOC100130801,1,NA,GSE120805
MCIDAS,-1,0.0003803907454,GSE120805
MAPKAPK5-AS1,1,0.5927501656,GSE120805
H2AZP5,-1,NA,GSE120805
JRK,-1,0.9630443976,GSE120805
RPL7P11,-1,NA,GSE120805
LOC100128052,-1,NA,GSE120805
LERFS,-1,0.6585307826,GSE120805
IFT74-AS1,1,NA,GSE120805
SDCBP2-AS1,1,6.53E-10,GSE120805
EPCAM-DT,1,0.3712610317,GSE120805
LOC107985882,1,0.3712610317,GSE120805
RIPOR3-AS1,1,NA,GSE120805
CDC20-DT,1,0.4706588912,GSE120805
SEC61G-DT,-1,0.5298128632,GSE120805
NPIPB2,1,NA,GSE120805
KRT18P15,1,0.8155671283,GSE120805
GAS5,-1,0.02533679619,GSE120805
RPL17P18,1,0.1655538798,GSE120805
HLA-B,1,0.2525859209,GSE120805
RPS2P53,-1,NA,GSE120805
RPL15P16,1,0.9270841505,GSE120805
FOXP4-AS1,-1,0.5612739736,GSE120805
LINC02817,-1,0.5209613047,GSE120805
FREY1,1,0.4905460227,GSE120805
BNC2-AS1,-1,0.2417549452,GSE120805
EEF1GP5,-1,0.945395708,GSE120805
HSPA8P3,-1,0.9067794051,GSE120805
NUTF2P4,-1,0.7315873205,GSE120805
RPS3AP6,-1,0.04252061223,GSE120805
RPL26P29,-1,NA,GSE120805
LOC101926907,-1,0.6580002549,GSE120805
ECI2-DT,1,0.4923308098,GSE120805
XRCC6P2,-1,0.9521205881,GSE120805
IQCM,-1,NA,GSE120805
LINC01239,-1,0.02417023962,GSE120805
LOC100422627,-1,0.03823477569,GSE120805
RPL23AP42,1,0.9716578914,GSE120805
HNRNPUL2-BSCL2,-1,0.955242683,GSE120805
LOC100505782,1,NA,GSE120805
LINC02925,1,0.5582709268,GSE120805
EIF3EP1,-1,0.7971499549,GSE120805
MIR155HG,1,NA,GSE120805
GRK3-AS1,-1,NA,GSE120805
SOX9-AS1,1,NA,GSE120805
SNHG20,1,0.3193207695,GSE120805
LINC01827,-1,NA,GSE120805
CDC42P1,1,NA,GSE120805
GTF3C2-AS1,-1,NA,GSE120805
LINC01524,-1,NA,GSE120805
RAB17-DT,1,NA,GSE120805
SHISA8,1,NA,GSE120805
AARSD1P1,1,0.7095315684,GSE120805
FTH1P2,1,NA,GSE120805
RPL7AP20,1,NA,GSE120805
RPL7AP47,1,NA,GSE120805
RPL18P4,1,0.6664859752,GSE120805
RPS3AP28,1,NA,GSE120805
EIF4A1P2,-1,0.1175820284,GSE120805
JCADP1,1,NA,GSE120805
SEMA3F-AS1,1,0.665595119,GSE120805
RPL17P48,1,0.7947195111,GSE120805
PRADX,-1,NA,GSE120805
MNX1-AS2,-1,NA,GSE120805
DAAM2-AS1,-1,0.004997668542,GSE120805
LINC00940,-1,NA,GSE120805
RPL24P2,-1,0.7859887341,GSE120805
LOC102723413,1,NA,GSE120805
LOC100132857,-1,NA,GSE120805
LOC124907725,1,0.1504372348,GSE120805
FNDC1-IT1,-1,NA,GSE120805
RPL10AP4,1,NA,GSE120805
ID2-AS1,1,0.3434804314,GSE120805
LINC00330,1,NA,GSE120805
ANKRD65,1,NA,GSE120805
BRD3OS,1,0.3002497314,GSE120805
ZSCAN31,1,0.07818415493,GSE120805
RPS17P10,-1,NA,GSE120805
LOC105374308,-1,NA,GSE120805
RPSAP16,1,0.441164881,GSE120805
C12orf75,-1,0.5475636817,GSE120805
CDK5P1,1,NA,GSE120805
SMIM1,1,0.004295613245,GSE120805
LINC01366,1,0.798102442,GSE120805
HGH1,-1,0.04699024141,GSE120805
RPL26P37,1,NA,GSE120805
LINC00601,1,1.62E-05,GSE120805
SRP14P3,1,0.7023712688,GSE120805
NUCB1-AS1,-1,NA,GSE120805
PPP1R3E,-1,0.1894430526,GSE120805
ZNF33CP,-1,NA,GSE120805
TUBBP6,-1,0.1578578586,GSE120805
OR6E1P,1,0.4380070485,GSE120805
LINC00383,1,NA,GSE120805
RPL31P17,-1,0.3740556999,GSE120805
DANT2,1,0.4432460027,GSE120805
LOC100421465,1,0.8987733087,GSE120805
ITGA9-AS1,1,0.1510396499,GSE120805
RPL5P28,1,NA,GSE120805
KDM4E,-1,NA,GSE120805
LINC02331,1,0.7355388315,GSE120805
RAMACL,1,0.9721435506,GSE120805
KRT18P16,-1,0.7411012827,GSE120805
SNORD62A,1,0.9924411362,GSE120805
LINC01634,-1,NA,GSE120805
HLA-Z,1,NA,GSE120805
LINC00957,1,0.5501030729,GSE120805
B3GALT1-AS1,1,NA,GSE120805
SCMH1-DT,1,0.5642307879,GSE120805
SAPCD2P2,1,NA,GSE120805
RPEL1,-1,0.4713644471,GSE120805
LINC02154,1,0.9263334253,GSE120805
SPAAR,1,0.07368636467,GSE120805
LOC652549,-1,0.8985370201,GSE120805
KRT18P63,-1,NA,GSE120805
RPSAP24,-1,NA,GSE120805
LINC01278,1,0.7979744859,GSE120805
PSMB3P2,1,0.6171174592,GSE120805
LURAP1L-AS1,1,0.003636212378,GSE120805
TZMP1,1,0.4606937389,GSE120805
RPS26P31,1,0.9661189853,GSE120805
TAB3P1,-1,NA,GSE120805
EIF4A1P7,-1,0.5601107668,GSE120805
UBE2R2-AS1,1,0.03714062986,GSE120805
RPL21P135,1,NA,GSE120805
ACO2P1,1,NA,GSE120805
JARID2-AS1,-1,0.9808729264,GSE120805
CNN3-DT,1,0.03288420486,GSE120805
ALG14-AS1,1,0.03288420486,GSE120805
RPS2P7,-1,0.971785201,GSE120805
HIPK1-AS1,1,0.006415162943,GSE120805
AGAP1-IT1,-1,0.9622913854,GSE120805
TMEM11-DT,-1,0.8069193837,GSE120805
MSC-AS1,-1,0.004814895882,GSE120805
LINC00402,-1,0.1012266703,GSE120805
LINC00381,-1,0.1012266703,GSE120805
LOC105370259,-1,0.1012266703,GSE120805
RPS11P1,-1,NA,GSE120805
DOCK7-DT,1,0.9293280342,GSE120805
RPL6P27,1,0.8857594157,GSE120805
ZNF747-DT,1,0.2827255487,GSE120805
NFAM1,1,NA,GSE120805
LINC00533,1,NA,GSE120805
RPS15AP37,-1,NA,GSE120805
CCDC86P1,1,NA,GSE120805
RPL24P5,1,0.9096701176,GSE120805
GNAS-AS1,1,0.7049029171,GSE120805
RRM2P4,-1,NA,GSE120805
RPS15P2,1,0.9806104387,GSE120805
NSRP1P1,-1,0.6399997443,GSE120805
KRT18P66,-1,NA,GSE120805
LINC00484,1,0.7849332238,GSE120805
LINC01647,1,NA,GSE120805
MXRA5Y,-1,NA,GSE120805
G3BP1P1,1,0.716224083,GSE120805
EPM2A-DT,1,0.00875910518,GSE120805
LINC00345,1,0.7491506226,GSE120805
RPL21P40,-1,0.9920395766,GSE120805
EOLA2-DT,-1,0.9529184927,GSE120805
DICER1-AS1,1,0.1179312823,GSE120805
ANKRD34C,-1,NA,GSE120805
PSMD14-DT,1,NA,GSE120805
KIAA0040,-1,0.8649511722,GSE120805
MSH2-OT1,-1,0.5307807919,GSE120805
BRD7P5,1,0.5297825867,GSE120805
LINC00607,-1,0.8473174908,GSE120805
RPL7AP70,1,0.9416652771,GSE120805
LINC02569,1,0.0006750521792,GSE120805
IFITM4P,1,0.2387391169,GSE120805
OLMALINC,-1,0.8763914328,GSE120805
RPL36AP26,-1,0.8467656494,GSE120805
BHLHE40-AS1,-1,0.01138830565,GSE120805
HSP90AB7P,-1,0.7651930774,GSE120805
B3GALT4,1,2.13E-09,GSE120805
HSPA8P6,-1,NA,GSE120805
GSN-AS1,1,NA,GSE120805
LOC101927661,-1,0.6728580113,GSE120805
TM4SF19-AS1,1,0.007490086429,GSE120805
CPB2-AS1,1,0.4976430432,GSE120805
RBMS3-AS3,1,0.6236699184,GSE120805
MRPS18CP7,1,0.4266174054,GSE120805
MTCO2P11,1,NA,GSE120805
ASH1L-AS1,1,4.57E-05,GSE120805
THRAP3P3,-1,0.9718969663,GSE120805
NEXN-AS1,-1,0.7524407928,GSE120805
EGOT,1,0.02189067443,GSE120805
TTC28-AS1,1,1.89E-09,GSE120805
RPL7AP53,-1,NA,GSE120805
LOC124906209,1,0.9706225117,GSE120805
LOC105371574,-1,NA,GSE120805
MORC2-AS1,-1,NA,GSE120805
RPL23AP20,-1,NA,GSE120805
LINC02941,-1,0.887463075,GSE120805
LINC02889,1,NA,GSE120805
RPL13AP12,1,0.1450900745,GSE120805
SSBL5P,-1,0.758487155,GSE120805
LINC01920,1,NA,GSE120805
MYCBP2-AS1,-1,0.4338875772,GSE120805
RPL17P36,-1,NA,GSE120805
LINC01072,-1,NA,GSE120805
LINC01447,1,0.8191494858,GSE120805
COX10-DT,1,0.9615226058,GSE120805
LINC02243,1,NA,GSE120805
LOC124905716,-1,0.5360045595,GSE120805
ZBTB22,1,0.06725241238,GSE120805
SCN1A-AS1,1,NA,GSE120805
LOC102724058,1,NA,GSE120805
RPL6P1,1,0.9469076172,GSE120805
LOC100130881,1,NA,GSE120805
CD101-AS1,1,0.5445967765,GSE120805
DUX4L26,-1,NA,GSE120805
TMEM147-AS1,1,0.1297237334,GSE120805
RPL23AP37,1,NA,GSE120805
LOC101929021,1,NA,GSE120805
RFC3P1,-1,NA,GSE120805
RPL12P26,1,NA,GSE120805
RPL18AP15,-1,NA,GSE120805
RPS15AP25,1,NA,GSE120805
LINC01376,1,0.06308945834,GSE120805
LINC03063,1,NA,GSE120805
RPS14P10,1,NA,GSE120805
MYO16-AS1,1,0.8929248421,GSE120805
RPL6P29,-1,NA,GSE120805
MTND4P14,1,NA,GSE120805
PPIAP64,-1,0.4885128481,GSE120805
RPL26P30,1,0.8678376662,GSE120805
ZBED5,-1,0.2656474183,GSE120805
GACAT3,-1,NA,GSE120805
EEF1A1P23,1,0.5105555646,GSE120805
SLC12A9-AS1,-1,0.4359185955,GSE120805
RPS28P2,1,NA,GSE120805
LOC100418888,1,NA,GSE120805
SLFN14,1,NA,GSE120805
RPL5P9,-1,NA,GSE120805
PSMC1P10,-1,NA,GSE120805
EI24P1,-1,NA,GSE120805
LOC153910,1,0.4597723899,GSE120805
CCDC200,1,0.8562391013,GSE120805
LINC00479,1,0.9514454972,GSE120805
LOC100289479,-1,NA,GSE120805
LINC03099,1,0.09348428298,GSE120805
VLDLR-AS1,1,0.7148240558,GSE120805
LINC01134,1,0.1469268609,GSE120805
CCDST,1,0.9614873927,GSE120805
MFF-DT,1,0.5839226045,GSE120805
UBE2L5,-1,0.2417549452,GSE120805
LOC101928748,1,NA,GSE120805
EEF1A1P44,-1,0.6660740092,GSE120805
LINC02920,-1,NA,GSE120805
RRM2P2,1,NA,GSE120805
RPL34P10,1,0.1114078643,GSE120805
GPS2P1,-1,0.9866539013,GSE120805
LINC00896,1,0.1125531236,GSE120805
SIX3-AS1,1,0.1970407201,GSE120805
RPL21P133,1,NA,GSE120805
RPL29P1,-1,0.3364095739,GSE120805
NPM1P40,-1,0.1401583162,GSE120805
BTBD3-AS1,1,NA,GSE120805
KPNA2P1,1,0.495300046,GSE120805
H3P36,-1,0.8619449408,GSE120805
MYCL-AS1,-1,0.943940116,GSE120805
RNF217-AS1,1,0.9418844087,GSE120805
RPL13AP5,-1,0.9076290027,GSE120805
ASNSP3,1,NA,GSE120805
BCL2L1-AS1,1,NA,GSE120805
HNRNPA3P5,1,NA,GSE120805
RAD23BP1,-1,0.5892199998,GSE120805
LOC100631242,-1,0.9669799932,GSE120805
SNRPGP14,1,0.7778726936,GSE120805
STARD13-AS,1,0.9417934121,GSE120805
PRPF38AP2,1,NA,GSE120805
EIF4A1P6,-1,0.009085976393,GSE120805
ZNF853,1,0.0006464994298,GSE120805
LINC02556,1,NA,GSE120805
PITPNA-AS1,1,0.5798017168,GSE120805
DLX2-DT,1,0.02765440385,GSE120805
KRT18P5,1,0.7766440169,GSE120805
PRKG1-AS1,-1,0.1196625965,GSE120805
LOC441887,-1,NA,GSE120805
MTX1LP,-1,NA,GSE120805
PSMC3P1,-1,0.5820310509,GSE120805
MAP3K2-DT,1,0.7758433771,GSE120805
ARHGEF38,-1,NA,GSE120805
LINC01010,-1,NA,GSE120805
DAPK1-IT1,1,0.4284787009,GSE120805
OVAAL,1,0.2458496163,GSE120805
RPL31P63,-1,0.8424894961,GSE120805
MKLN1-AS,1,0.01047217536,GSE120805
LOC101929372,1,0.5582709268,GSE120805
DNAJC9-AS1,1,0.4685180753,GSE120805
RPL17P16,1,NA,GSE120805
RPL21P23,-1,NA,GSE120805
INTS6-AS1,1,0.2315067592,GSE120805
LINC01829,1,NA,GSE120805
ZNF593OS,-1,NA,GSE120805
LINC00298,-1,0.02153607849,GSE120805
LINC00299,-1,0.02153607849,GSE120805
LINC01814,-1,0.02153607849,GSE120805
BCRP8,1,NA,GSE120805
LINC02626,-1,NA,GSE120805
RPL24P8,1,0.2770846362,GSE120805
SDAD1P4,1,NA,GSE120805
RPS3AP12,1,0.6552952186,GSE120805
RPL7AP15,1,NA,GSE120805
SNX25P1,-1,0.8808322671,GSE120805
ELOA-AS1,1,0.08257092826,GSE120805
BCYRN1,1,0.6457842343,GSE120805
RPL23AP5,1,0.3933517933,GSE120805
CBR3-AS1,1,0.8367346794,GSE120805
RPL24P6,-1,NA,GSE120805
NIFK-AS1,1,0.1464322322,GSE120805
ZKSCAN7-AS1,1,0.8586093738,GSE120805
LINC00106,1,0.4572384317,GSE120805
PPIAP36,1,0.5204657928,GSE120805
LINC01554,-1,0.01289522084,GSE120805
ASS1P7,1,NA,GSE120805
MIR600HG,1,0.8304391212,GSE120805
RPS13P3,-1,NA,GSE120805
LINC01852,1,0.1289893499,GSE120805
DNAJA1P2,1,NA,GSE120805
RPL35AP37,-1,NA,GSE120805
PTGES3P4,-1,0.6727168549,GSE120805
LOC391711,1,NA,GSE120805
GAPDHP51,-1,NA,GSE120805
RPL6P20,-1,NA,GSE120805
ANKRD44-IT1,-1,0.9655915681,GSE120805
RPL12P12,-1,0.3139906906,GSE120805
KRT18P52,1,0.8209133446,GSE120805
LINC01812,1,NA,GSE120805
LOC100129456,-1,NA,GSE120805
RPSAP7,1,NA,GSE120805
CASP3P1,1,NA,GSE120805
ZEB1-AS1,1,0.2032770253,GSE120805
NDUFA6-DT,1,0.7242829816,GSE120805
RPL34P1,-1,NA,GSE120805
PRMT5-AS1,1,0.978426292,GSE120805
LOC124903285,1,0.978426292,GSE120805
EIF3IP1,1,0.448366747,GSE120805
EHMT2-AS1,-1,NA,GSE120805
RPL7AP48,1,NA,GSE120805
LOC101927164,1,0.9454137646,GSE120805
RPL21P111,-1,NA,GSE120805
HAND2-AS1,1,0.7957966231,GSE120805
DDX10P1,-1,0.5330508685,GSE120805
C4orf51,-1,NA,GSE120805
ZNF503-AS2,-1,0.5850079403,GSE120805
RPS20P9,1,NA,GSE120805
B3GNT9,1,0.06112352552,GSE120805
LOC100996696,-1,NA,GSE120805
PRKAR1B-AS1,1,7.35E-06,GSE120805
NR2F1-AS1,-1,1.76E-10,GSE120805
XTBD1,1,0.1550612834,GSE120805
RPS9P2,-1,0.9471667701,GSE120805
LINC01968,1,NA,GSE120805
RPS3AP39,1,NA,GSE120805
ZNF295-AS1,1,0.7954345062,GSE120805
BMS1P10,1,0.4778597234,GSE120805
PPIAP67,-1,0.8150269295,GSE120805
LINC01732,1,NA,GSE120805
SMG1P1,-1,0.8439774309,GSE120805
TTN-AS1,1,0.1276710737,GSE120805
LOC101927055,1,0.1276710737,GSE120805
MTCO1P19,-1,NA,GSE120805
HIGD1AP8,1,NA,GSE120805
LINC03011,1,2.19E-06,GSE120805
RPL12P39,-1,NA,GSE120805
RNF223,1,NA,GSE120805
PITRM1-AS1,-1,7.19E-05,GSE120805
NDUFA9P1,-1,0.6676640297,GSE120805
PRSS56,1,NA,GSE120805
MGC27382,-1,NA,GSE120805
FOXD2-AS1,-1,0.7343470475,GSE120805
RPSAP2,1,NA,GSE120805
LOC105376892,1,NA,GSE120805
RPSAP11,-1,0.8421543899,GSE120805
ASS1P12,-1,NA,GSE120805
ZNF737,-1,0.02940041627,GSE120805
RGL2,1,4.48E-05,GSE120805
HNRNPA1P57,-1,NA,GSE120805
CDC27P2,-1,NA,GSE120805
RPL23AP71,1,NA,GSE120805
MEIOSIN,-1,NA,GSE120805
BRINP3-DT,1,NA,GSE120805
LINC03209,-1,0.8907558158,GSE120805
ATP5PFP2,-1,NA,GSE120805
RPL7P53,-1,NA,GSE120805
LINC01637,1,0.1671638241,GSE120805
C10orf143,1,NA,GSE120805
LINC01409,-1,0.4464565624,GSE120805
OR2L9P,-1,NA,GSE120805
PKN2-AS1,1,0.06304560458,GSE120805
RPSAP15,-1,0.2274143985,GSE120805
UNC5B-AS1,1,0.000382497553,GSE120805
LINC00857,1,0.6089406483,GSE120805
TUBAP1,-1,NA,GSE120805
TIAM1-AS1,1,0.8487375786,GSE120805
LINC01275,1,0.1179254739,GSE120805
PDE7B-AS1,-1,NA,GSE120805
DYRK3-AS1,1,0.5828388116,GSE120805
OXCT2P1,1,0.3613250387,GSE120805
MTCO2P19,-1,NA,GSE120805
KIFC1,1,0.693087646,GSE120805
C2orf74,1,0.5105221781,GSE120805
LINC00316,-1,NA,GSE120805
SCIRT,-1,0.9688329382,GSE120805
IRGM,-1,0.2054168927,GSE120805
EEF1A1P28,1,0.1641845228,GSE120805
MTCO3P11,-1,NA,GSE120805
P4HA2-AS1,-1,NA,GSE120805
RPS5P8,-1,0.7741906147,GSE120805
RNGTTP1,1,NA,GSE120805
DCTN1-AS1,-1,NA,GSE120805
RNF216-IT1,-1,0.3550181972,GSE120805
HEY2-AS1,1,NA,GSE120805
NCKAP1P1,1,0.8859432095,GSE120805
FAM200B,1,0.007316923397,GSE120805
GGTA2P,-1,0.6875616894,GSE120805
LINC02631,1,NA,GSE120805
LOC101927609,1,0.447576886,GSE120805
RPL14P4,-1,0.8856917617,GSE120805
ADAMTSL4-AS2,1,0.3332298959,GSE120805
GLYR1P1,-1,0.7357051106,GSE120805
RPL18AP16,-1,NA,GSE120805
PIRAT1,1,0.5306798807,GSE120805
LINC02984,-1,0.1779109177,GSE120805
CAV2-DT,1,0.0868176893,GSE120805
RPS3AP29,1,NA,GSE120805
CDK6-AS1,-1,0.08355355797,GSE120805
RPS15AP29,1,0.1648760255,GSE120805
WASHC2FP,1,0.8828412901,GSE120805
EEF1A1P31,1,NA,GSE120805
LOC100506271,1,0.1336623192,GSE120805
LOC102724434,1,0.6289445139,GSE120805
DGUOK-AS1,1,0.8636370257,GSE120805
NALT1,1,0.2016927036,GSE120805
PARP4P1,-1,NA,GSE120805
RPL31P14,1,NA,GSE120805
PRKCQ-AS1,-1,0.0004402409047,GSE120805
LINC00649,1,0.005047043228,GSE120805
LOC101928126,1,0.005047043228,GSE120805
LOC102724768,-1,NA,GSE120805
LOC101929609,-1,0.6773279952,GSE120805
RPL7AP73,1,NA,GSE120805
TUBG1P,-1,0.9336842607,GSE120805
MTCO1P12,-1,0.7714170942,GSE120805
RFX5-AS1,1,0.1142184437,GSE120805
LINC01679,1,0.4641642149,GSE120805
RPL35P1,-1,NA,GSE120805
ACTG1P19,-1,NA,GSE120805
PSME2P1,-1,0.7407816205,GSE120805
RPL10P4,-1,0.5271319866,GSE120805
LNCATV,1,0.6985432142,GSE120805
RPL23P3,-1,NA,GSE120805
ZEB2-AS1,-1,0.777860414,GSE120805
SPATA3-AS1,-1,NA,GSE120805
RPLP0P7,1,NA,GSE120805
LRRC37A,1,0.2314022307,GSE120805
LRRC37A2,1,0.2314022307,GSE120805
LOC100421336,-1,0.9981882729,GSE120805
LINC01625,-1,0.6438340277,GSE120805
RPL9P7,1,NA,GSE120805
LOC124904403,-1,NA,GSE120805
RNF14P3,-1,NA,GSE120805
PTGER4P2-CDK2AP2P2,1,0.121108414,GSE120805
LINC01410,1,0.121108414,GSE120805
RAD21P1,-1,0.9855006059,GSE120805
NTM-AS3,-1,NA,GSE120805
LINC00426,-1,NA,GSE120805
MAP3K20-AS1,1,NA,GSE120805
BRWD1-AS1,1,NA,GSE120805
BRWD1-AS2,1,NA,GSE120805
LOC105376805,1,0.3656640656,GSE120805
LINC02863,1,0.3834540697,GSE120805
RPS2P35,-1,0.3079981778,GSE120805
RPL21P34,1,NA,GSE120805
AHCYP2,1,NA,GSE120805
CD81-AS1,-1,0.8988879981,GSE120805
HADHBP1,1,0.5057884996,GSE120805
PAXBP1-AS1,1,0.0003033644883,GSE120805
LRIG2-DT,1,0.714858405,GSE120805
LINC02096,-1,NA,GSE120805
TARDBPP2,-1,NA,GSE120805
TMEM250,-1,0.2043408186,GSE120805
OR7E7P,-1,0.8543117119,GSE120805
OR2W3,-1,7.01E-06,GSE120805
RDXP3,1,0.5727185573,GSE120805
RPL21P88,-1,NA,GSE120805
CENPPP1,-1,NA,GSE120805
LOC124906145,1,NA,GSE120805
LOC124901861,1,NA,GSE120805
SNORD121B,-1,NA,GSE120805
SNORD13E,1,0.6240407166,GSE120805
SNORD11,-1,0.1892314285,GSE120805
SNORA13,-1,0.002763286945,GSE120805
RNU7-48P,-1,NA,GSE120805
LOC124900469,1,0.7030203671,GSE120805
RNU7-171P,1,NA,GSE120805
SNORD42B,1,0.6058345269,GSE120805
RNU7-136P,1,NA,GSE120805
SNORD105B,-1,0.6388848612,GSE120805
RNU1-88P,1,0.7532021527,GSE120805